run_id,point_index,lambda,busdc_row,dc_bus_ext,VDC,PDC
beerten_vsc,1,0,1,2,1,1.00801311468834
beerten_vsc,1,0,2,3,1,1
beerten_vsc,1,0,3,5,1,0.998012701937378
beerten_vsc,2,0.0480032705390103,1,2,1,1.00801310199411
beerten_vsc,2,0.0480032705390103,2,3,1,1
beerten_vsc,2,0.0480032705390103,3,5,1,0.998012671618042
beerten_vsc,3,0.095917723529024,1,2,1,1.00801308917441
beerten_vsc,3,0.095917723529024,2,3,1,1
beerten_vsc,3,0.095917723529024,3,5,1,0.998012640999019
beerten_vsc,4,0.143734049853587,1,2,1,1.00801307623015
beerten_vsc,4,0.143734049853587,2,3,1,1
beerten_vsc,4,0.143734049853587,3,5,1,0.998012610082514
beerten_vsc,5,0.191446075536176,1,2,1,1.00801306316148
beerten_vsc,5,0.191446075536176,2,3,1,1
beerten_vsc,5,0.191446075536176,3,5,1,0.99801257886886
beerten_vsc,6,0.239049534026348,1,2,1,1.00801304996806
beerten_vsc,6,0.239049534026348,2,3,1,1
beerten_vsc,6,0.239049534026348,3,5,1,0.998012547357229
beerten_vsc,7,0.286541107969498,1,2,1,1.00801303664928
beerten_vsc,7,0.286541107969498,2,3,1,1
beerten_vsc,7,0.286541107969498,3,5,1,0.998012515546199
beerten_vsc,8,0.333917794818074,1,2,1,1.00801302320447
beerten_vsc,8,0.333917794818074,2,3,1,1
beerten_vsc,8,0.333917794818074,3,5,1,0.998012483434153
beerten_vsc,9,0.3811765345731,1,2,1,1.00801300963297
beerten_vsc,9,0.3811765345731,2,3,1,1
beerten_vsc,9,0.3811765345731,3,5,1,0.998012451019527
beerten_vsc,10,0.42831401556458,1,2,1,1.00801299593422
beerten_vsc,10,0.42831401556458,2,3,1,1
beerten_vsc,10,0.42831401556458,3,5,1,0.998012418300944
beerten_vsc,11,0.475326589102565,1,2,1,1.00801298210773
beerten_vsc,11,0.475326589102565,2,3,1,1
beerten_vsc,11,0.475326589102565,3,5,1,0.998012385277291
beerten_vsc,12,0.522210245798959,1,2,1,1.00801296815317
beerten_vsc,12,0.522210245798959,2,3,1,1
beerten_vsc,12,0.522210245798959,3,5,1,0.99801235194775
beerten_vsc,13,0.568960624407158,1,2,1,1.00801295407033
beerten_vsc,13,0.568960624407158,2,3,1,1
beerten_vsc,13,0.568960624407158,3,5,1,0.998012318311807
beerten_vsc,14,0.615573036351049,1,2,1,1.00801293985912
beerten_vsc,14,0.615573036351049,2,3,1,1
beerten_vsc,14,0.615573036351049,3,5,1,0.998012284369257
beerten_vsc,15,0.662042496697028,1,2,1,1.00801292551957
beerten_vsc,15,0.662042496697028,2,3,1,1
beerten_vsc,15,0.662042496697028,3,5,1,0.998012250120193
beerten_vsc,16,0.70836375679328,1,2,1,1.00801291105186
beerten_vsc,16,0.70836375679328,2,3,1,1
beerten_vsc,16,0.70836375679328,3,5,1,0.998012215565006
beerten_vsc,17,0.754531336278256,1,2,1,1.00801289645626
beerten_vsc,17,0.754531336278256,2,3,1,1
beerten_vsc,17,0.754531336278256,3,5,1,0.99801218070437
beerten_vsc,18,0.800539553508722,1,2,1,1.00801288173317
beerten_vsc,18,0.800539553508722,2,3,1,1
beerten_vsc,18,0.800539553508722,3,5,1,0.998012145539239
beerten_vsc,19,0.846382554151754,1,2,1,1.00801286688311
beerten_vsc,19,0.846382554151754,2,3,1,1
beerten_vsc,19,0.846382554151754,3,5,1,0.998012110070839
beerten_vsc,20,0.892054337999927,1,2,1,1.00801285190669
beerten_vsc,20,0.892054337999927,2,3,1,1
beerten_vsc,20,0.892054337999927,3,5,1,0.998012074300659
beerten_vsc,21,0.937548784233186,1,2,1,1.00801283680466
beerten_vsc,21,0.937548784233186,2,3,1,1
beerten_vsc,21,0.937548784233186,3,5,1,0.998012038230446
beerten_vsc,22,0.982859675351838,1,2,1,1.00801282157784
beerten_vsc,22,0.982859675351838,2,3,1,1
beerten_vsc,22,0.982859675351838,3,5,1,0.998012001862198
beerten_vsc,23,1.02798072003678,1,2,1,1.00801280622719
beerten_vsc,23,1.02798072003678,2,3,1,1
beerten_vsc,23,1.02798072003678,3,5,1,0.998011965198159
beerten_vsc,24,1.07290557509939,1,2,1,1.00801279075372
beerten_vsc,24,1.07290557509939,2,3,1,1
beerten_vsc,24,1.07290557509939,3,5,1,0.998011928240807
beerten_vsc,25,1.11762786672356,1,2,1,1.00801277515859
beerten_vsc,25,1.11762786672356,2,3,1,1
beerten_vsc,25,1.11762786672356,3,5,1,0.998011890992856
beerten_vsc,26,1.16214121106092,1,2,1,1.00801275944302
beerten_vsc,26,1.16214121106092,2,3,1,1
beerten_vsc,26,1.16214121106092,3,5,1,0.998011853457238
beerten_vsc,27,1.20643923429986,1,2,1,1.00801274360832
beerten_vsc,27,1.20643923429986,2,3,1,1
beerten_vsc,27,1.20643923429986,3,5,1,0.998011815637102
beerten_vsc,28,1.2505155922229,1,2,1,1.0080127276559
beerten_vsc,28,1.2505155922229,2,3,1,1
beerten_vsc,28,1.2505155922229,3,5,1,0.998011777535804
beerten_vsc,29,1.29436398927509,1,2,1,1.00801275294173
beerten_vsc,29,1.29436398927509,2,3,1,1
beerten_vsc,29,1.29436398927509,3,5,1,0.998011837929354
beerten_vsc,30,1.33805527008198,1,2,1,1.00801273687728
beerten_vsc,30,1.33805527008198,2,3,1,1
beerten_vsc,30,1.33805527008198,3,5,1,0.99801179956047
beerten_vsc,31,1.3815074463013,1,2,1,1.00801276223998
beerten_vsc,31,1.3815074463013,2,3,1,1
beerten_vsc,31,1.3815074463013,3,5,1,0.998011860137598
beerten_vsc,32,1.42479497889371,1,2,1,1.00801274607259
beerten_vsc,32,1.42479497889371,2,3,1,1
beerten_vsc,32,1.42479497889371,3,5,1,0.998011821522842
beerten_vsc,33,1.46783249613293,1,2,1,1.00801272984038
beerten_vsc,33,1.46783249613293,2,3,1,1
beerten_vsc,33,1.46783249613293,3,5,1,0.998011782753279
beerten_vsc,34,1.50906125401351,1,2,1,1.00801275606976
beerten_vsc,34,1.50906125401351,2,3,1,1
beerten_vsc,34,1.50906125401351,3,5,1,0.998011845400443
beerten_vsc,35,1.55011430797013,1,2,1,1.00801274045652
beerten_vsc,35,1.55011430797013,2,3,1,1
beerten_vsc,35,1.55011430797013,3,5,1,0.998011808109248
beerten_vsc,36,1.5909053199733,1,2,1,1.00801272476061
beerten_vsc,36,1.5909053199733,2,3,1,1
beerten_vsc,36,1.5909053199733,3,5,1,0.998011770620588
beerten_vsc,37,1.63142869349551,1,2,1,1.00801270898425
beerten_vsc,37,1.63142869349551,2,3,1,1
beerten_vsc,37,1.63142869349551,3,5,1,0.998011732939787
beerten_vsc,38,1.67167901648536,1,2,1,1.00801269312972
beerten_vsc,38,1.67167901648536,2,3,1,1
beerten_vsc,38,1.67167901648536,3,5,1,0.99801169507229
beerten_vsc,39,1.71165107496075,1,2,1,1.00801267719934
beerten_vsc,39,1.71165107496075,2,3,1,1
beerten_vsc,39,1.71165107496075,3,5,1,0.998011657023626
beerten_vsc,40,1.75133986636763,1,2,1,1.00801266119546
beerten_vsc,40,1.75133986636763,2,3,1,1
beerten_vsc,40,1.75133986636763,3,5,1,0.998011618799394
beerten_vsc,41,1.79074061185469,1,2,1,1.00801264512043
beerten_vsc,41,1.79074061185469,2,3,1,1
beerten_vsc,41,1.79074061185469,3,5,1,0.998011580405242
beerten_vsc,42,1.82984876736177,1,2,1,1.00801262897664
beerten_vsc,42,1.82984876736177,2,3,1,1
beerten_vsc,42,1.82984876736177,3,5,1,0.998011541846861
beerten_vsc,43,1.86866003351164,1,2,1,1.00801261276648
beerten_vsc,43,1.86866003351164,2,3,1,1
beerten_vsc,43,1.86866003351164,3,5,1,0.998011503129961
beerten_vsc,44,1.90717036424525,1,2,1,1.00801259649235
beerten_vsc,44,1.90717036424525,2,3,1,1
beerten_vsc,44,1.90717036424525,3,5,1,0.99801146426026
beerten_vsc,45,1.94537597416815,1,2,1,1.0080125646149
beerten_vsc,45,1.94537597416815,2,3,1,1
beerten_vsc,45,1.94537597416815,3,5,1,0.998011388123073
beerten_vsc,46,1.99061771697406,1,2,1,1.00801253731429
beerten_vsc,46,1.99061771697406,2,3,1,1
beerten_vsc,46,1.99061771697406,3,5,1,0.998011322917349
beerten_vsc,47,2.03579636348466,1,2,1,1.00801250952937
beerten_vsc,47,2.03579636348466,2,3,1,1
beerten_vsc,47,2.03579636348466,3,5,1,0.998011256554897
beerten_vsc,48,2.08090993458524,1,2,1,1.00801248124556
beerten_vsc,48,2.08090993458524,2,3,1,1
beerten_vsc,48,2.08090993458524,3,5,1,0.998011189000883
beerten_vsc,49,2.12595636117513,1,2,1,1.00801245244763
beerten_vsc,49,2.12595636117513,2,3,1,1
beerten_vsc,49,2.12595636117513,3,5,1,0.998011120218904
beerten_vsc,50,2.17093347924085,1,2,1,1.00801242449241
beerten_vsc,50,2.17093347924085,2,3,1,1
beerten_vsc,50,2.17093347924085,3,5,1,0.998011053449704
beerten_vsc,51,2.21585384385736,1,2,1,1.00801239468041
beerten_vsc,51,2.21585384385736,2,3,1,1
beerten_vsc,51,2.21585384385736,3,5,1,0.998010982245689
beerten_vsc,52,2.26070087176129,1,2,1,1.00801236430727
beerten_vsc,52,2.26070087176129,2,3,1,1
beerten_vsc,52,2.26070087176129,3,5,1,0.998010909701455
beerten_vsc,53,2.30547211499076,1,2,1,1.00801233335494
beerten_vsc,53,2.30547211499076,2,3,1,1
beerten_vsc,53,2.30547211499076,3,5,1,0.998010835773833
beerten_vsc,54,2.35016500647105,1,2,1,1.00801204352193
beerten_vsc,54,2.35016500647105,2,3,1,1
beerten_vsc,54,2.35016500647105,3,5,1,0.998010563332116
beerten_vsc,55,2.38935321253561,1,2,1,1.00801170608364
beerten_vsc,55,2.38935321253561,2,3,1,1
beerten_vsc,55,2.38935321253561,3,5,1,0.99801025756718
beerten_vsc,56,2.42801877288693,1,2,1,1.00801138310392
beerten_vsc,56,2.42801877288693,2,3,1,1
beerten_vsc,56,2.42801877288693,3,5,1,0.99800996314703
beerten_vsc,57,2.46618802429249,1,2,1,1.00801102143407
beerten_vsc,57,2.46618802429249,2,3,1,1
beerten_vsc,57,2.46618802429249,3,5,1,0.998009632697631
beerten_vsc,58,2.50375227409579,1,2,1,1.00801034345724
beerten_vsc,58,2.50375227409579,2,3,1,1
beerten_vsc,58,2.50375227409579,3,5,1,0.99800901991568
beerten_vsc,59,2.5403306887546,1,2,1,1.00800997754814
beerten_vsc,59,2.5403306887546,2,3,1,1
beerten_vsc,59,2.5403306887546,3,5,1,0.998008680729178
beerten_vsc,60,2.57626155992141,1,2,1,1.00800956168542
beerten_vsc,60,2.57626155992141,2,3,1,1
beerten_vsc,60,2.57626155992141,3,5,1,0.998008294088018
beerten_vsc,61,2.61139017132408,1,2,1,1.00800912834483
beerten_vsc,61,2.61139017132408,2,3,1,1
beerten_vsc,61,2.61139017132408,3,5,1,0.998007888984361
beerten_vsc,62,2.64564391760841,1,2,1,1.00800872200498
beerten_vsc,62,2.64564391760841,2,3,1,1
beerten_vsc,62,2.64564391760841,3,5,1,0.998007506179046
beerten_vsc,63,2.67908031877032,1,2,1,1.00800825330082
beerten_vsc,63,2.67908031877032,2,3,1,1
beerten_vsc,63,2.67908031877032,3,5,1,0.998007062985117
beerten_vsc,64,2.71148973302085,1,2,1,1.00800737078527
beerten_vsc,64,2.71148973302085,2,3,1,1
beerten_vsc,64,2.71148973302085,3,5,1,0.998006232737472
beerten_vsc,65,2.74210601831454,1,2,1,1.00800684184433
beerten_vsc,65,2.74210601831454,2,3,1,1
beerten_vsc,65,2.74210601831454,3,5,1,0.99800572356163
beerten_vsc,66,2.77142345334457,1,2,1,1.0080062883295
beerten_vsc,66,2.77142345334457,2,3,1,1
beerten_vsc,66,2.77142345334457,3,5,1,0.998005186718885
beerten_vsc,67,2.7993212496859,1,2,1,1.00800570884869
beerten_vsc,67,2.7993212496859,2,3,1,1
beerten_vsc,67,2.7993212496859,3,5,1,0.998004620198942
beerten_vsc,68,2.8256695601568,1,2,1,1.00800510202236
beerten_vsc,68,2.8256695601568,2,3,1,1
beerten_vsc,68,2.8256695601568,3,5,1,0.998004021904597
beerten_vsc,69,2.85033044007157,1,2,1,1.00800378608215
beerten_vsc,69,2.85033044007157,2,3,1,1
beerten_vsc,69,2.85033044007157,3,5,1,0.998002722123795
beerten_vsc,70,2.871463674602,1,2,1,1.00800308736989
beerten_vsc,70,2.871463674602,2,3,1,1
beerten_vsc,70,2.871463674602,3,5,1,0.99800201386346
beerten_vsc,71,2.89046473589026,1,2,1,1.00800235607978
beerten_vsc,71,2.89046473589026,2,3,1,1
beerten_vsc,71,2.89046473589026,3,5,1,0.998001264543461
beerten_vsc,72,2.90718394113907,1,2,1,1.0080015914968
beerten_vsc,72,2.90718394113907,2,3,1,1
beerten_vsc,72,2.90718394113907,3,5,1,0.998000472076293
beerten_vsc,73,2.91464090596082,1,2,1,1.00799986303034
beerten_vsc,73,2.91464090596082,2,3,1,1
beerten_vsc,73,2.91464090596082,3,5,1,0.99799866476287
beerten_vsc,74,2.92369948007252,1,2,1,1.00799898946102
beerten_vsc,74,2.92369948007252,2,3,1,1
beerten_vsc,74,2.92369948007252,3,5,1,0.997997723391575
beerten_vsc,75,2.92999530031736,1,2,1,1.00799808250032
beerten_vsc,75,2.92999530031736,2,3,1,1
beerten_vsc,75,2.92999530031736,3,5,1,0.99799673172843
beerten_vsc,76,2.93058505271814,1,2,1,1.00799796690095
beerten_vsc,76,2.93058505271814,2,3,1,1
beerten_vsc,76,2.93058505271814,3,5,1,0.997996604261843
beerten_vsc,77,2.93060719857674,1,2,1,1.0079979623752
beerten_vsc,77,2.93060719857674,2,3,1,1
beerten_vsc,77,2.93060719857674,3,5,1,0.997996599266505
beerten_vsc,78,2.93061410869532,1,2,1,1.00799796096078
beerten_vsc,78,2.93061410869532,2,3,1,1
beerten_vsc,78,2.93061410869532,3,5,1,0.997996597705271
beerten_vsc,79,2.93061842342854,1,2,1,1.00799796007673
beerten_vsc,79,2.93061842342854,2,3,1,1
beerten_vsc,79,2.93061842342854,3,5,1,0.997996596729426
beerten_vsc,80,2.9306190972061,1,2,1,1.00799795993859
beerten_vsc,80,2.9306190972061,2,3,1,1
beerten_vsc,80,2.9306190972061,3,5,1,0.997996596576943
beerten_vsc,81,2.93061920247409,1,2,1,1.007997959917
beerten_vsc,81,2.93061920247409,2,3,1,1
beerten_vsc,81,2.93061920247409,3,5,1,0.997996596553117
beerten_vsc,82,2.93061921892198,1,2,1,1.00799795991363
beerten_vsc,82,2.93061921892198,2,3,1,1
beerten_vsc,82,2.93061921892198,3,5,1,0.997996596549394
