run_id,point_index,lambda,source,trace_row,gen_idx,bus_ext,PG,QG,QMAX,QMIN,PMAX,PMIN,status,warmstart
beerten_vsc,1,0,cpf.gen,1,1,1,133.773171985562,84.2848806305282,500,-500,500,-500,1,0
beerten_vsc,1,0,cpf.gen,2,2,2,40,-30.1165906484918,300,-300,300,0,1,0
beerten_vsc,2,0.0480032705390103,cpf.gen,1,1,1,138.014277729567,83.1194478817511,500,-500,500,-500,1,0
beerten_vsc,2,0.0480032705390103,cpf.gen,2,2,2,43.9602698194684,-28.9863954037246,300,-300,300,0,1,0
beerten_vsc,3,0.095917723529024,cpf.gen,1,1,1,142.26837874432,81.9624199576729,500,-500,500,-500,1,0
beerten_vsc,3,0.095917723529024,cpf.gen,2,2,2,47.9132121911445,-27.8255121077968,300,-300,300,0,1,0
beerten_vsc,4,0.143734049853587,cpf.gen,1,1,1,146.534624714361,80.8140922517731,500,-500,500,-500,1,0
beerten_vsc,4,0.143734049853587,cpf.gen,2,2,2,51.8580591129209,-26.6341043668356,300,-300,300,0,1,0
beerten_vsc,5,0.191446075536176,cpf.gen,1,1,1,150.812437668411,79.6746786989022,500,-500,500,-500,1,0
beerten_vsc,5,0.191446075536176,cpf.gen,2,2,2,55.7943012317345,-25.4122776812374,300,-300,300,0,1,0
beerten_vsc,6,0.239049534026348,cpf.gen,1,1,1,155.101412254333,78.5443417515904,500,-500,500,-500,1,0
beerten_vsc,6,0.239049534026348,cpf.gen,2,2,2,59.7215865571737,-24.1601011736555,300,-300,300,0,1,0
beerten_vsc,7,0.286541107969498,cpf.gen,1,1,1,159.401234171872,77.4232159628589,500,-500,500,-500,1,0
beerten_vsc,7,0.286541107969498,cpf.gen,2,2,2,63.6396414074836,-22.8776270550211,300,-300,300,0,1,0
beerten_vsc,8,0.333917794818074,cpf.gen,1,1,1,163.711623843984,76.3114237187808,500,-500,500,-500,1,0
beerten_vsc,8,0.333917794818074,cpf.gen,2,2,2,67.5482180724911,-21.5649050534288,300,-300,300,0,1,0
beerten_vsc,9,0.3811765345731,cpf.gen,1,1,1,168.03230164931,75.2090845519144,500,-500,500,-500,1,0
beerten_vsc,9,0.3811765345731,cpf.gen,2,2,2,71.4470641022808,-20.221992030004,300,-300,300,0,1,0
beerten_vsc,10,0.42831401556458,cpf.gen,1,1,1,172.362968358359,74.1163200555758,500,-500,500,-500,1,0
beerten_vsc,10,0.42831401556458,cpf.gen,2,2,2,75.3359062840779,-18.8489579562193,300,-300,300,0,1,0
beerten_vsc,11,0.475326589102565,cpf.gen,1,1,1,176.703295204372,73.0332560799138,500,-500,500,-500,1,0
beerten_vsc,11,0.475326589102565,cpf.gen,2,2,2,79.2144436009616,-17.4458894711018,300,-300,300,0,1,0
beerten_vsc,12,0.522210245798959,cpf.gen,1,1,1,181.052919642668,71.9600233672778,500,-500,500,-500,1,0
beerten_vsc,12,0.522210245798959,cpf.gen,2,2,2,83.0823452784141,-16.0128919321558,300,-300,300,0,1,0
beerten_vsc,13,0.568960624407158,cpf.gen,1,1,1,185.411444288369,70.8967573473535,500,-500,500,-500,1,0
beerten_vsc,13,0.568960624407158,cpf.gen,2,2,2,86.9392515135905,-14.5500905605747,300,-300,300,0,1,0
beerten_vsc,14,0.615573036351049,cpf.gen,1,1,1,189.778437533007,69.8435975139571,500,-500,500,-500,1,0
beerten_vsc,14,0.615573036351049,cpf.gen,2,2,2,90.7847754989616,-13.0576310728628,300,-300,300,0,1,0
beerten_vsc,15,0.662042496697028,cpf.gen,1,1,1,194.153434988208,68.8006866182689,500,-500,500,-500,1,0
beerten_vsc,15,0.662042496697028,cpf.gen,2,2,2,94.6185059775048,-11.5356800137916,300,-300,300,0,1,0
beerten_vsc,16,0.70836375679328,cpf.gen,1,1,1,198.535941291264,67.7681698036823,500,-500,500,-500,1,0
beerten_vsc,16,0.70836375679328,cpf.gen,2,2,2,98.4400099354456,-9.98442491360856,300,-300,300,0,1,0
beerten_vsc,17,0.754531336278256,cpf.gen,1,1,1,202.925432034082,66.7461937445988,500,-500,500,-500,1,0
beerten_vsc,17,0.754531336278256,cpf.gen,2,2,2,102.248835242956,-8.40407435108921,300,-300,300,0,1,0
beerten_vsc,18,0.800539553508722,cpf.gen,1,1,1,207.321355698681,65.7349058183438,500,-500,500,-500,1,0
beerten_vsc,18,0.800539553508722,cpf.gen,2,2,2,106.04451316447,-6.7948579379883,300,-300,300,0,1,0
beerten_vsc,19,0.846382554151754,cpf.gen,1,1,1,211.723135553607,64.7344533206985,500,-500,500,-500,1,0
beerten_vsc,19,0.846382554151754,cpf.gen,2,2,2,109.82656071752,-5.1570262586846,300,-300,300,0,1,0
beerten_vsc,20,0.892054337999927,cpf.gen,1,1,1,216.130171498401,63.7449827272023,500,-500,500,-500,1,0
beerten_vsc,20,0.892054337999927,cpf.gen,2,2,2,113.594482884994,-3.49085075370272,300,-300,300,0,1,0
beerten_vsc,21,0.937548784233186,cpf.gen,1,1,1,220.541841861336,62.7666389981028,500,-500,500,-500,1,0
beerten_vsc,21,0.937548784233186,cpf.gen,2,2,2,117.347774699238,-1.79662356013876,300,-300,300,0,1,0
beerten_vsc,22,0.982859675351838,cpf.gen,1,1,1,224.957505162985,61.7995649233319,500,-500,500,-500,1,0
beerten_vsc,22,0.982859675351838,cpf.gen,2,2,2,121.085923216527,-0.0746572926885847,300,-300,300,0,1,0
beerten_vsc,23,1.02798072003678,cpf.gen,1,1,1,229.37650185671,60.843900504483,500,-500,500,-500,1,0
beerten_vsc,23,1.02798072003678,cpf.gen,2,2,2,124.808409403035,1.67471522762418,300,-300,300,0,1,0
beerten_vsc,24,1.07290557509939,cpf.gen,1,1,1,233.798156061827,59.8997823699486,500,-500,500,-500,1,0
beerten_vsc,24,1.07290557509939,cpf.gen,2,2,2,128.514709945699,3.45114131078401,300,-300,300,0,1,0
beerten_vsc,25,1.11762786672356,cpf.gen,1,1,1,238.221777296183,58.9673432216877,500,-500,500,-500,1,0
beerten_vsc,25,1.11762786672356,cpf.gen,2,2,2,132.204299004694,5.25424879401942,300,-300,300,0,1,0
beerten_vsc,26,1.16214121106092,cpf.gen,1,1,1,242.646662217445,58.0467113115524,500,-500,500,-500,1,0
beerten_vsc,26,1.16214121106092,cpf.gen,2,2,2,135.876649912526,7.08364651351366,300,-300,300,0,1,0
beerten_vsc,27,1.20643923429986,cpf.gen,1,1,1,247.072096378161,57.138009946259,500,-500,500,-500,1,0
beerten_vsc,27,1.20643923429986,cpf.gen,2,2,2,139.531236829739,8.93892483945086,300,-300,300,0,1,0
beerten_vsc,28,1.2505155922229,cpf.gen,1,1,1,251.497355993753,56.2413570213228,500,-500,500,-500,1,0
beerten_vsc,28,1.2505155922229,cpf.gen,2,2,2,143.16753635839,10.8196562816731,300,-300,300,0,1,0
beerten_vsc,29,1.29436398927509,cpf.gen,1,1,1,255.828551375785,55.3740348377369,500,-500,500,-500,1,0
beerten_vsc,29,1.29436398927509,cpf.gen,2,2,2,146.785029115195,9.21592482778891,300,-300,300,0,1,0
beerten_vsc,30,1.33805527008198,cpf.gen,1,1,1,260.254902947507,54.5008064930223,500,-500,500,-500,1,0
beerten_vsc,30,1.33805527008198,cpf.gen,2,2,2,150.389559781764,11.1528832435908,300,-300,300,0,1,0
beerten_vsc,31,1.3815074463013,cpf.gen,1,1,1,264.591478746287,53.6551680141546,500,-500,500,-500,1,0
beerten_vsc,31,1.3815074463013,cpf.gen,2,2,2,153.974364319857,9.58674922011886,300,-300,300,0,1,0
beerten_vsc,32,1.42479497889371,cpf.gen,1,1,1,269.016495657852,52.8057327047757,500,-500,500,-500,1,0
beerten_vsc,32,1.42479497889371,cpf.gen,2,2,2,157.545585758731,11.5782574252133,300,-300,300,0,1,0
beerten_vsc,33,1.46783249613293,cpf.gen,1,1,1,274.605440931339,51.719009979002,500,-500,500,-500,1,0
beerten_vsc,33,1.46783249613293,cpf.gen,2,2,2,160,14.0313420881426,300,-300,300,0,1,0
beerten_vsc,34,1.50906125401351,cpf.gen,1,1,1,282.406539432892,50.1756438110289,500,-500,500,-500,1,0
beerten_vsc,34,1.50906125401351,cpf.gen,2,2,2,160,13.8208339942109,300,-300,300,0,1,0
beerten_vsc,35,1.55011430797013,cpf.gen,1,1,1,290.288704725,48.6518169908342,500,-500,500,-500,1,0
beerten_vsc,35,1.55011430797013,cpf.gen,2,2,2,160,17.1876038105288,300,-300,300,0,1,0
beerten_vsc,36,1.5909053199733,cpf.gen,1,1,1,298.153285136697,47.1638638907849,500,-500,500,-500,1,0
beerten_vsc,36,1.5909053199733,cpf.gen,2,2,2,160,20.578891424443,300,-300,300,0,1,0
beerten_vsc,37,1.63142869349551,cpf.gen,1,1,1,305.998912334223,45.7117444567585,500,-500,500,-500,1,0
beerten_vsc,37,1.63142869349551,cpf.gen,2,2,2,160,23.9938228724898,300,-300,300,0,1,0
beerten_vsc,38,1.67167901648536,cpf.gen,1,1,1,313.824234388361,44.2953966419831,500,-500,500,-500,1,0
beerten_vsc,38,1.67167901648536,cpf.gen,2,2,2,160,27.4315127492953,300,-300,300,0,1,0
beerten_vsc,39,1.71165107496075,cpf.gen,1,1,1,321.627919110016,42.9147363491861,500,-500,500,-500,1,0
beerten_vsc,39,1.71165107496075,cpf.gen,2,2,2,160,30.891066528536,300,-300,300,0,1,0
beerten_vsc,40,1.75133986636763,cpf.gen,1,1,1,329.408657253618,41.5696574753597,500,-500,500,-500,1,0
beerten_vsc,40,1.75133986636763,cpf.gen,2,2,2,160,34.371582559634,300,-300,300,0,1,0
beerten_vsc,41,1.79074061185469,cpf.gen,1,1,1,337.165165585702,40.2600320535614,500,-500,500,-500,1,0
beerten_vsc,41,1.79074061185469,cpf.gen,2,2,2,160,37.872154076271,300,-300,300,0,1,0
beerten_vsc,42,1.82984876736177,cpf.gen,1,1,1,344.896189793436,38.9857104905354,500,-500,500,-500,1,0
beerten_vsc,42,1.82984876736177,cpf.gen,2,2,2,160,41.3918712006038,300,-300,300,0,1,0
beerten_vsc,43,1.86866003351164,cpf.gen,1,1,1,352.600507220472,37.7465218960546,500,-500,500,-500,1,0
beerten_vsc,43,1.86866003351164,cpf.gen,2,2,2,160,44.9298229295314,300,-300,300,0,1,0
beerten_vsc,44,1.90717036424525,cpf.gen,1,1,1,360.276929417649,36.5422744996323,500,-500,500,-500,1,0
beerten_vsc,44,1.90717036424525,cpf.gen,2,2,2,160,48.4850990931478,300,-300,300,0,1,0
beerten_vsc,45,1.94537597416815,cpf.gen,1,1,1,367.752889931443,37.4385204411653,500,-500,500,-500,1,0
beerten_vsc,45,1.94537597416815,cpf.gen,2,2,2,160,58.0927078815192,300,-300,300,0,1,0
beerten_vsc,46,1.99061771697406,cpf.gen,1,1,1,376.774320901278,37.0774825197129,500,-500,500,-500,1,0
beerten_vsc,46,1.99061771697406,cpf.gen,2,2,2,160,65.3008716713805,300,-300,300,0,1,0
beerten_vsc,47,2.03579636348466,cpf.gen,1,1,1,385.83244378147,36.7627374305878,500,-500,500,-500,1,0
beerten_vsc,47,2.03579636348466,cpf.gen,2,2,2,160,72.6081715252722,300,-300,300,0,1,0
beerten_vsc,48,2.08090993458524,cpf.gen,1,1,1,394.927703060052,36.4949172972898,500,-500,500,-500,1,0
beerten_vsc,48,2.08090993458524,cpf.gen,2,2,2,160,80.0163519453043,300,-300,300,0,1,0
beerten_vsc,49,2.12595636117513,cpf.gen,1,1,1,404.060554615183,36.274673945504,500,-500,500,-500,1,0
beerten_vsc,49,2.12595636117513,cpf.gen,2,2,2,160,87.5272182089354,300,-300,300,0,1,0
beerten_vsc,50,2.17093347924085,cpf.gen,1,1,1,413.168562589992,36.0035756003008,500,-500,500,-500,1,0
beerten_vsc,50,2.17093347924085,cpf.gen,2,2,2,160,94.7061511243192,300,-300,300,0,1,0
beerten_vsc,51,2.21585384385736,cpf.gen,1,1,1,422.377460923785,35.8761707560888,500,-500,500,-500,1,0
beerten_vsc,51,2.21585384385736,cpf.gen,2,2,2,160,102.411367019659,300,-300,300,0,1,0
beerten_vsc,52,2.26070087176129,cpf.gen,1,1,1,431.625347480508,35.7982770732738,500,-500,500,-500,1,0
beerten_vsc,52,2.26070087176129,cpf.gen,2,2,2,160,110.224466800283,300,-300,300,0,1,0
beerten_vsc,53,2.30547211499076,cpf.gen,1,1,1,440.912723438482,35.7706269084982,500,-500,500,-500,1,0
beerten_vsc,53,2.30547211499076,cpf.gen,2,2,2,160,118.147499099601,300,-300,300,0,1,0
beerten_vsc,54,2.35016500647105,cpf.gen,1,1,1,450.585350125876,43.3927095678316,500,-500,500,-500,1,0
beerten_vsc,54,2.35016500647105,cpf.gen,2,2,2,160,120,120,120,300,0,1,0
beerten_vsc,55,2.38935321253561,cpf.gen,1,1,1,459.264799442986,52.4239586884298,500,-500,500,-500,1,0
beerten_vsc,55,2.38935321253561,cpf.gen,2,2,2,160,120,120,120,300,0,1,0
beerten_vsc,56,2.42801877288693,cpf.gen,1,1,1,467.815772996274,60.8679809609818,500,-500,500,-500,1,0
beerten_vsc,56,2.42801877288693,cpf.gen,2,2,2,160,120,120,120,300,0,1,0
beerten_vsc,57,2.46618802429249,cpf.gen,1,1,1,476.492389215615,70.3769331990321,500,-500,500,-500,1,0
beerten_vsc,57,2.46618802429249,cpf.gen,2,2,2,160,120,120,120,300,0,1,0
beerten_vsc,58,2.50375227409579,cpf.gen,1,1,1,485.755470316722,89.869056184421,500,-500,500,-500,1,0
beerten_vsc,58,2.50375227409579,cpf.gen,2,2,2,160,120,120,120,300,0,1,0
beerten_vsc,59,2.5403306887546,cpf.gen,1,1,1,494.24081471966,99.0622156377936,500,-500,500,-500,1,0
beerten_vsc,59,2.5403306887546,cpf.gen,2,2,2,160,120,120,120,300,0,1,0
beerten_vsc,60,2.57626155992141,cpf.gen,1,1,1,502.884599644731,109.544806997368,500,-500,500,-500,1,0
beerten_vsc,60,2.57626155992141,cpf.gen,2,2,2,160,120,120,120,300,0,1,0
beerten_vsc,61,2.61139017132408,cpf.gen,1,1,1,511.500849864578,120.333478329743,500,-500,500,-500,1,0
beerten_vsc,61,2.61139017132408,cpf.gen,2,2,2,160,120,120,120,300,0,1,0
beerten_vsc,62,2.64564391760841,cpf.gen,1,1,1,519.852857881451,130.180451170909,500,-500,500,-500,1,0
beerten_vsc,62,2.64564391760841,cpf.gen,2,2,2,160,120,120,120,300,0,1,0
beerten_vsc,63,2.67908031877032,cpf.gen,1,1,1,528.39694555699,141.54875346952,500,-500,500,-500,1,0
beerten_vsc,63,2.67908031877032,cpf.gen,2,2,2,160,120,120,120,300,0,1,0
beerten_vsc,64,2.71148973302085,cpf.gen,1,1,1,538.111071235001,164.167943160065,500,-500,500,-500,1,0
beerten_vsc,64,2.71148973302085,cpf.gen,2,2,2,160,120,120,120,300,0,1,0
beerten_vsc,65,2.74210601831454,cpf.gen,1,1,1,546.508806498078,176.443405214978,500,-500,500,-500,1,0
beerten_vsc,65,2.74210601831454,cpf.gen,2,2,2,160,120,120,120,300,0,1,0
beerten_vsc,66,2.77142345334457,cpf.gen,1,1,1,554.817179905939,189.068710654385,500,-500,500,-500,1,0
beerten_vsc,66,2.77142345334457,cpf.gen,2,2,2,160,120,120,120,300,0,1,0
beerten_vsc,67,2.7993212496859,cpf.gen,1,1,1,563.018333482453,202.045597632252,500,-500,500,-500,1,0
beerten_vsc,67,2.7993212496859,cpf.gen,2,2,2,160,120,120,120,300,0,1,0
beerten_vsc,68,2.8256695601568,cpf.gen,1,1,1,571.091991023783,215.372434431129,500,-500,500,-500,1,0
beerten_vsc,68,2.8256695601568,cpf.gen,2,2,2,160,120,120,120,300,0,1,0
beerten_vsc,69,2.85033044007157,cpf.gen,1,1,1,581.767295319048,245.033678743825,500,-500,500,-500,1,0
beerten_vsc,69,2.85033044007157,cpf.gen,2,2,2,160,120,120,120,300,0,1,0
beerten_vsc,70,2.871463674602,cpf.gen,1,1,1,589.369086412205,259.392015749053,500,-500,500,-500,1,0
beerten_vsc,70,2.871463674602,cpf.gen,2,2,2,160,120,120,120,300,0,1,0
beerten_vsc,71,2.89046473589026,cpf.gen,1,1,1,596.741173043655,274.056293181907,500,-500,500,-500,1,0
beerten_vsc,71,2.89046473589026,cpf.gen,2,2,2,160,120,120,120,300,0,1,0
beerten_vsc,72,2.90718394113907,cpf.gen,1,1,1,603.851449450247,288.996289876886,500,-500,500,-500,1,0
beerten_vsc,72,2.90718394113907,cpf.gen,2,2,2,160,120,120,120,300,0,1,0
beerten_vsc,73,2.91464090596082,cpf.gen,1,1,1,613.457084690746,322.862031418661,500,-500,500,-500,1,0
beerten_vsc,73,2.91464090596082,cpf.gen,2,2,2,160,120,120,120,300,0,1,0
beerten_vsc,74,2.92369948007252,cpf.gen,1,1,1,619.611919965384,338.471689757582,500,-500,500,-500,1,0
beerten_vsc,74,2.92369948007252,cpf.gen,2,2,2,160,120,120,120,300,0,1,0
beerten_vsc,75,2.92999530031736,cpf.gen,1,1,1,625.373396639183,354.167572321532,500,-500,500,-500,1,0
beerten_vsc,75,2.92999530031736,cpf.gen,2,2,2,160,120,120,120,300,0,1,0
beerten_vsc,76,2.93058505271814,cpf.gen,1,1,1,626.064152640755,356.131330961233,500,-500,500,-500,1,0
beerten_vsc,76,2.93058505271814,cpf.gen,2,2,2,160,120,120,120,300,0,1,0
beerten_vsc,77,2.93060719857674,cpf.gen,1,1,1,626.091001193028,356.208044736231,500,-500,500,-500,1,0
beerten_vsc,77,2.93060719857674,cpf.gen,2,2,2,160,120,120,120,300,0,1,0
beerten_vsc,78,2.93061410869532,cpf.gen,1,1,1,626.099389666407,356.232017859451,500,-500,500,-500,1,0
beerten_vsc,78,2.93061410869532,cpf.gen,2,2,2,160,120,120,120,300,0,1,0
beerten_vsc,79,2.93061842342854,cpf.gen,1,1,1,626.104631875427,356.247001075969,500,-500,500,-500,1,0
beerten_vsc,79,2.93061842342854,cpf.gen,2,2,2,160,120,120,120,300,0,1,0
beerten_vsc,80,2.9306190972061,cpf.gen,1,1,1,626.105450916815,356.249342204382,500,-500,500,-500,1,0
beerten_vsc,80,2.9306190972061,cpf.gen,2,2,2,160,120,120,120,300,0,1,0
beerten_vsc,81,2.93061920247409,cpf.gen,1,1,1,626.105578890719,356.249708005717,500,-500,500,-500,1,0
beerten_vsc,81,2.93061920247409,cpf.gen,2,2,2,160,120,120,120,300,0,1,0
beerten_vsc,82,2.93061921892198,cpf.gen,1,1,1,626.10559888661,356.249765162176,500,-500,500,-500,1,0
beerten_vsc,82,2.93061921892198,cpf.gen,2,2,2,160,120,120,120,300,0,1,0
