run_id,point_index,lambda,vsc_row,bus_ext,dc_bus_ext,PAC,QAC,PDC,VDC,VAC_PCC,VAC_INTERNAL,PLOSS
beerten_vsc,1,0,1,2,2,-60,-40,58.6710120921968,1.00801311468834,1,0.982845056350343,1.32898790780319
beerten_vsc,1,0,2,3,3,20.77098665482,8.15765848431316,-21.9297729271318,1,1,1.00316274406013,1.15878627248008
beerten_vsc,1,0,3,5,5,35,5,-36.2027500176849,0.998012701937378,0.990259398750071,0.992451532664003,1.20275001768493
beerten_vsc,2,0.0480032705390103,1,2,2,-60,-40,58.6710120921968,1.00801310199411,1,0.982845056350335,1.32898790780319
beerten_vsc,2,0.0480032705390103,2,3,3,20.7672705736818,11.0394984929434,-21.9295949789469,1,1,1.00428698097832,1.16232441057011
beerten_vsc,2,0.0480032705390103,3,5,5,35,5,-36.2029272439352,0.998012671618042,0.988881106229681,0.991076004088722,1.2029272439352
beerten_vsc,3,0.095917723529024,1,2,2,-60,-40,58.6710120921968,1.00801308917441,1,0.982845056350335,1.32898790780319
beerten_vsc,3,0.095917723529024,2,3,3,20.7626096741334,13.9462474886757,-21.9294152718646,1,1,1.00541840462018,1.16680560216042
beerten_vsc,3,0.095917723529024,3,5,5,35,5,-36.2031062219338,0.998012640999019,0.987493908981853,0.989691595209081,1.20310622193383
beerten_vsc,4,0.143734049853587,1,2,2,-60,-40,58.6710120921968,1.00801307623015,1,0.982845056350335,1.32898790780319
beerten_vsc,4,0.143734049853587,2,3,3,20.7570795427194,16.8774805897926,-21.9292338188161,1,1,1.0065568017546,1.17215427986381
beerten_vsc,4,0.143734049853587,3,5,5,35,5,-36.203286938803,0.998012610082514,0.98609802016934,0.988298518905521,1.203286938803
beerten_vsc,5,0.191446075536176,1,2,2,-60,-40,58.6710120921968,1.00801306316148,1,0.982845056350335,1.32898790780319
beerten_vsc,5,0.191446075536176,2,3,3,20.75075032429,19.8329481937763,-21.9290506217675,1,1,1.00770202862965,1.17830030074643
beerten_vsc,5,0.191446075536176,3,5,5,35,5,-36.2034693925839,0.99801257886886,0.984693567736229,0.986896903010004,1.20346939258386
beerten_vsc,6,0.239049534026348,1,2,2,-60,-40,58.6710120921968,1.00801304996806,1,0.982845056350334,1.32898790780319
beerten_vsc,6,0.239049534026348,2,3,3,20.7436825017396,22.8125101002407,-21.9288656758508,1,1,1.00885398478803,1.18518317700143
beerten_vsc,6,0.239049534026348,3,5,5,35,5,-36.2036535881291,0.998012547357229,0.983280627288475,0.985486823121604,1.20365358812907
beerten_vsc,7,0.286541107969498,1,2,2,-60,-40,58.6710120921968,1.00801303664928,1,0.982845056350335,1.32898790780319
beerten_vsc,7,0.286541107969498,2,3,3,20.7359258047745,25.8160811524695,-21.9286789727164,1,1,1.01001259165346,1.19275317053781
beerten_vsc,7,0.286541107969498,3,5,5,35,5,-36.203839533747,0.998012515546199,0.981859248594174,0.984068329054184,1.20383953374701
beerten_vsc,8,0.333917794818074,1,2,2,-60,-40,58.6710120921968,1.00801302320447,1,0.982845056350335,1.32898790780319
beerten_vsc,8,0.333917794818074,2,3,3,20.7275198670464,28.843593401994,-21.9284905028843,1,1,1.01117777774759,1.20097063819883
beerten_vsc,8,0.333917794818074,3,5,5,35,5,-36.2040272388835,0.998012483434153,0.980429473663003,0.98264146287964,1.20402723888353
beerten_vsc,9,0.3811765345731,1,2,2,-60,-40,58.6710120921968,1.00801300963297,1,0.982845056350335,1.32898790780319
beerten_vsc,9,0.3811765345731,2,3,3,20.7184956236846,31.8949725245411,-21.9283002571665,1,1,1.01234946956899,1.20980463565065
beerten_vsc,9,0.3811765345731,3,5,5,35,5,-36.2042167126881,0.998012451019527,0.978991347753247,0.981206269912635,1.20421671268811
beerten_vsc,10,0.42831401556458,1,2,2,-60,-40,58.6710120921968,1.00801299593422,1,0.982845056350335,1.32898790780319
beerten_vsc,10,0.42831401556458,2,3,3,20.7088768691667,34.9701243342894,-21.9281082274904,1,1,1.01352758646012,1.21923136032946
beerten_vsc,10,0.42831401556458,3,5,5,35,5,-36.204407963201,0.998012418300944,0.977544925459299,0.979762804785563,1.20440796320096
beerten_vsc,11,0.475326589102565,1,2,2,-60,-40,58.6710120921968,1.00801298210773,1,0.982845056350335,1.32898790780319
beerten_vsc,11,0.475326589102565,2,3,3,20.6986817001866,38.0689277192964,-21.9279144073163,1,1,1.01471203799722,1.22923270899445
beerten_vsc,11,0.475326589102565,3,5,5,35,5,-36.2046009969317,0.998012385277291,0.976090273719179,0.978311134449639,1.20460099693168
beerten_vsc,12,0.522210245798959,1,2,2,-60,-40,58.6710120921968,1.00801296815317,1,0.982845056350335,1.32898790780319
beerten_vsc,12,0.522210245798959,2,3,3,20.6879237438296,41.1912313768139,-21.9277187918443,1,1,1.01590272286564,1.23979504975424
beerten_vsc,12,0.522210245798959,3,5,5,35,5,-36.2047958186663,0.99801235194775,0.97462747304005,0.976851339397583,1.20479581866635
beerten_vsc,13,0.568960624407158,1,2,2,-60,-40,58.6710120921968,1.00801295407033,1,0.982845056350335,1.32898790780319
beerten_vsc,13,0.568960624407158,2,3,3,20.6766131581516,44.33685267893,-21.9275213780605,1,1,1.01709952856264,1.25090822153511
beerten_vsc,13,0.568960624407158,3,5,5,35,5,-36.2049924314015,0.998012318311807,0.973156617741073,0.975383513905593,1.2049924314015
beerten_vsc,14,0.615573036351049,1,2,2,-60,-40,58.6710120921968,1.00801293985912,1,0.982845056350335,1.32898790780319
beerten_vsc,14,0.615573036351049,2,3,3,20.66475742871,47.5055776661547,-21.9273221647548,1,1,1.01830233153444,1.26256473756512
beerten_vsc,14,0.615573036351049,3,5,5,35,5,-36.2051908363428,0.998012284369257,0.971677815702188,0.973907765782269,1.20519083634279
beerten_vsc,15,0.662042496697028,1,2,2,-60,-40,58.6710120921968,1.00801292551957,1,0.982845056350335,1.32898790780319
beerten_vsc,15,0.662042496697028,2,3,3,20.6523619953914,50.6971616073703,-21.9271211524848,1,1,1.01951099752772,1.27475915851548
beerten_vsc,15,0.662042496697028,3,5,5,35,5,-36.2053910329347,0.998012250120193,0.970191187880022,0.972424215885139,1.20539103293469
beerten_vsc,16,0.70836375679328,1,2,2,-60,-40,58.6710120921968,1.00801291105186,1,0.982845056350335,1.32898790780319
beerten_vsc,16,0.70836375679328,2,3,3,20.6394307436091,53.9113298087263,-21.9269183435316,1,1,1.02072538203227,1.28748760125117
beerten_vsc,16,0.70836375679328,3,5,5,35,5,-36.2055930189029,0.998012215565006,0.96869686773249,0.970932997546069,1.20559301890292
beerten_vsc,17,0.754531336278256,1,2,2,-60,-40,58.6710120921968,1.00801289645626,1,0.982845056350335,1.32898790780319
beerten_vsc,17,0.754531336278256,2,3,3,20.6259663892854,57.1477785263499,-21.926713741864,1,1,1.02194533075816,1.30074735381586
beerten_vsc,17,0.754531336278256,3,5,5,35,5,-36.2057967902999,0.99801218070437,0.967195000626033,0.969434255979361,1.20579679029991
beerten_vsc,18,0.800539553508722,1,2,2,-60,-40,58.6710120921968,1.00801288173317,1,0.982845056350335,1.32898790780319
beerten_vsc,18,0.800539553508722,2,3,3,20.6119707815109,60.4061758959673,-21.9265073530735,1,1,1.02317068011415,1.31453657271415
beerten_vsc,18,0.800539553508722,3,5,5,35,5,-36.2060023415498,0.998012145539239,0.965685743252472,0.967928147699459,1.20600234154981
beerten_vsc,19,0.846382554151754,1,2,2,-60,-40,58.6710120921968,1.00801286688311,1,0.982845056350334,1.32898790780319
beerten_vsc,19,0.846382554151754,2,3,3,20.5974451416539,63.6861628592281,-21.9262991843571,1,1,1.02440125767938,1.32885404376954
beerten_vsc,19,0.846382554151754,3,5,5,35,5,-36.206209665491,0.998012110070839,0.9641692630697,0.966414839962447,1.20620966549097
beerten_vsc,20,0.892054337999927,1,2,2,-60,-40,58.6710120921968,1.00801285190669,1,0.982845056350335,1.32898790780319
beerten_vsc,20,0.892054337999927,2,3,3,20.5823902533312,66.9873540817301,-21.9260892444524,1,1,1.0256368826663,1.34369899210655
beerten_vsc,20,0.892054337999927,3,5,5,35,5,-36.2064187534166,0.998012074300659,0.962645737762231,0.96489451022738,1.20641875341659
beerten_vsc,21,0.937548784233186,1,2,2,-60,-40,58.6710120921968,1.00801283680466,1,0.982845056350334,1.32898790780319
beerten_vsc,21,0.937548784233186,2,3,3,20.5668066143266,70.3093388618706,-21.9258775436153,1,1,1.02687736637455,1.35907093019303
beerten_vsc,21,0.937548784233186,3,5,5,35,5,-36.2066295951136,0.998012038230446,0.961115354720539,0.963367345636375,1.20662959511355
beerten_vsc,22,0.982859675351838,1,2,2,-60,-40,58.6710120921968,1.00801282157784,1,0.982845056350334,1.32898790780319
beerten_vsc,22,0.982859675351838,2,3,3,20.5506945587762,73.6516820553913,-21.9256640935711,1,1,1.02812251264484,1.37496953562217
beerten_vsc,22,0.982859675351838,3,5,5,35,5,-36.206842178901,0.998012001862198,0.95957831052846,0.961833542502756,1.20684217890097
beerten_vsc,23,1.02798072003678,1,2,2,-60,-40,58.6710120921968,1.00801280622719,1,0.982845056350335,1.32898790780319
beerten_vsc,23,1.02798072003678,2,3,3,20.5340543560551,77.0139250087539,-21.9254489074892,1,1,1.02937211831018,1.39139455218597
beerten_vsc,23,1.02798072003678,3,5,5,35,5,-36.2070564916687,0.998011965198159,0.958034810456664,0.960293305805266,1.20705649166869
beerten_vsc,24,1.07290557509939,1,2,2,-60,-40,58.6710120921968,1.00801279075372,1,0.982845056350335,1.32898790780319
beerten_vsc,24,1.07290557509939,2,3,3,20.5168862911033,80.395586532001,-21.92523199992,1,1,1.03062597365557,1.40834570949564
beerten_vsc,24,1.07290557509939,3,5,5,35,5,-36.2072725189173,0.998011928240807,0.956485067951815,0.958746848677996,1.20727251891733
beerten_vsc,25,1.11762786672356,1,2,2,-60,-40,58.6710120921968,1.00801277515859,1,0.982845056350335,1.32898790780319
beerten_vsc,25,1.11762786672356,2,3,3,20.4991907300039,83.7961639037119,-21.925013386781,1,1,1.03188386288325,1.42582265738675
beerten_vsc,25,1.11762786672356,3,5,5,35,5,-36.2074902447999,0.998011890992856,0.954929304121021,0.957194391895618,1.20749024479995
beerten_vsc,26,1.16214121106092,1,2,2,-60,-40,58.6710120921968,1.00801275944302,1,0.982845056350335,1.32898790780319
beerten_vsc,26,1.16214121106092,2,3,3,20.4809681734852,87.2151339264813,-21.9247930852895,1,1,1.03314556458977,1.4438249123456
beerten_vsc,26,1.16214121106092,3,5,5,35,5,-36.2077096521664,0.998011853457238,0.953367747204446,0.955636163346822,1.20770965216636
beerten_vsc,27,1.20643923429986,1,2,2,-60,-40,58.6710120921968,1.00801274360832,1,0.982845056350335,1.32898790780319
beerten_vsc,27,1.20643923429986,2,3,3,20.4622193006372,90.6519540324175,-21.9245711139251,1,1,1.03441085225468,1.46235181376561
beerten_vsc,27,1.20643923429986,3,5,5,35,5,-36.2079307226106,0.998011815637102,0.951800632034153,0.954072397494025,1.20793072261057
beerten_vsc,28,1.2505155922229,1,2,2,-60,-40,58.6710120921968,1.0080127276559,1,0.982845056350335,1.32898790780319
beerten_vsc,28,1.2505155922229,2,3,3,20.4429450044342,94.1060634422541,-21.9243474923815,1,1,1.03567949474147,1.48140248836337
beerten_vsc,28,1.2505155922229,3,5,5,35,5,-36.208153436521,0.998011777535804,0.950228199482078,0.952503334822256,1.20815343652102
beerten_vsc,29,1.29436398927509,1,2,2,-60,-40,58.6710120921968,1.00801275294173,1,0.982845056350335,1.32898790780319
beerten_vsc,29,1.29436398927509,2,3,3,20.4318977283723,96.1369967653092,-21.9247019500891,1,1,1.03642402436442,1.49280422281919
beerten_vsc,29,1.29436398927509,3,5,5,35,5,-36.2078004175413,0.998011837929354,0.95272357299724,0.954993364795096,1.20780041754126
beerten_vsc,30,1.33805527008198,1,2,2,-60,-40,58.6710120921968,1.00801273687728,1,0.982845056350335,1.32898790780319
beerten_vsc,30,1.33805527008198,2,3,3,20.411743809417,99.6259727327793,-21.9244767580513,1,1,1.03770066114912,1.51273294895137
beerten_vsc,30,1.33805527008198,3,5,5,35,5,-36.2080246955152,0.99801179956047,0.951136379926008,0.953409567818693,1.20802469551525
beerten_vsc,31,1.3815074463013,1,2,2,-60,-40,58.6710120921968,1.00801276223998,1,0.982845056350335,1.32898790780319
beerten_vsc,31,1.3815074463013,2,3,3,20.4002010102731,101.673875172551,-21.9248322932039,1,1,1.03844858995534,1.52463128407209
beerten_vsc,31,1.3815074463013,3,5,5,35,5,-36.2076706034507,0.998011860137598,0.953645207911801,0.955913032001815,1.20767060345068
beerten_vsc,32,1.42479497889371,1,2,2,-60,-40,58.6710120921968,1.00801274607259,1,0.982845056350335,1.32898790780319
beerten_vsc,32,1.42479497889371,2,3,3,20.3791689459861,105.195844617953,-21.9246056581085,1,1,1.03973245218175,1.54543671235037
beerten_vsc,32,1.42479497889371,3,5,5,35,5,-36.2078963186326,0.998011821522842,0.952044101081638,0.954315345587579,1.20789631863262
beerten_vsc,33,1.46783249613293,1,2,2,-60,-40,58.6710120921968,1.00801272984038,1,0.982845056350335,1.32898790780319
beerten_vsc,33,1.46783249613293,2,3,3,20.3574520570021,108.759269525983,-21.9243781144286,1,1,1.04102832638813,1.56692605742626
beerten_vsc,33,1.46783249613293,3,5,5,35,5,-36.2081229387609,0.998011782753279,0.950443149422499,0.952717823558566,1.20812293876092
beerten_vsc,34,1.50906125401351,1,2,2,-60,-40,58.6710120921968,1.00801275606976,1,0.982845056350334,1.32898790780319
beerten_vsc,34,1.50906125401351,2,3,3,20.3453845291648,110.788735650574,-21.9247457988956,1,1,1.04176497514376,1.57936127092356
beerten_vsc,34,1.50906125401351,3,5,5,35,5,-36.2077567467086,0.998011845400443,0.953033378406613,0.955302508411983,1.2077567467086
beerten_vsc,35,1.55011430797013,1,2,2,-60,-40,58.6710120921968,1.00801274045652,1,0.982845056350334,1.32898790780319
beerten_vsc,35,1.55011430797013,2,3,3,20.323227141271,114.314584554053,-21.9245269319558,1,1,1.04304240277432,1.60129979094286
beerten_vsc,35,1.55011430797013,3,5,5,35,5,-36.2079747252543,0.998011808109248,0.951489456474042,0.953761888081977,1.2079747252543
beerten_vsc,36,1.5909053199733,1,2,2,-60,-40,58.6710120921968,1.00801272476061,1,0.982845056350334,1.32898790780319
beerten_vsc,36,1.5909053199733,2,3,3,20.3005502476914,117.855361512328,-21.9243069060667,1,1,1.04432222272901,1.62375665858198
beerten_vsc,36,1.5909053199733,3,5,5,35,5,-36.2081938580998,0.998011770620588,0.949943488420799,0.952219234913041,1.20819385809979
beerten_vsc,37,1.63142869349551,1,2,2,-60,-40,58.6710120921968,1.00801270898425,1,0.982845056350335,1.32898790780319
beerten_vsc,37,1.63142869349551,2,3,3,20.2773567164989,121.410350352406,-21.9240857524767,1,1,1.04560416021733,1.64672903614038
beerten_vsc,37,1.63142869349551,3,5,5,35,5,-36.2084141140531,0.998011732939787,0.948395752123602,0.950674826251234,1.20841411405307
beerten_vsc,38,1.67167901648536,1,2,2,-60,-40,58.6710120921968,1.00801269312972,1,0.982845056350334,1.32898790780319
beerten_vsc,38,1.67167901648536,2,3,3,20.2536497777373,124.978826875964,-21.923863503141,1,1,1.04688794011403,1.67021372552734
beerten_vsc,38,1.67167901648536,3,5,5,35,5,-36.208635461285,0.99801169507229,0.946846526058852,0.949128940034428,1.20863546128505
beerten_vsc,39,1.71165107496075,1,2,2,-60,-40,58.6710120921968,1.00801267719934,1,0.982845056350335,1.32898790780319
beerten_vsc,39,1.71165107496075,2,3,3,20.2294330173565,128.560060688189,-21.9236401905171,1,1,1.04817328762854,1.69420717325023
beerten_vsc,39,1.71165107496075,3,5,5,35,5,-36.208857867476,0.998011657023626,0.945296088202201,0.947581853694678,1.20885786747597
beerten_vsc,40,1.75133986636763,1,2,2,-60,-40,58.6710120921968,1.00801266119546,1,0.982845056350334,1.32898790780319
beerten_vsc,40,1.75133986636763,2,3,3,20.2047103703861,132.153316951222,-21.9234158474549,1,1,1.04945992893674,1.71870547712917
beerten_vsc,40,1.75133986636763,3,5,5,35,5,-36.2090812999053,0.998011618799394,0.943744715348609,0.946033843479689,1.20908129990525
beerten_vsc,41,1.79074061185469,1,2,2,-60,-40,58.6710120921968,1.00801264512043,1,0.982845056350335,1.32898790780319
beerten_vsc,41,1.79074061185469,2,3,3,20.1794861121175,135.757858133707,-21.923190507119,1,1,1.05074759180107,1.74370439503924
beerten_vsc,41,1.79074061185469,3,5,5,35,5,-36.2093057255419,0.998011580405242,0.942192682445447,0.944485183787344,1.20930572554188
beerten_vsc,42,1.82984876736177,1,2,2,-60,-40,58.6710120921968,1.00801262897664,1,0.982845056350335,1.32898790780319
beerten_vsc,42,1.82984876736177,2,3,3,20.1537648474132,139.372945748485,-21.9229642028942,1,1,1.05203600617635,1.76919935550319
beerten_vsc,42,1.82984876736177,3,5,5,35,5,-36.2095311111348,0.998011541846861,0.940640261942997,0.942936146517606,1.20953111113478
beerten_vsc,43,1.86866003351164,1,2,2,-60,-40,58.6710120921968,1.00801261276648,1,0.982845056350335,1.32898790780319
beerten_vsc,43,1.86866003351164,2,3,3,20.1275514984101,142.997842061836,-21.9227369683026,1,1,1.05332490479568,1.79518546990164
beerten_vsc,43,1.86866003351164,3,5,5,35,5,-36.2097574233024,0.998011503129961,0.939087723167418,0.941387000446871,1.20975742330244
beerten_vsc,44,1.90717036424525,1,2,2,-60,-40,58.6710120921968,1.00801259649235,1,0.982845056350335,1.32898790780319
beerten_vsc,44,1.90717036424525,2,3,3,20.1008512907759,146.631811766361,-21.9225088369022,1,1,1.05461402373386,1.82165754612811
beerten_vsc,44,1.90717036424525,3,5,5,35,5,-36.2099846286213,0.99801146426026,0.937535331718906,0.93983801062748,1.20998462862132
beerten_vsc,45,1.94537597416815,1,2,2,-60,-40,58.6710120921968,1.0080125646149,1,0.982845056350334,1.32898790780319
beerten_vsc,45,1.94537597416815,2,3,3,20.1348031906196,141.218219873917,-21.9220619777118,1,0.995057900833754,1.04798675448398,1.78725878709194
beerten_vsc,45,1.94537597416815,3,5,5,35,5,-36.2104296737703,0.998011388123073,0.93451260720004,0.936821936211828,1.2104296737703
beerten_vsc,46,1.99061771697406,1,2,2,-60,-40,58.6710120921968,1.00801253731429,1,0.982845056350334,1.32898790780319
beerten_vsc,46,1.99061771697406,2,3,3,20.1320446829953,141.218219873917,-21.9216792767128,1,0.992674749211819,1.04571829698378,1.78963459394815
beerten_vsc,46,1.99061771697406,3,5,5,35,5,-36.2108108211613,0.998011322917349,0.931942707955121,0.934257718688901,1.21081082116129
beerten_vsc,47,2.03579636348466,1,2,2,-60,-40,58.6710120921968,1.00801250952937,1,0.982845056350335,1.32898790780319
beerten_vsc,47,2.03579636348466,2,3,3,20.1292375097899,141.218219873917,-21.9212897867358,1,0.990263580103531,1.04342365258315,1.79205227718801
beerten_vsc,47,2.03579636348466,3,5,5,35,5,-36.2111987298825,0.998011256554897,0.929344866747977,0.931665647158205,1.2111987298825
beerten_vsc,48,2.08090993458524,1,2,2,-60,-40,58.6710120921968,1.00801248124556,1,0.982845056350335,1.32898790780319
beerten_vsc,48,2.08090993458524,2,3,3,20.1263802908909,141.218219873917,-21.9208933033187,1,0.987823825021791,1.04110230027923,1.79451301268152
beerten_vsc,48,2.08090993458524,3,5,5,35,5,-36.2115936035988,0.998011189000883,0.926718472064323,0.929045112481337,1.21159360359881
beerten_vsc,49,2.12595636117513,1,2,2,-60,-40,58.6710120921968,1.00801245244763,1,0.982845056350335,1.32898790780319
beerten_vsc,49,2.12595636117513,2,3,3,20.1234715869472,141.218219873917,-21.9204896128105,1,0.985354894418413,1.03875369994648,1.79701802612899
beerten_vsc,49,2.12595636117513,3,5,5,35,5,-36.2119956550948,0.998011120218904,0.9240628890543,0.926395482283116,1.21199565509478
beerten_vsc,50,2.17093347924085,1,2,2,-60,-40,58.6710120921968,1.00801242449241,1,0.982845056350334,1.32898790780319
beerten_vsc,50,2.17093347924085,2,3,3,20.12079427102,141.218219873917,-21.9200977355712,1,0.983115186819023,1.03662359867419,1.79930346455523
beerten_vsc,50,2.17093347924085,3,5,5,35,5,-36.2123859411826,0.998011053449704,0.921502732680156,0.923841091319401,1.21238594118257
beerten_vsc,51,2.21585384385736,1,2,2,-60,-40,58.6710120921968,1.00801239468041,1,0.982845056350335,1.32898790780319
beerten_vsc,51,2.21585384385736,2,3,3,20.11779101233,141.218219873917,-21.9196798298206,1,0.980596214601685,1.03422841131685,1.80188881777813
beerten_vsc,51,2.21585384385736,3,5,5,35,5,-36.2128021501339,0.998010982245689,0.918791551715249,0.921136044411154,1.21280215013391
beerten_vsc,52,2.26070087176129,1,2,2,-60,-40,58.6710120921968,1.00801236430727,1,0.982845056350334,1.32898790780319
beerten_vsc,52,2.26070087176129,2,3,3,20.114732146045,141.218219873917,-21.9192540581453,1,0.978046524516255,1.03180457099857,1.80452191240437
beerten_vsc,52,2.26070087176129,3,5,5,35,5,-36.2132261929643,0.998010909701455,0.916049310060149,0.918400037138252,1.21322619296435
beerten_vsc,53,2.30547211499076,1,2,2,-60,-40,58.6710120921968,1.00801233335494,1,0.982845056350334,1.32898790780319
beerten_vsc,53,2.30547211499076,2,3,3,20.1116159941142,141.218219873917,-21.9188201671834,1,0.975465448453518,1.02935146660573,1.80720417338685
beerten_vsc,53,2.30547211499076,3,5,5,35,5,-36.2136583220513,0.998010835773833,0.913275276684587,0.915632341364032,1.21365832205126
beerten_vsc,54,2.35016500647105,1,2,2,-60,-40,58.6698369494401,1.00801204352193,0.996295327661588,0.979072075915117,1.33016305055995
beerten_vsc,54,2.35016500647105,2,3,3,20.1032752229665,141.218219873917,-21.916553620737,1,0.969678628923004,1.02385367889758,1.81327839777099
beerten_vsc,54,2.35016500647105,3,5,5,35,5,-36.2147636927602,0.998010563332116,0.906271948892463,0.908645153268745,1.21476369276019
beerten_vsc,55,2.38935321253561,1,2,2,-60,-40,58.6684368065436,1.00801170608364,0.991928506528553,0.974624013091745,1.33156319345639
beerten_vsc,55,2.38935321253561,2,3,3,20.0941804105791,141.218219873917,-21.9139636821488,1,0.963571329049615,1.01805462696873,1.81978327156987
beerten_vsc,55,2.38935321253561,3,5,5,35,5,-36.2159705772439,0.99801025756718,0.898773800721546,0.901164510040958,1.21597057724393
beerten_vsc,56,2.42801877288693,1,2,2,-60,-40,58.667101575151,1.00801138310392,0.987811121621673,0.970429298794989,1.33289842484903
beerten_vsc,56,2.42801877288693,2,3,3,20.0856348055206,141.218219873917,-21.9114772006876,1,0.957964181150387,1.01273342771439,1.82584239524804
beerten_vsc,56,2.42801877288693,3,5,5,35,5,-36.2171380548441,0.99800996314703,0.891663422863904,0.894070950231351,1.2171380548441
beerten_vsc,57,2.46618802429249,1,2,2,-60,-40,58.6656085240639,1.00801102143407,0.98326043414081,0.965792309180008,1.33439147593611
beerten_vsc,57,2.46618802429249,2,3,3,20.0758823725556,141.218219873917,-21.9086896072696,1,0.951613946119911,1.00671049185931,1.83280723471453
beerten_vsc,57,2.46618802429249,3,5,5,35,5,-36.2184507115689,0.998009632697631,0.88383146409832,0.886257766496617,1.21845071156886
beerten_vsc,58,2.50375227409579,1,2,2,-60,-40,58.6627910218995,1.00801034345724,0.974822791471003,0.957192283885052,1.33720897810047
beerten_vsc,58,2.50375227409579,2,3,3,20.1155152876722,133.323863926462,-21.9034925978399,1,0.937038208312444,0.989933279741728,1.78797731016722
beerten_vsc,58,2.50375227409579,3,5,5,35,5,-36.2208646545702,0.99800901991568,0.869859713304213,0.872320174964228,1.22086465457025
beerten_vsc,59,2.5403306887546,1,2,2,-60,-40,58.6612940882901,1.00800997754814,0.97041766286899,0.952701132154591,1.33870591170988
beerten_vsc,59,2.5403306887546,2,3,3,20.1063385979115,133.323863926462,-21.9006515179728,1,0.931050771292668,0.984250838012076,1.79431292024
beerten_vsc,59,2.5403306887546,3,5,5,35,5,-36.2222267689497,0.998008680729178,0.862212004445768,0.864691533189149,1.22222676894967
beerten_vsc,60,2.57626155992141,1,2,2,-60,-40,58.6595960127514,1.00800956168542,0.965484342202718,0.947670437534514,1.34040398724865
beerten_vsc,60,2.57626155992141,2,3,3,20.0956980617028,133.323863926462,-21.8974176588091,1,0.924165190604434,0.977720150761073,1.80171959710593
beerten_vsc,60,2.57626155992141,3,5,5,35,5,-36.2237828877129,0.998008294088018,0.853674489362146,0.856175619290801,1.22378288771288
beerten_vsc,61,2.61139017132408,1,2,2,-60,-40,58.6578327660136,1.00800912834483,0.960431918372207,0.94251713448819,1.34216723398643
beerten_vsc,61,2.61139017132408,2,3,3,20.0846003084878,133.323863926462,-21.8940384187498,1,0.917116770613071,0.971039692834389,1.8094381102627
beerten_vsc,61,2.61139017132408,3,5,5,35,5,-36.2254199074774,0.998007888984361,0.844914326760069,0.847437973770708,1.2254199074774
beerten_vsc,62,2.64564391760841,1,2,2,-60,-40,58.6561876237406,1.00800872200498,0.955781107627006,0.937772412601547,1.34381237625936
beerten_vsc,62,2.64564391760841,2,3,3,20.0744098121607,133.323863926462,-21.8908571404917,1,0.910825103134135,0.965080548157351,1.81644732876415
beerten_vsc,62,2.64564391760841,3,5,5,35,5,-36.2269755436953,0.998007506179046,0.836791962441559,0.839336812165404,1.22697554369531
beerten_vsc,63,2.67908031877032,1,2,2,-60,-40,58.6542945702687,1.00800825330082,0.950503334953369,0.932386826708982,1.34570542973126
beerten_vsc,63,2.67908031877032,2,3,3,20.0624032482164,133.323863926462,-21.8871806034805,1,0.903479125704476,0.958127757220372,1.82477735526392
beerten_vsc,63,2.67908031877032,3,5,5,35,5,-36.2287813980881,0.998007062985117,0.827600770472052,0.830169997354418,1.22878139808811
beerten_vsc,64,2.71148973302085,1,2,2,-60,-40,58.6507183198221,1.00800737078527,0.940742545013879,0.922423081783258,1.34928168017792
beerten_vsc,64,2.71148973302085,2,3,3,20.0939306049118,126.245218444181,-21.8802762328579,1,0.887205723189255,0.939949996969736,1.78634562794619
beerten_vsc,64,2.71148973302085,3,5,5,35,5,-36.2321519386714,0.998006232737472,0.811093963301682,0.813708019659133,1.23215193867145
beerten_vsc,65,2.74210601831454,1,2,2,-60,-40,58.6486072405789,1.00800684184433,0.935105586478412,0.916666753614094,1.35139275942108
beerten_vsc,65,2.74210601831454,2,3,3,20.081003230035,126.245218444181,-21.8760885836751,1,0.879343771782589,0.932508330109927,1.7950853536393
beerten_vsc,65,2.74210601831454,3,5,5,35,5,-36.2342530883115,0.99800572356163,0.801207739294133,0.803849306775089,1.23425308831152
beerten_vsc,66,2.77142345334457,1,2,2,-60,-40,58.6464093142251,1.0080062883295,0.9293322265095,0.910769452181159,1.35359068577493
beerten_vsc,66,2.77142345334457,2,3,3,20.0674637727426,126.245218444181,-21.8716892176779,1,0.87129491720197,0.924896359962525,1.80422544493602
beerten_vsc,66,2.77142345334457,3,5,5,35,5,-36.2364799536503,0.998005186718885,0.791049494016939,0.793719859252332,1.2364799536503
beerten_vsc,67,2.7993212496859,1,2,2,-60,-40,58.6441208612119,1.00800570884869,0.923421971563887,0.904730514021089,1.3558791387881
beerten_vsc,67,2.7993212496859,2,3,3,20.0532782068758,126.245218444181,-21.8670642457823,1,0.863058593423213,0.917114170686878,1.81378603890616
beerten_vsc,67,2.7993212496859,3,5,5,35,5,-36.2388427595229,0.998004620198942,0.780613311328043,0.783313832838473,1.23884275952295
beerten_vsc,68,2.8256695601568,1,2,2,-60,-40,58.6417385291681,1.00800510202236,0.917375748848118,0.898550717857025,1.35826147083194
beerten_vsc,68,2.8256695601568,2,3,3,20.0384131852939,126.245218444181,-21.8621994546552,1,0.854636258339347,0.909163794805865,1.82378626936044
beerten_vsc,68,2.8256695601568,3,5,5,35,5,-36.2413523743118,0.998004021904597,0.769895181290157,0.772627288118584,1.24135237431178
beerten_vsc,69,2.85033044007157,1,2,2,-60,-40,58.636578863232,1.00800378608215,0.904639544930274,0.885526556102032,1.36342113676802
beerten_vsc,69,2.85033044007157,2,3,3,20.06402856498,119.04948051489,-21.8516398314783,1,0.833956775771649,0.886675501602761,1.7876112665002
beerten_vsc,69,2.85033044007157,3,5,5,35,5,-36.2468110300611,0.998002722123795,0.74779437510927,0.750593629968138,1.24681103006114
beerten_vsc,70,2.871463674602,1,2,2,-60,-40,58.6338900345058,1.00800308736989,0.898189583597634,0.878927244657165,1.36610996549425
beerten_vsc,70,2.871463674602,2,3,3,20.0477211047735,119.04948051489,-21.8459555188574,1,0.824948930567679,0.878176930882611,1.79823441408417
beerten_vsc,70,2.871463674602,3,5,5,35,5,-36.2498363524118,0.99800201386346,0.736208588024219,0.739044158766241,1.24983635241177
beerten_vsc,71,2.89046473589026,1,2,2,-60,-40,58.6310983379202,1.00800235607978,0.891623297131156,0.872206400958601,1.36890166207981
beerten_vsc,71,2.89046473589026,2,3,3,20.0306460545198,119.04948051489,-21.8399717833151,1,0.815782484455079,0.869538326108038,1.80932572879599
beerten_vsc,71,2.89046473589026,3,5,5,35,5,-36.253059028618,0.998001264543461,0.724347583234097,0.727221147275211,1.25305902861799
beerten_vsc,72,2.90718394113907,1,2,2,-60,-40,58.6282048370303,1.0080015914968,0.884953554437951,0.865377001796418,1.37179516296971
beerten_vsc,72,2.90718394113907,2,3,3,20.0127902166611,119.04948051489,-21.8336769768818,1,0.80647602501241,0.860777939757921,1.82088676022114
beerten_vsc,72,2.90718394113907,3,5,5,35,5,-36.2564917003705,0.998000472076293,0.712225447882505,0.715138708621212,1.25649170037047
beerten_vsc,73,2.91464090596082,1,2,2,-60,-40,58.621707870928,1.00799986303034,0.870460241396068,0.850527152551637,1.37829212907202
beerten_vsc,73,2.91464090596082,2,3,3,20.0264226443443,112.662045022921,-21.8193788728684,1,0.783449591911295,0.836333870685505,1.79295622852468
beerten_vsc,73,2.91464090596082,3,5,5,35,5,-36.2643625616127,0.99799866476287,0.68624851211974,0.689249855672694,1.26436256161275
beerten_vsc,74,2.92369948007252,1,2,2,-60,-40,58.6185025491897,1.00799898946102,0.86354511299864,0.84343709827646,1.38149745081029
beerten_vsc,74,2.92369948007252,2,3,3,20.0069128286747,112.662045022921,-21.8120329825318,1,0.7737814383183,0.82724548505742,1.80512015385724
beerten_vsc,74,2.92369948007252,3,5,5,35,5,-36.2685363175363,0.997997723391575,0.673407405235678,0.676453836122645,1.26853631753629
beerten_vsc,75,2.92999530031736,1,2,2,-60,-40,58.6152147662494,1.00799808250032,0.856606343964614,0.836319557246071,1.38478523375063
beerten_vsc,75,2.92999530031736,2,3,3,19.9866728755717,112.662045022921,-21.804345075121,1,0.764088379235883,0.818145780357452,1.8176721995492
beerten_vsc,75,2.92999530031736,3,5,5,35,5,-36.2729698435732,0.99799673172843,0.660409233365851,0.663502357282332,1.27296984357318
beerten_vsc,76,2.93058505271814,1,2,2,-60,-40,58.6147987110681,1.00799796690095,0.855739142684829,0.835429779798632,1.38520128893185
beerten_vsc,76,2.93058505271814,2,3,3,19.9840947420304,112.662045022921,-21.8033606063145,1,0.762877617324497,0.817010002730098,1.81926586428367
beerten_vsc,76,2.93058505271814,3,5,5,35,5,-36.2735424355705,0.997996604261843,0.658776229921932,0.661875295293948,1.27354243557054
beerten_vsc,77,2.93060719857674,1,2,2,-60,-40,58.6147824363577,1.0079979623752,0.855705269623853,0.83539502384406,1.38521756364231
beerten_vsc,77,2.93060719857674,2,3,3,19.9839938160158,112.662045022921,-21.8033220427586,1,0.762830327986035,0.816965646046298,1.81932822674242
beerten_vsc,77,2.93060719857674,3,5,5,35,5,-36.2735648876324,0.997996599266505,0.658712404762064,0.66181170269431,1.27356488763245
beerten_vsc,78,2.93061410869532,1,2,2,-60,-40,58.6147773501614,1.00799796096078,0.855694684317093,0.835384162621185,1.38522264983858
beerten_vsc,78,2.93061410869532,2,3,3,19.983962274077,112.662045022921,-21.8033099903785,1,0.762815550140824,0.816951784697669,1.81934771675708
beerten_vsc,78,2.93061410869532,3,5,5,35,5,-36.2735719051736,0.997996597705271,0.658692458978362,0.66179182959127,1.27357190517364
beerten_vsc,79,2.93061842342854,1,2,2,-60,-40,58.6147741712051,1.00799796007673,0.855688068509911,0.835377374361793,1.38522582879487
beerten_vsc,79,2.93061842342854,2,3,3,19.983942559365,112.662045022921,-21.8033024571454,1,0.762806314016051,0.816943121399669,1.81935989841382
beerten_vsc,79,2.93061842342854,3,5,5,35,5,-36.2735762914665,0.997996596729426,0.658679992698542,0.661779408739032,1.27357629146651
beerten_vsc,80,2.9306190972061,1,2,2,-60,-40,58.6147736744875,1.00799795993859,0.855687034790976,0.835376313696747,1.38522632551253
beerten_vsc,80,2.9306190972061,2,3,3,19.9839394788436,112.662045022921,-21.8033012800284,1,0.762804870874344,0.816941767763747,1.81936180182347
beerten_vsc,80,2.9306190972061,3,5,5,35,5,-36.2735769768493,0.997996596576943,0.658678044826213,0.661777467964974,1.2735769768493
beerten_vsc,81,2.93061920247409,1,2,2,-60,-40,58.6147735968752,1.007997959917,0.855686873272415,0.835376147967845,1.38522640312481
beerten_vsc,81,2.93061920247409,2,3,3,19.9839389975097,112.662045022921,-21.803301096103,1,0.762804645383521,0.816941556258241,1.81936209923186
beerten_vsc,81,2.93061920247409,3,5,5,35,5,-36.273577083941,0.997996596553117,0.658677740470768,0.661777164718639,1.27357708394096
beerten_vsc,82,2.93061921892198,1,2,2,-60,-40,58.6147735847483,1.00799795991363,0.85568684803514,0.835376122072705,1.38522641525173
beerten_vsc,82,2.93061921892198,2,3,3,19.9839389223013,112.662045022921,-21.8033010673636,1,0.762804610150581,0.816941523210509,1.81936214570193
beerten_vsc,82,2.93061921892198,3,5,5,35,5,-36.273577100674,0.997996596549394,0.65867769291522,0.66177711733639,1.27357710067404
