accepted_index,lambda,total_demand_MW,phase,AC_bus_1_pu,AC_bus_2_pu,AC_bus_3_pu,AC_bus_4_pu,AC_bus_5_pu,AC_bus_6_pu,AC_bus_7_pu,VSC1_filter_pu,VSC1_internal_pu,VSC2_filter_pu,VSC2_internal_pu,VSC3_filter_pu,VSC3_internal_pu,DC_bus_2_pu,DC_bus_3_pu,DC_bus_5_pu
1,0,165,increasing_demand,1.06,1.00586795517546,1,0.996999882034244,0.995073382098997,1,0.981252420237628,1.00582819029313,0.989666276775489,1.0000005852971,1.00026309598062,0.995078407475685,0.997458068723197,1.00800481297349,1,0.998008051166774
2,0.0459894557630017,176.03746938312,increasing_demand,1.06,1.0053688780771,1,0.996405091225709,0.989783603540693,1,0.980661029306424,1.00532909345677,0.98915943822933,1.00000294391409,1.00118999677761,0.989788655781595,0.992182095440128,1.00800472165197,1,0.99800790275207
3,0.0918088752483343,187.0341300596,increasing_demand,1.06,1.0048159263519,1,0.995782428303091,0.984336031250622,1,0.980041921025164,1.00477611983998,0.988597878716733,1.00000543249014,1.00216796694862,0.984341111458993,0.986748913278788,1.0080046240226,1,0.998007746902092
4,0.137426888662866,197.982453279088,increasing_demand,1.06,1.00420852299655,1,0.995131535552627,0.978728449300455,1,0.979394739081431,1.0041686924095,0.987981009609025,1.00000805277312,1.00319769309631,0.97873355862308,0.981156331019902,1.00800451991637,1,0.998007583327067
5,0.182808051541261,208.873932369903,increasing_demand,1.06,1.00354616631738,1,0.994452109603741,0.972959048612559,1,0.978719181154128,1.00350630944385,0.987308318454312,1.00001080627313,1.00427976846695,0.97296418823999,0.975402564649798,1.00800440916522,1,0.998007411732781
6,0.227914151589993,219.699396381598,increasing_demand,1.06,1.00282843118654,1,0.993743892744833,0.967026323841482,1,0.978014990279298,1.00278854578958,0.986579370249813,1.00001369429155,1.00541470434844,0.967031495008859,0.969486134564574,1.00800429160069,1,0.99800723181734
7,0.272705111494566,230.449226758696,increasing_demand,1.06,1.00205496870004,1,0.993006666415033,0.960928999415161,1,0.977281948379339,1.00201505251924,0.985793807092121,1.00001671794504,1.00660293948955,0.960934203403509,0.963405791876977,1.00800416705275,1,0.99800704326838
8,0.317139204556735,241.113409093616,increasing_demand,1.06,1.00122551294227,1,0.992240253556881,0.954666035015563,1,0.976519878602845,1.00118556369626,0.984951355047694,1.00001987815523,1.00784483603358,0.954671273153158,0.9571605239552,1.00800403534997,1,0.998006845762556
9,0.361172669776239,251.681440746297,increasing_demand,1.06,1.00107763825479,1,0.991988866950191,0.952898568360095,1,0.976269914985876,1.00103768310818,0.98480116125801,1.00002094137227,1.00826265788098,0.952903816216166,0.9553980986564,1.00800400405412,1,0.998006791910396
10,0.404896064623881,262.175055509732,increasing_demand,1.06,1.00087381535538,1,0.991708148259361,0.950976315384135,1,0.975990784409156,1.00083385207284,0.984594140766204,1.00002214062119,1.00873393706497,0.950981573850814,0.953481352436215,1.00800396685088,1,0.998006731867997
11,0.448276835361538,272.586440486769,increasing_demand,1.06,1.00061427002515,1,0.991398182692389,0.948899023334806,1,0.975682571296536,1.00057429637763,0.984330521885331,1.00002347556678,1.00925854174952,0.948904293316239,0.951410039475112,1.008003923718,1,0.998006665563053
12,0.458333333333333,275,increasing_demand,1.06,1.00037078671413,1,0.991192531376432,0.947282732040393,1,0.975478082024365,1.00033080333817,0.984083215302691,1.0000243367008,1.00959694831759,0.947288011016134,0.949798420760612,1.00800388710255,1,0.998006612575225
13,0.496059977692196,284.054394646127,increasing_demand,1.06,0.999080166695979,1,0.990330788190444,0.940826140594538,1,0.974621202530526,0.99904013167382,0.982772300087271,1.00002820785794,1.01111822552029,0.940831455808211,0.943360675073657,1.00800371722466,1,0.998006389893587
14,0.533241790702699,292.978029768648,increasing_demand,1.06,0.997754148741818,1,0.989448572670616,0.934255561699718,1,0.973743956804093,0.997714060517815,0.981425378698077,1.00003218309197,1.01268039968299,0.934260914305513,0.936809575957429,1.00800354172011,1,0.998006159444465
15,0.569838825488132,301.761318117152,increasing_demand,1.06,0.996393596915075,1,0.988546369867143,0.92757397968663,1,0.972846826474679,0.996353453956513,0.980043324483844,1.00003625998847,1.01428252202824,0.927579370859721,0.930148122129447,1.00800336054928,1,0.998005921065825
16,0.605808976649262,310.394154395823,increasing_demand,1.06,0.994999602151748,1,0.987624801042387,0.920785258971777,1,0.971930428622907,0.994959402957997,0.97862724126591,1.00004043547093,1.01592338356859,0.920790689904088,0.923380190402496,1.00800317369654,1,0.998005674620458
17,0.64110820076873,318.865968184495,increasing_demand,1.06,0.993573504857628,1,0.986684637792256,0.913894234075861,1,0.970995529831764,0.993533247970372,0.977178486351164,1.00004470573192,1.01760148804414,0.913899705970927,0.91651062521915,1.00800298117429,1,0.998005420001704
18,0.675691013353993,327.165843204958,increasing_demand,1.06,0.992116908044285,1,0.98572681013237,0.906906756402013,1,0.970043054238041,0.992076592058455,0.975698683943367,1.00004906619212,1.01931503586652,0.906912270469098,0.909545285023336,1.00800278302618,1,0.998005157138412
19,0.709511185565075,335.282684535618,increasing_demand,1.06,0.99063168106945,1,0.984752408740306,0.899829700955526,1,0.969074085773553,0.990591304644504,0.974189729015144,1.00005351148728,1.0210619189656,0.899835258403173,0.902491048655554,1.00800257932933,1,0.998004885998771
20,0.742522587744971,343.205421058793,increasing_demand,1.06,0.989119953689787,1,0.983762681260892,0.892670933610798,1,0.968089864503087,0.989079515560964,0.972653781342249,1.0000580354836,1.02283972686953,0.892676535639997,0.895355782387597,1.00800237019551,1,0.998004606593058
21,0.774680133728098,350.923232094744,increasing_demand,1.06,0.987584100102874,1,0.98275902252603,0.885439238805612,1,0.967091776910814,0.987543599091996,0.971093249367637,1.00006263132278,1.02464576439808,0.8854448866028,0.88814826749053,1.00800215577124,1,0.998004318975115
22,0.805940778567897,358.425786856295,increasing_demand,1.06,0.986026712989045,1,0.981742958721896,0.878144208538773,1,0.966081340167196,0.985986148014467,0.969510763902085,1.00006729149661,1.02647708097294,0.878149903268896,0.880878089227728,1.00800193623655,1,0.998004023242287
23,0.836264518621472,365.703484469153,increasing_demand,1.06,0.984450568124923,1,0.980716125867318,0.870796095598254,1,0.96506018073749,0.98440993821022,0.967909142237982,1.00007200794942,1.02833051090712,0.870801838398162,0.87355549020839,1.0080017118025,1,0.998003719533806
24,0.865615339386118,372.747681452668,increasing_demand,1.06,0.982858580867667,1,0.979680243403175,0.863405636707309,1,0.964030008126622,0.982817885148701,0.966291343993026,1.00007677220486,1.03020272319742,0.863411428679717,0.866191193791205,1.00800148270754,1,0.99800340802752
25,0.893962057562277,379.550893814946,increasing_demand,1.06,0.981253756481799,1,0.978637084098118,0.855983853803524,1,0.9629925849585,0.981212994211871,0.964660420682623,1.00008157551098,1.03209027855665,0.855989696011776,0.85879620574389,1.00800124921265,1,0.998003088935183
26,0.921279008915636,386.106962139753,increasing_demand,1.06,0.979639136875071,1,0.97758844183306,0.848541843859801,1,0.961949694943146,0.979598307427965,0.963019461627268,1.00008640899629,1.03398969074078,0.848547737323627,0.851381604549349,1.00800101159579,1,0.998002762496448
27,0.947546544855371,392.411170765289,increasing_demand,1.06,0.978017746598546,1,0.976536098999184,0.84109056860247,1,0.960903110456594,0.977976849469392,0.961371539093809,1.00009126382834,1.03589748886772,0.841096514294868,0.84395833168663,1.00800077014572,1,0.998002428971935
28,0.972751315137758,398.460315633062,increasing_demand,1.06,0.976392541005338,1,0.975481795262806,0.833640655426497,1,0.959854561477174,0.976351575809326,0.959719655611656,1.00009613136633,1.03781027738137,0.833646654271816,0.83653699315395,1.00800052515568,1,0.998002088635797
29,0.996886331049161,404.252719451799,increasing_demand,1.06,0.974766359176236,1,0.974427199272934,0.826202219485726,1,0.95880570744554,0.974725325645334,0.958066696116545,1.00010100330001,1.03972479063203,0.826208272358942,0.829127682176411,1.00800027691723,1,0.998001741768141
30,1.01995081997257,409.788196793416,increasing_demand,1.06,0.973141883681977,1,0.973373884556605,0.818784714645431,1,0.957758113287025,0.973100781659896,0.956415387025702,1.00010587176867,1.04163793965867,0.818790822372561,0.821739830754198,1.00800002571449,1,0.998001388647753
31,1.04194989645946,415.067975150271,increasing_demand,1.06,0.971521608555101,1,0.972323310419764,0.811396818115794,1,0.956713230410069,0.97148043799081,0.954768263643743,1.00011072945635,1.04354684955974,0.811402981475345,0.814382094840928,1.00799977181919,1,0.998001029545477
32,1.06289408469679,420.094580327231,increasing_demand,1.06,0.969907816112967,1,0.971276808228565,0.804046350679464,1,0.955672383054107,0.969866577053102,0.953127646554818,1.00011556966092,1.04544888668724,0.804052570404747,0.807062275044909,1.00799951548656,1,0.998000664718488
33,1.08279873270946,424.871695850271,increasing_demand,1.06,0.968302562584732,1,0.970235573026229,0.796740231716706,1,0.954636759942889,0.968261255165245,0.951495626955958,1.00012038633758,1.04734167568976,0.796746508498864,0.799787272044112,1.00799925695208,1,0.998000294405542
34,1.10168335977794,429.404006346705,increasing_demand,1.06,0.966707671897479,1,0.969200660080246,0.789484465944612,1,0.953607410840748,0.96666629633487,0.949874060280785,1.00012517411814,1.04922310712869,0.789490800436173,0.792563073626419,1.00799899642924,1,0.997999918823367
35,1.11957097550457,433.697034121096,increasing_demand,1.06,0.965124736583156,1,0.96817298571821,0.782284157344969,1,0.952585247374124,0.965083293165572,0.948264567059058,1.00012992830949,1.05109133685021,0.782290550163759,0.785394768831422,1.00799873410833,1,0.997999538164121
36,1.13648740319452,437.756976766686,increasing_demand,1.06,0.96355512455755,1,0.967153331686875,0.775143545058545,1,0.951571047357459,0.963513613636008,0.946668539749122,1.00013464487466,1.05294477854225,0.775149996791797,0.77828658397828,1.00799847015578,1,0.997999152593839
37,1.15246063382294,441.590552117505,increasing_demand,1.06,0.961999990401572,1,0.966142352198528,0.768066055657062,1,0.950565461792448,0.961958412381507,0.945087154148346,1.00013932040052,1.05478209105024,0.768072566865598,0.771241935001484,1.00799820471431,1,0.997998762251693
38,1.16752022921797,445.204855012312,increasing_demand,1.06,0.960460289854039,1,0.965140582879479,0.761054366630395,1,0.949569023759878,0.960418645187326,0.943521384074393,1.00014395205597,1.05660216194168,0.761060937852763,0.764263490943547,1.00799793790358,1,0.997998367249978
39,1.18169678664397,448.607228794554,increasing_demand,1.06,0.958936796315141,1,0.964148450892662,0.7541104763629,1,0.948582158480146,0.958895085492686,0.941972018095686,1.00014853754411,1.05840408870267,0.754117108119384,0.757353243891327,1.00799766982121,1,0.997997967674717
40,1.21040370872313,455.496890093552,increasing_demand,1.06,0.95198254997791,0.989898123407573,0.952552085997644,0.728833541807695,1,0.958338810391809,0.951940534487446,0.934898686399569,0.990046771250502,1.04834639697276,0.728840403666754,0.732205219782932,1.00799654487585,1,0.997996392603072
41,1.22503611533215,459.008667679717,increasing_demand,1.06,0.947513984062457,0.983347911234629,0.945041258840723,0.712536627577743,1,0.950700526969928,0.94747177044277,0.930352735793843,0.983496541961731,1.04179002123832,0.71254364645396,0.715997223618447,1.00799578719176,1,0.997995308744788
42,1.23712286904883,461.909488571718,increasing_demand,1.06,0.942974782429914,0.976704455238723,0.937418492641674,0.695880155190714,1,0.964863340394675,0.942932365626871,0.925734223160072,0.976853068317188,1.03514021393916,0.695887342153576,0.69943681627065,1.00799498545867,1,0.997994140495785
43,1.24216375700612,463.119301681468,increasing_demand,1.06,0.940662724268567,0.973310203485634,0.933519344321201,0.687365258713627,1,0.960807311774045,0.940620203219709,0.923381492315574,0.973458807431203,1.03174267710991,0.687372534752529,0.690973203766932,1.00799456399912,1,0.997993517844281
44,1.24442550915717,463.66212219772,increasing_demand,1.06,0.939499823015333,0.971602367313522,0.931556626856949,0.683072046861122,1,0.958765544355082,0.939457249339813,0.922198063042717,0.97175096663455,1.03003317793378,0.683079368654961,0.686706436909456,1.00799434843404,1,0.997993197058386
45,1.24549085812451,463.917805949883,increasing_demand,1.06,0.938916764514564,0.97074592895837,0.930572156403286,0.680916773170791,1,0.957741402996423,0.938874164403888,0.921604694247197,0.970894525952921,1.02917590307786,0.680924118152188,0.684564591668145,1.00799423942387,1,0.997993034241578
46,1.24562093778459,463.949025068302,increasing_demand,1.06,0.938843809478725,0.970638759820349,0.930448955957259,0.680646964624719,1,0.957613237007051,0.938801206058048,0.921530448295499,0.970787356523432,1.02906862914593,0.680654312519206,0.684296471434552,1.00799422573973,1,0.997993013774739
47,1.24565335027424,463.956804065816,increasing_demand,1.06,0.938825568207804,0.970611963583878,0.930418150946884,0.680579498634466,1,0.957581190379536,0.938782963959432,0.921511884221795,0.970760560214072,1.02904180670296,0.680586847257737,0.684229427862851,1.00799422231668,1,0.997993008654035
48,1.24566144802297,463.958747525512,increasing_demand,1.06,0.938821007764829,0.970605264327633,0.930410449449901,0.680562631445363,1,0.957573178466724,0.938778403309523,0.92150724307445,0.970753860939604,1.02903510089468,0.680569980250855,0.684212666295422,1.00799422146082,1,0.997993007373657
49,1.24566549555394,463.959718932945,increasing_demand,1.06,0.938818727511995,0.970601914650184,0.930406598640255,0.680554197677761,1,0.957569172446276,0.93877612295322,0.92150492246851,0.970750511253043,1.02903174794112,0.680561546574371,0.684204285342918,1.00799422103286,1,0.997993006733418
50,1.24566751898356,463.960204556054,increasing_demand,1.06,0.938817587377743,0.970600239799131,0.930404673220146,0.680549980750703,1,0.957567169420043,0.938774982767232,0.921503762157474,0.970748836397433,1.02903007145199,0.680557329692873,0.684200094824474,1.00799422081888,1,0.997993006413286
51,1.2456685306144,463.960447347457,increasing_demand,1.06,0.938817017308658,0.970599402370522,0.930403710506271,0.680547872276359,1,0.957566167902926,0.93877441267228,0.92150318199994,0.970747998966546,1.02902923320433,0.68055522124131,0.684197999554704,1.00799422071189,1,0.997993006253217
52,1.24566878351162,463.960508042789,increasing_demand,1.06,0.938816874791142,0.970599193012984,0.930403469827324,0.680547345156422,1,0.957565917523146,0.938774270148297,0.921503036960305,0.970747789608439,1.02902902364203,0.680554694127067,0.684197475735943,1.00799422068514,1,0.9979930062132
53,1.24566890995892,463.96053839014,increasing_demand,1.06,0.938816803532353,0.970599088334168,0.930403349487791,0.680547081596284,1,0.957565792333194,0.938774198886275,0.921502964440455,0.970747684929338,1.02902891886083,0.680554430569777,0.684197213826398,1.00799422067176,1,0.997993006193191
54,1.24566894157058,463.960545976938,increasing_demand,1.06,0.938816785717652,0.970599062164457,0.9304033194029,0.680547015706229,1,0.957565761035698,0.938774181070765,0.921502946310489,0.970747658759556,1.02902889266553,0.680554364680434,0.684197148348991,1.00799422066842,1,0.997993006188188
55,1.24566894536995,463.960546888787,increasing_demand,1.06,0.93881678357652,0.970599059019144,0.930403315787026,0.680547007786965,1,0.957565757274081,0.938774178929536,0.921502944131465,0.970747655614235,1.02902888951714,0.680554356761255,0.684197140479323,1.00799422066802,1,0.997993006187587
56,1.24331596982804,463.395832758731,lower_branch_decreasing_demand,1.06,0.931156201977075,0.961938438897923,0.920658706566154,0.662251405776774,0.992746049303087,0.94742769429675,0.931113246859751,0.913705751554278,0.962087011580862,1.02035967489668,0.662258957888409,0.66601998500747,1.00799303852432,1,0.997991479777204
57,1.23848502134515,462.236405122836,lower_branch_decreasing_demand,1.06,0.923481565095457,0.953269371045295,0.910899014680883,0.643781952540448,0.985483536918165,0.959572082730975,0.923438253035137,0.905892131383361,0.953417919251502,1.01168181739334,0.643789721440782,0.647678507803937,1.0079917953159,1,0.997989838600941
58,1.23125228086663,460.500547407992,lower_branch_decreasing_demand,1.06,0.915958173175275,0.944745089917483,0.90129021695728,0.625558926796885,0.978368823011562,0.949340365231735,0.915914505401347,0.898230387547546,0.944893613513135,1.0031487064575,0.625566922151064,0.629590941180291,1.00799051433523,1,0.997988109790564
59,1.22175080960904,458.220194306169,lower_branch_decreasing_demand,1.06,0.908503873329267,0.936307165212623,0.891772934250142,0.607344508159659,0.971324074590389,0.962087446140519,0.908459847298941,0.890636902283046,0.936455663922791,0.994701861568347,0.607352743453464,0.611522085247676,1.00798917644165,1,0.997986261781817
60,1.21011118411019,455.426684186445,lower_branch_decreasing_demand,1.06,0.901210897085959,0.928025206967179,0.882419191199751,0.589391478454633,0.964436301648988,0.951887657907387,0.901166514817873,0.88320568103998,0.928173680732972,0.986410970367254,0.589399964772037,0.593723648814473,1.00798779497372,1,0.997984309292886
61,1.19647914856016,452.154995654438,lower_branch_decreasing_demand,1.06,0.894038446261841,0.919889071048458,0.873224285299463,0.571560429676436,0.957666769207005,0.965372076064739,0.893993707975592,0.875895227440127,0.920037519822286,0.978265893123654,0.571569180938111,0.576058398066877,1.00798635655698,1,0.997982227115406
62,1.18101298396666,448.443116151999,lower_branch_decreasing_demand,1.06,0.887046703304857,0.91193095682108,0.864218176576432,0.554033721546894,0.951072056448665,0.955309322524254,0.887001612429554,0.86876696703006,0.912079380675509,0.970298872213501,0.554042749869883,0.558708045700366,1.00798487032976,1,0.997980024765683
63,1.16386161824225,444.32678837814,lower_branch_decreasing_demand,1.06,0.880221626443573,0.904153340046563,0.855407257629667,0.536757498715861,0.944638654028168,0.94546335597466,0.880176185982365,0.861806690234495,0.904301739108868,0.962512403160873,0.536766817870059,0.541620312059492,1.00798332843478,1,0.99797768491327
64,1.14518059646558,439.84334315174,lower_branch_decreasing_demand,1.06,0.873573579868348,0.896568498142293,0.8468057823403,0.519757344296939,0.938376070354284,0.935850147954739,0.873527793637979,0.855025072728446,0.896716872623856,0.954918793523378,0.519766968532732,0.524821701001392,1.0079817284944,1,0.99797519855293
65,1.12512535343079,435.030084823391,lower_branch_decreasing_demand,1.06,0.867111023212415,0.88918660223001,0.838425692788,0.503055548105375,0.932291997955478,0.926483096500282,0.867064895779125,0.848430859444425,0.88933495242505,0.947528244040919,0.503065492176758,0.508335519131793,1.00798006771289,1,0.997972555868746
66,1.10385008732639,429.924020958334,lower_branch_decreasing_demand,1.06,0.86084086077917,0.882016101600895,0.830277043382036,0.486671893836856,0.926392648795769,0.917373498764716,0.860794397405165,0.842031218025255,0.882164427885705,0.940349233288791,0.486682173012701,0.49218266470413,1.00797834290858,1,0.997969746277744
67,1.08150727579717,424.561746191321,lower_branch_decreasing_demand,1.06,0.85476877816867,0.87506409615002,0.822368413307878,0.470624443212117,0.920683076422009,0.908531010846046,0.854721984769966,0.83583207996556,0.875212398982762,0.933388890312501,0.470635073270552,0.476382409798231,1.00797655056856,1,0.997966758522831
68,1.0582476811991,418.979443487783,lower_branch_decreasing_demand,1.06,0.848899545200891,0.868336672575476,0.814707279784025,0.454930266267506,0.915167465188453,0.899964064073058,0.848852428316126,0.829838447872108,0.868484952496454,0.926653331000048,0.454941263468146,0.460953123908252,1.0079746869278,1,0.997963580824682
69,1.0342206757744,413.212962185856,lower_branch_decreasing_demand,1.06,0.843237269486425,0.861839186122093,0.807300331156426,0.439606075509237,0.909849372030789,0.891680214266444,0.843189836255193,0.824054652790851,0.861987443754325,0.92014793993329,0.439617456537865,0.445912895425717,1.00797274807551,1,0.997960201102918
70,1.00957470750873,407.297929802096,lower_branch_decreasing_demand,1.06,0.837785588909295,0.855576473962351,0.80015370355113,0.424668726488911,0.904731910005805,0.883686405708326,0.837737847057609,0.818484549510889,0.855724710012163,0.913877583774347,0.424680508369445,0.431280012275521,1.00797073009052,1,0.997956607275582
71,0.984457719920936,401.269852781025,lower_branch_decreasing_demand,1.06,0.832547793767034,0.8495529890313,0.793273127752664,0.410135548673138,0.899817865181145,0.875989134825554,0.832499751596656,0.813131640263475,0.849701204288553,0.907846744969209,0.410147748642549,0.417073264433992,1.00796862920661,1,0.99795278764209
72,0.959017336727042,395.16416081449,lower_branch_decreasing_demand,1.06,0.827526871714896,0.843772845826312,0.786663975943793,0.396024471916962,0.895109740731207,0.868594501894166,0.827478538092494,0.807999119677025,0.84392104116381,0.90205956725017,0.39603710726048,0.403312032976498,1.0079664420049,1,0.997948731347098
73,0.933400630073012,389.016151217523,lower_branch_decreasing_demand,1.06,0.822725471870841,0.838239773367181,0.780331202099246,0.382353918169492,0.890609725103061,0.861508143712213,0.82267685621235,0.803089837125072,0.838387949738721,0.896519808113878,0.382367006016228,0.390016135529612,1.00796416562619,1,0.997944428910592
74,0.907753319141448,382.860796593948,lower_branch_decreasing_demand,1.06,0.81814578973867,0.832956976659574,0.774279176885063,0.369142439703227,0.886319586059989,0.854735048085739,0.818096901983927,0.798406178033665,0.833105135096139,0.891230699617633,0.369155996786285,0.377205411020406,1.0079617979898,1,0.997939872794036
75,0.882218303553712,376.732392852891,lower_branch_decreasing_demand,1.06,0.813789382452901,0.827926917171431,0.768511428528925,0.356408106742626,0.882240499709233,0.848279262863217,0.813740233025906,0.793949873759632,0.828075058775055,0.886194728029508,0.356422149132614,0.364899049883006,1.00795933799946,1,0.997935057955235
76,0.856933529279419,370.664047027061,lower_branch_decreasing_demand,1.06,0.809656934078875,0.82315103482727,0.763030315104067,0.344167679920633,0.878372833118552,0.842143527927651,0.809607533830029,0.789721760158357,0.823299160762291,0.881413354895985,0.344182222746619,0.353114710121668,1.0079567857119,1,0.997929982330433
77,0.832029306027837,364.687033446681,lower_branch_decreasing_demand,1.06,0.805748001252124,0.818629446474379,0.757836668284336,0.332435641693081,0.874715908892706,0.836328874963264,0.805698361380537,0.785721515808149,0.818777557956035,0.876886714572003,0.332450698869367,0.34186749954513,1.00795414244316,1,0.997924647176446
78,0.807625324037574,358.830077769018,lower_branch_decreasing_demand,1.06,0.802060777497516,0.814360665385761,0.752929460063178,0.321223197327326,0.871267787495087,0.830834252677367,0.802010909453993,0.781947419172372,0.814508763666423,0.872613332891973,0.321238781306728,0.331168941150325,1.00795141079196,1,0.997919057213297
79,0.783827719152219,353.118652596533,lower_branch_decreasing_demand,1.06,0.79859191645056,0.810341388822386,0.748305547146761,0.310537377563724,0.86802510474214,0.825656238825629,0.798541831824642,0.778396165969032,0.810489475176018,0.868589914120799,0.310553499137363,0.321026058916921,1.00794859456968,1,0.9979132205308
80,0.760726573227364,347.574377574567,lower_branch_decreasing_demand,1.06,0.795336447784809,0.806566393449657,0.743959539715843,0.300380371514964,0.864982995812439,0.820788891467771,0.795286158181771,0.775062781499086,0.806714469155395,0.86481123607404,0.300397039674502,0.311440715194878,1.00794569864089,1,0.99790714825733
81,0.738394190221664,342.214605653199,lower_branch_decreasing_demand,1.06,0.79228780509927,0.803028561611606,0.739883822044581,0.29074918581548,0.862135123482749,0.816223770401167,0.792237322014665,0.771940647807913,0.803176627937472,0.861270176459227,0.290766407686864,0.302409295013392,1.00794272869294,1,0.997900854027212
82,0.71688436459675,337.05224750322,lower_branch_decreasing_demand,1.06,0.789437965877508,0.799719039192112,0.736068726719663,0.281635671676593,0.859473810449728,0.811950130882165,0.789387300577279,0.769021645937589,0.799867097379856,0.857957871158699,0.281653452526229,0.293922775098678,1.00793969096369,1,0.997894353313915
83,0.696232691808659,332.095846034078,lower_branch_decreasing_demand,1.06,0.786777685084038,0.796627504068071,0.732502838892237,0.273026900060675,0.856990258356272,0.807955263358952,0.786726848497358,0.766296394491754,0.796775555319979,0.854863983396132,0.273045243367161,0.285967151766216,1.00793659196059,1,0.997887662711354
84,0.676457808729408,327.349874095058,lower_branch_decreasing_demand,1.06,0.784296790969014,0.793742508803526,0.729173388910273,0.264905813709936,0.85467482411791,0.804224932625146,0.784245793599117,0.763754552362081,0.793890554271738,0.851977047336907,0.264924721288731,0.278524149662848,1.00793343820112,1,0.997880799242413
85,0.657563335144213,322.815200434611,lower_branch_decreasing_demand,1.06,0.781984506758509,0.791051855277904,0.726066684427301,0.257252054913908,0.852517319685103,0.800743861617598,0.781933358614423,0.761385148391671,0.791199896056492,0.849284843704702,0.257271527079278,0.271572104191295,1.00793023599615,1,0.997873779756046
86,0.639540235799301,318.489656591832,lower_branch_decreasing_demand,1.06,0.779829764797458,0.788542962097071,0.723168536421269,0.250042862853581,0.850507304158642,0.797496208768318,0.779778475347197,0.759176903660566,0.78869099921684,0.846774768162803,0.250062898601848,0.265086907041048,1.00792699128722,1,0.997866620449231
87,0.622369331536929,314.368639568863,lower_branch_decreasing_demand,1.06,0.777821487815117,0.786203194930228,0.72046464411149,0.243253949120867,0.848634344784536,0.794465999609975,0.777770065959004,0.757118520353062,0.786351229355978,0.844434162527928,0.243274546320779,0.259042920964778,1.00792370953927,1,0.997859336525375
88,0.606023738566704,310.445697256009,lower_branch_decreasing_demand,1.06,0.775948822080027,0.784020141628622,0.717940917232071,0.236860285724752,0.846888232787941,0.791637488411561,0.775897276141546,0.755198921502048,0.784168174258498,0.842250590627393,0.236881441303748,0.253413797411104,1.00792039568303,1,0.997851941981432
89,0.604037249851559,309.968939964374,lower_branch_decreasing_demand,1.06,0.775723776103418,0.783757709073896,0.717637471745375,0.236087711448622,0.84667841960601,0.791297382733453,0.775672215213131,0.754968221659069,0.783905741539169,0.841988114560001,0.236108936560305,0.252738093532161,1.00791997946939,1,0.997851010648074
90,0.603048630617282,309.731671348148,lower_branch_decreasing_demand,1.06,0.775611979788621,0.783627333197871,0.7174867160789,0.235703577011656,0.846574192442815,0.791128412697904,0.775560411467485,0.754853615570321,0.783775365585678,0.841857718648468,0.235724836866712,0.252402500955471,1.00791977120283,1,0.997850544415538
