run,lambda_value,total_demand_MW,scheduled_PG2_MW,solved_PG2_MW,dispatch_error_MW,PG1_MW,QG2_MVAr,Vmin_pu,Vmax_pu,max_original_branch_MVA,max_original_branch_ratio
run_boundary,0,165,40,40.0,0.0,133.59292276011496,-14.266727885057776,0.981106051509996,1.06,116.35149986600425,0.465405999464017
run_boundary,0.09179893930684148,187.03174543364196,62.03174543364196,62.03174543364196,0.0,134.40130122400643,-13.782274171938525,0.9798928350123125,1.06,116.84090164170335,0.4673636065668134
run_boundary,0.16638544446754924,204.93250667221182,79.93250667221182,79.93250667221182,0.0,135.36172202808325,-12.873015203104842,0.9742075374234724,1.06,117.58524701165405,0.47034098804661617
run_boundary,0.1666666616229286,204.99999878950285,79.99999878950285,79.99999878950285,0.0,135.36588141834852,-12.86869067113389,0.9741715247107607,1.06,117.58866591796134,0.47035466367184536
run_020,0,165,40,40.0,0.0,133.59292276011496,-14.266727885057776,0.981106051509996,1.06,116.35149986600425,0.465405999464017
run_020,0.09179893930684148,187.03174543364196,62.03174543364196,62.03174543364196,0.0,134.40130122400643,-13.782274171938525,0.9798928350123125,1.06,116.84090164170335,0.4673636065668134
run_020,0.1827865760606586,208.86877825455807,83.86877825455807,80.0,-3.868778254558066,139.56887017252143,-12.028154897139473,0.9719620857657953,1.06,120.2065145224618,0.4808260580898472
run_020,0.19997104523115158,212.99305085547638,87.99305085547638,80.0,-7.993050855476383,144.0686512923916,-11.11605200862897,0.9695784008329978,1.06,123.05358524525788,0.4922143409810315
run_020,0.2,213.0,88.0,80.0,-8.0,144.07625003363322,-11.114501054444418,0.9695743595018528,1.06,123.05843002847486,0.49223372011389943
