lambda,V5,V7,V3,tap9,B5,Qshunt5,Pg1,Pg2,Pg2_requested,Qg2,Qc2,C2mode,C2Vdc,Ic1,Ic2,Ic3,Uc1,Uc2,Uc3,AC_error_MVA,DC_error_MW,bridge_error_MW,station_U_error_pu,station_I_error_pu,station_S_error_MVA,loss_error_MW,PQ_schedule_error,cap_margin_MVA,bus6_type,Pload5,Qload5
0,0.995073382098997,0.981252420237628,1,1.01111111111111,0,0,133.563498005811,40,40,-15.3071800343018,0.585082359325398,2,1,0.477935665002906,0.138215230151095,0.236869224557431,0.989666276775489,1.00026309598062,0.997458068723197,2.21339838927532e-10,5.75539615965681e-13,6.10844708148761e-13,8.72635297355373e-14,1.30784272300843e-13,2.18630319356842e-10,0,1.84804171965425e-10,78.769167767047,2,60,10
0.0918262965000641,0.984333925322641,0.980041679811531,1,1.01111111111111,0,0,134.367502093719,62.0383111600154,62.0383111600154,-14.831082746067,5.43324864606356,2,1,0.478436162483318,0.142803363176754,0.239453557712317,0.988597654253297,1.00216834938451,0.986746812948115,3.31251211939253e-10,4.43378667114303e-12,2.40918396343659e-13,6.92779167366098e-14,4.16500167688127e-13,1.77584240446666e-10,2.22044604925031e-16,2.01438865587988e-10,78.6113302904694,2,82.0383111600154,13.6730518600026
0.182849558322944,0.972953681715901,0.978718548373082,1,1.01111111111111,0,0,135.57228691939,83.8838939975066,83.8838939975066,-13.6681372620087,10.8086459268549,2,1,0.47904171167761,0.155750567707646,0.242254348613421,0.987307675646193,1.00428078522228,0.975397212393201,3.60833928708614e-10,3.31112914864207e-12,3.65485419706602e-13,1.33670852164869e-13,8.10740363732521e-13,3.27931128835714e-10,0,2.07521111406095e-10,78.420804499444,2,103.883893997507,17.3139823329178
0.272774675671641,0.960919364242074,0.977280782900663,1,1.01111111111111,0,0,137.192502037011,105.465922161194,105.465922161194,-11.8144313286572,16.7225512706694,2,1,0.479754888251745,0.177401683199358,0.245288282416241,0.985792537996718,1.00660483383054,0.96339618373007,3.25241725412584e-10,4.50484094471904e-12,3.11972669919669e-13,8.5043083686287e-14,1.05909725434117e-12,2.21426640375018e-10,2.22044604925031e-16,2.36544117626636e-10,78.1970323658588,2,125.465922161194,20.9109870268656
0.36127233916474,0.952883743100849,0.976268079572507,1,1.01111111111111,5,4.53993713932943,139.110884993162,126.705361399538,126.705361399538,-10.7399823950901,20.9488228562673,2,1,0.480223662502604,0.196283734159824,0.247356784825587,0.984799046536261,1.00826566989876,0.955383315772221,7.36458917594689e-07,2.09749416058003e-07,6.74474898154642e-09,3.10529379987656e-13,1.65971680843313e-11,2.41787312530736e-09,0,2.11957058127155e-07,78.0503079233245,2,146.705361399538,24.4508935665896
0.448262245535309,0.948901358227536,0.975682866385425,1,1.01111111111111,15,13.506206814691,141.286546318668,147.582938928474,147.582938928474,-10.4606501021038,23.474110841983,2,1,0.480444878740584,0.208567058468277,0.248394900916884,0.984330877907523,1.00925805364018,0.951412367630835,8.13472626535866e-07,2.32308821068727e-07,6.92104507038493e-09,3.1818991885757e-13,1.88459525762852e-11,2.72144166115518e-09,0,2.34785652253322e-07,77.981167576676,2,167.582938928474,27.9304898214124
0.533722343622591,0.934169235040906,0.973732397617104,1,1.01111111111111,15,13.0900823954537,162.554900610989,150,168.093362469422,-4.79136881307971,32.2353358901495,2,1,0.481830723378581,0.255226404773622,0.25231216310114,0.981407600067261,1.01270101411312,0.936723507286663,3.0466873098712e-10,9.59232693276135e-13,3.50164341966774e-13,9.57012247226885e-14,1.46105350040671e-12,2.51680475843172e-10,0,1.23797860851482e-10,77.5494714461585,2,188.093362469422,31.3488937449036
0.6063049654484,0.920690041997203,0.971917542059729,1,1.01111111111111,15,12.7150523014922,183.239611408705,150,185.513191707616,0.696229383879768,40.4940494904358,2,1,0.483165675687507,0.302950576347068,0.256006092869028,0.978607298796795,1.01594648703148,0.923285267473467,1.01931265970991e-10,1.57740487338742e-12,8.63753513158372e-14,1.51323398256409e-13,1.58384416693025e-12,3.64276907523496e-10,0,3.0969005138104e-10,77.1359701646923,2,205.513191707616,34.252198617936
0.676199699285559,0.906802142108067,0.970028761368553,1,1.01111111111111,15,12.3343518739767,203.682717985197,150,202.287927828534,6.43918268292032,49.1314848938841,2,1,0.484570689710361,0.355131168852226,0.259926889726709,0.975676450816228,1.01934077747086,0.909441005103515,2.29002782860011e-10,1.02318153949454e-12,5.32462962610225e-13,5.18474152499948e-14,6.14674977583718e-13,1.25645545203465e-10,2.22044604925031e-16,9.46158706938149e-11,76.7032280980273,2,222.287927828534,37.0479879714224
0.743040725658457,0.892556487966285,0.968074098458217,1,1.01111111111111,15,11.9498562631606,223.776346445017,150,218.32977415803,12.4098041383403,58.107808418812,2,1,0.486040090156581,0.410882261224114,0.264075454689358,0.972629152841707,1.02286823145984,0.895241715931898,1.93944592927448e-10,1.19371179607697e-12,7.49400541621981e-13,6.97220059464598e-14,1.13237197396643e-12,1.86421481766109e-10,0,4.34354774370149e-11,76.253331607848,2,238.32977415803,39.7216290263383
0.806464050749549,0.878019744244414,0.966064070849479,1,1.01111111111111,15,11.5637800692454,243.403600633786,150,233.551372179892,18.572194609344,67.3709939603132,2,1,0.487566057957429,0.469464417626041,0.268447562757274,0.96948369670054,1.02650840369715,0.88075405303552,5.42828656922091e-10,8.45545855554519e-13,4.25659507641285e-13,2.04947170345804e-13,3.47533113398413e-12,5.56099204346885e-10,2.22044604925031e-16,8.72688588060555e-11,75.7889858479977,2,253.551372179892,42.2585620299819
0.866138198053123,0.863271348339961,0.964011262054265,1,1.01111111111111,15,11.1785613129704,262.446341357465,150,247.873167532749,24.8835823173083,76.8587439590551,2,1,0.489138882521393,0.530206547841409,0.273033804317477,0.966261887975091,1.03023681259884,0.866057385555386,8.88480023026311e-11,6.67910171614494e-13,9.13047415451729e-13,3.50830475781549e-14,6.60083099290887e-13,9.82602672603478e-11,0,7.41948724680697e-11,70.4690178238813,2,267.873167532749,44.6455279221249
0.921794934826722,0.848398371423984,0.961929565068882,1,1.01111111111111,15,10.796696949523,280.794313749528,150,261.230784358413,31.296815592535,86.502127987066,2,1,0.490747512846612,0.592477017376225,0.277820265024573,0.962987775618719,1.03402637026777,0.851238665950883,2.62537197391607e-10,3.41060513164848e-13,5.75539615965681e-13,8.77076189453874e-14,1.47482026591206e-12,2.39557461973238e-10,2.22044604925031e-16,1.32182265133451e-10,61.1284473933451,2,281.230784358413,46.8717973930689
0.97325340082522,0.833489056463466,0.959833203710403,1,1.01111111111111,15,10.4205601086654,298.353794664207,150,273.580816198053,37.7635985366543,96.2303391575399,2,1,0.492380320878921,0.655684290085381,0.282789868166186,0.959686001508943,1.0378492516771,0.836385981779763,2.42003731013549e-10,6.18172180111287e-13,3.73256980878978e-13,8.57092175010621e-14,1.42652556434086e-12,2.35246501939577e-10,0,1.55914392507839e-10,51.6473564874069,2,293.580816198053,48.9301360330088
1.02043248410573,0.818626354352801,0.957735730780207,1,1.01111111111111,15,10.0522366206144,315.053952263753,150,284.903796185375,44.2378147643425,105.975603343602,2,1,0.494025922820043,0.719291178979764,0.287924104986569,0.956380103951178,1.04167882385357,0.821582110338019,1.64928770007528e-10,1.62003743753303e-12,6.79012401860746e-13,5.78426195829707e-14,9.31588139962969e-13,1.54974035388692e-10,2.22044604925031e-16,5.80939740757458e-11,42.1063231528957,2,304.903796185375,50.8172993642292
1.06334969855383,0.803882746793579,0.955649203467069,1,1.01111111111111,15,9.69341205888584,330.849796328952,150,295.203927652919,50.6782764467903,115.677258867175,2,1,0.495673891897721,0.782830786534639,0.293204775616559,0.953091113506716,1.04549124904247,0.806899360722622,9.34514548575465e-11,1.58451030074502e-12,2.84439138908965e-13,6.28386231937839e-14,1.10178532963801e-12,1.80637603846679e-10,0,9.50848288994166e-11,32.5753820199695,2,315.203927652919,52.5339879421532
1.10210863553546,0.789317134200768,0.953583663317469,1,1.01111111111111,15,9.34532307514369,345.72164978782,150,304.506072528511,57.0504738829944,125.284371873011,2,1,0.497315246527612,0.845916884443065,0.298615410945134,0.949836658293751,1.04926651241142,0.792396477887433,1.9688804081025e-10,1.27897692436818e-12,1.46327394645596e-13,5.73985303731206e-14,8.77964367873574e-13,1.4909317060421e-10,2.22044604925031e-16,1.97374561139441e-10,23.1124673334085,2,324.506072528511,54.0843454214185
1.13687950864038,0.774973879155594,0.951546944341887,1,1.01111111111111,15,9.00876770060204,359.671963110517,150,312.851082073691,63.3272417516673,134.756755392614,2,1,0.49894267904363,0.908246141026183,0.30414219980209,0.946630621983857,1.05298882244773,0.778117697105276,4.46936464138298e-11,1.4139800441626e-12,4.21218615542784e-13,1.02806652080289e-13,1.74282810405657e-12,2.90370778151314e-10,2.22044604925031e-16,1.65293556619872e-10,13.7630788458112,2,332.851082073691,55.4751803456152
1.16787768354988,0.76088356635287,0.9495447498316,1,1.01111111111111,15,8.68415702318794,372.720686248005,150,320.290644051971,69.4885329061111,144.064667727004,2,1,0.500550560207565,0.96959305306996,0.309774413350939,0.943483257435377,1.05664649236989,0.764093509505893,1.63707297992378e-10,1.70530256582424e-12,6.87672141452822e-13,1.20348175869367e-13,1.3399281684201e-12,2.80444499881824e-10,0,3.28739702126768e-10,4.56104203957816,2,340.290644051971,56.7151073419951
1.19534391348395,0.742976179522473,0.964983908209756,0.995602239839834,0.988888888888889,15,8.28020405006716,385.461117491075,150,326.882539236147,78.5380523851345,148.008534269088,1,1,0.50293103960178,1.00000000000024,0.317240669105554,0.938859938118177,1.05405580042493,0.746274448704551,6.03136745698924e-08,1.12187734657709e-08,9.76996261670138e-14,7.37188088351104e-14,1.74354974902258e-12,1.07517467623631e-09,2.22044604925031e-16,1.14016458496735e-08,-9.60651454656513e-11,2,346.882539236147,57.8137565393578
1.22650523675875,0.710701300346294,0.949841779372635,0.982611940152362,0.988888888888889,15,7.57644507470869,402.907259061774,150,334.361256822099,96.1852831907702,146.044215150742,1,1,0.507638865962675,0.999999999999998,0.331647430877818,0.929842160812443,1.04105335143716,0.714172216542861,3.27522402234155e-09,2.06056682827693e-09,7.8026474170656e-13,1.16462395283179e-13,7.04547531427124e-13,2.09144206811665e-10,4.44089209850063e-16,2.09439576792647e-09,1.04089979157826e-10,2,354.361256822099,59.0602094703498
1.23907093160449,0.692735599268063,0.963364466102715,0.97544989203935,0.966666666666667,15,7.19823915739924,411.533154731518,150,337.377023585078,105.924021670137,144.961119787133,1,1,0.510274834629612,1.00000000000002,0.340248517103315,0.924864511020676,1.03388443964119,0.696311022173275,2.97647244258589e-09,1.38058453558187e-11,7.061018436616e-14,6.7612582199672e-14,7.74047492768659e-13,1.54959005064618e-10,0,1.11363362975681e-10,-1.10787516888894e-10,2,357.377023585078,59.5628372641797
1.24385730236033,0.684184545856726,0.959294408885526,0.97204468404098,0.966666666666667,15,7.02162739183761,415.362589377046,150,338.525752566478,110.540732924742,144.446137182188,1,1,0.511534017537184,0.999999999999995,0.344501000238777,0.922504538900427,1.03047592601553,0.68781204461832,1.38935334286079e-10,1.14397380457376e-12,2.57571741713036e-14,3.574918139293e-14,1.53388413082212e-12,1.64230704514883e-10,2.22044604925031e-16,1.4545520343745e-10,4.91137725718904e-11,2,358.525752566478,59.7542920944131
1.24494530797867,0.682032253174046,0.958271382775062,0.971189107465676,0.966666666666667,15,6.97751991554499,416.299416505865,150,338.786873914882,111.700352226433,144.316743010454,1,1,0.511851274189182,1.00000000000001,0.345588143711052,0.921911735226946,1.02961951465885,0.68567310881734,2.25302227429057e-08,1.04760289332262e-08,3.86801701779405e-13,2.35367281220533e-13,2.27701191235496e-12,4.99599686173426e-10,2.22044604925031e-16,1.08011946053921e-08,1.82275881740548e-10,2,358.786873914882,59.797812319147
1.24547287414788,0.680953956282644,0.957759066656529,0.970760699030697,0.966666666666667,15,6.95547435865477,416.764697284555,150,338.913489795492,112.2809484053,144.251951833578,1,1,0.512010265538451,1,0.346135385831169,0.92161492691568,1.02919068759083,0.684601542236791,1.40354910210901e-09,6.49514220185665e-10,3.12638803734444e-13,4.17443857259059e-14,7.45625783338255e-13,1.25245937677593e-10,0,7.18635817520408e-10,-1.08896959261153e-10,2,358.913489795492,59.8189149659153
1.24573253556225,0.681697890151632,0.958204929423295,0.971145377386778,0.966666666666667,15,6.9706802015578,416.664279079711,150,338.97580853494,112.5,144.310134408238,1,1,0.511806681677456,1,0.345757649832757,0.921995014019924,1.02957574377247,0.685340829996598,8.33217696764752e-10,1.4492229638563e-10,1.90958360235527e-13,8.81517081552374e-14,6.91668944341473e-13,2.01957691279172e-10,2.22044604925031e-16,1.90809146261017e-10,6.57748563920095e-11,1,358.97580853494,59.8293014224899
1.24576032799002,0.682268630802347,0.958521965622952,0.9714163698764,0.966666666666667,15,6.98235726865363,416.526904488554,150,338.982478717605,112.5,144.351120821304,1,1,0.511676023597538,1,0.345468411933943,0.922239106866444,1.02984700180635,0.685908014517497,2.59844327902579e-10,6.62936372464173e-12,1.52766688188422e-13,7.0832228971085e-14,1.25388588401165e-12,2.08848700783269e-10,0,7.36672944867678e-11,1.82399421739084e-10,1,358.982478717605,59.8304131196009
1.24578563276542,0.682839312237811,0.958839008983458,0.971687376932907,0.966666666666667,15,6.9940428950611,416.388984095932,150,338.988551863702,112.5,144.3921093276,1,1,0.511545420764334,1,0.345179687476895,0.922483219091846,1.03011827423957,0.686475147400213,2.96713012950954e-10,5.08038056068472e-12,9.37028232783632e-14,7.91589016557737e-14,7.81985587394729e-13,1.50511857441518e-10,0,7.48032746855642e-11,9.64437990556032e-11,1,358.988551863702,59.831425310617
1.24580844844329,0.683409932740639,0.959156058399208,0.971958397601095,0.966666666666667,15,7.00573704252846,416.250518115688,150,338.99402762639,112.5,144.433099782583,1,1,0.511414873606065,1,0.344891475969962,0.922727349830019,1.03038956011608,0.68704222691356,2.82157392675845e-10,7.105427357601e-12,2.08721928629529e-13,1.02584607475364e-13,1.7688073228328e-12,2.89158930882215e-10,0,9.62057100650782e-11,-2.57881069674848e-10,1,358.99402762639,59.8323379377317
1.2458287736072,0.683980490559104,0.959473112745173,0.972229430908953,0.966666666666667,15,7.01743967198208,416.111506776443,150,338.998905665727,112.5,144.474092038452,1,1,0.511284382560734,1,0.344603776933324,0.922971498199977,1.03066085846293,0.687609251292157,1.26880587012515e-10,5.55644419364398e-12,1.756372824957e-13,1.13242748511766e-13,1.93511873192165e-12,3.16236801470021e-10,0,1.66828328929114e-10,-2.82336434501545e-10,1,358.998905665727,59.8331509442878
1.24584660687,0.684550983959809,0.959790170905884,0.972500475892496,0.966666666666667,15,7.02915074460515,415.971950308701,150,339.0031856488,112.5,144.515085949411,1,1,0.51115394806168,1.00000000000001,0.344316589879358,0.923215663327581,1.03093216831528,0.68817621878899,1.2644981970574e-10,8.22808488010196e-12,3.75255382323303e-14,6.4170890823334e-14,1.11088915843993e-12,1.81720329356093e-10,6.66133814775094e-16,8.79509798323852e-11,-1.62860804601843e-10,1,359.0031856488,59.8338642748
1.24586194687281,0.685121411210054,0.960107231765757,0.972771531587457,0.966666666666667,15,7.04087022147684,415.831848950002,150,339.006867249474,112.5,144.556081369741,1,1,0.511023570537368,1,0.344029914317403,0.923459844338988,1.03120348870797,0.688743127657602,2.60053622864868e-10,6.58673116049613e-12,1.77635683940025e-14,7.84927678409986e-14,1.26476606965298e-12,2.09891925536957e-10,0,1.03882236146546e-10,-1.84873262007047e-10,1,359.006867249474,59.8344778749123
1.24587479228714,0.685691770556293,0.960424294198142,0.973042597020262,0.966666666666667,15,7.05259806312936,415.69120294932,150,339.009950148913,112.5,144.597078151667,1,1,0.510893250426311,1,0.343743749766836,0.923704040350846,1.03147481866653,0.689309976130953,2.10636667987864e-10,6.94910795573378e-12,4.31876756579186e-13,4.66293670342566e-14,3.00648395068492e-13,9.12237327663331e-11,2.22044604925031e-16,7.18927140042069e-11,3.17606522774968e-12,1,359.009950148913,59.8349916914855
1.24588514181026,0.686262060275465,0.960741357092338,0.973313671230654,0.966666666666667,15,7.06433423060288,415.550012554214,150,339.012434034462,112.5,144.638076150018,1,1,0.510762988155432,0.999999999999998,0.343458095731973,0.923948250492231,1.03174615722984,0.689876762472307,1.22750011677546e-10,6.58673116049613e-12,1.0857981180834e-13,6.75015598972095e-14,1.11199938146456e-12,1.82159758472308e-10,2.22044604925031e-16,9.15951758884148e-11,1.62640390773878e-10,1,359.012434034462,59.8354056724104
1.24589299417199,0.68683227862177,0.961058419324804,0.973584753247328,0.966666666666667,15,7.07607868435159,415.408278025493,150,339.014318601277,112.5,144.6790752179,1,1,0.510632784156288,1,0.343172951726142,0.924192473882369,1.03201750342571,0.690443484922291,1.96248878429326e-10,7.70228325563949e-12,2.8643754035329e-13,1.12354570092066e-13,8.39994740431393e-13,2.01246862821141e-10,0,1.66323843586724e-10,1.22606057041224e-10,1,359.014318601277,59.8357197668794
1.24589834812725,0.687402423856693,0.961375479775678,0.973855842101951,0.966666666666667,15,7.08783138486084,415.265999627766,150,339.015603550539,112.5,144.720075208767,1,1,0.510502638859802,1,0.342888317258127,0.92443670964293,1.03228885628493,0.691010141728818,2.11984100484175e-10,7.63833440942108e-12,8.63753513158372e-14,7.34967642301854e-14,1.22191146090245e-12,2.05206696685813e-10,2.22044604925031e-16,5.72413227928337e-11,-1.78527278125034e-10,1,359.015603550539,59.8359339250899
1.24590120246203,0.687972494239125,0.961692537323298,0.974126936824587,0.966666666666667,15,7.09959229244403,415.123177633125,150,339.016288590887,112.5,144.761075974788,1,1,0.510372552696798,1,0.342604191838045,0.924680956893873,1.0325602148367,0.691576731137294,1.31087853878216e-10,8.21387402538676e-12,5.24469356832924e-13,9.28146448586631e-14,1.48059342564011e-12,2.42758685021038e-10,0,2.2352963924277e-10,2.16278000870963e-10,1,359.016288590887,59.8360480984811
1.24590155599183,0.688542488025844,0.962009590844896,0.974398036444349,0.966666666666667,15,7.1113613672523,414.979812321409,150,339.016373438038,112.5,144.802077370452,1,1,0.51024252609581,0.999999999999994,0.3423205749747,0.92492521475415,1.03283157810925,0.692143251390979,1.49021786287038e-10,7.7946538112883e-12,7.27862214944253e-13,7.105427357601e-14,1.21147536447097e-12,1.98522971240586e-10,2.22044604925031e-16,5.09743358634296e-11,-1.7612771720355e-10,1,359.016373438038,59.836062239673
1.24589940755896,0.689112403481729,0.962326639221036,0.974669139992765,0.966666666666667,15,7.12313856948548,414.835903976328,150,339.01585781415,112.5,144.843079247809,1,1,0.510112559484099,1,0.342037466173055,0.925169482345578,1.03310294513325,0.692709700741182,1.13776740132993e-10,6.95621338309138e-12,9.1926466438963e-14,8.75965966429249e-14,8.42548253388031e-13,1.98655893987732e-10,4.44089209850063e-16,9.03384034245391e-11,-3.00607413505894e-11,1,359.01585781415,59.8359763023583
1.24589475603631,0.689682238865806,0.962643681329596,0.974940246499273,0.966666666666667,15,7.13492385910426,414.691452889989,150,339.014741448715,112.5,144.884081460626,1,1,0.509982653290964,0.999999999999998,0.341754864940571,0.925413758787011,1.03337431493727,0.693276077433532,1.63315200167066e-10,9.954703727999e-12,1.47437617670221e-13,2.24265050974282e-14,4.54858373188927e-13,1.2659279060866e-10,0,6.76791955811495e-11,-6.62429478889897e-11,1,359.014741448715,59.8357902414525
1.24588760032678,0.690251992431982,0.962960716045198,0.975211354990387,0.966666666666667,15,7.14671719584481,414.546459362686,150,339.013024078427,112.5,144.925083861308,1,1,0.509852807943816,1,0.341472770784711,0.925658043194862,1.03364568654696,0.693842379708454,8.2191244207387e-11,7.7733375292155e-12,7.41628980449605e-13,6.51700915454967e-14,6.28719298845226e-13,1.49779068301156e-10,0,7.56328333295642e-11,-4.57982988378773e-11,1,359.013024078427,59.8355040130712
1.24587793935976,0.690821662452064,0.963277742251441,0.975482464499952,0.966666666666667,15,7.15851853969551,414.400923696393,150,339.010705446342,112.5,144.966086303703,1,1,0.509723023865921,0.999999999999998,0.341191183205092,0.925902334692499,1.03391705899532,0.694408605824266,3.33337465614631e-10,9.85522774499259e-12,7.22533144426052e-13,1.40443212615082e-13,1.31661348490297e-12,3.19788564385264e-10,4.44089209850063e-16,8.75246541909291e-11,-1.07152325942856e-10,1,359.010705446342,59.8351175743903
1.24586577209779,0.691391247163304,0.963594758813507,0.975753574046275,0.966666666666667,15,7.17032784981044,414.254846208883,150,339.00778530347,112.5,145.007088638874,1,1,0.509593301491173,1,0.340910101715148,0.926146632388411,1.03418843129977,0.694974754004883,3.70393713009609e-10,7.7733375292155e-12,1.4033219031262e-13,1.84297022087776e-14,2.95430346852754e-13,5.41520091023871e-11,0,5.15143483426073e-11,4.27200965630479e-11,1,359.00778530347,59.8346308839116
1.24585109752665,0.691960744850698,0.963911764621173,0.976024682668102,0.966666666666667,15,7.182145086215,414.108227211807,150,339.004263406395,112.5,145.04809072168,1,1,0.509463641234744,1,0.340629525806877,0.926390935410687,1.03445980249822,0.695540822521852,2.04061253434249e-10,9.45021838560933e-12,4.45865566689463e-13,5.25135490647699e-14,6.88560319872522e-13,1.22126705089887e-10,4.44089209850063e-16,1.20294885164185e-10,6.94536673013913e-11,1,359.004263406395,59.8340439010659
1.2458339146703,0.692530153759556,0.964228758544159,0.976295789387643,0.966666666666667,15,7.19397020799352,413.961067034949,150,339.000139520873,112.5,145.089092403922,1,1,0.509334043526631,1,0.340349454988981,0.926635242870632,1.03473117161204,0.696106809607113,3.05746685006225e-10,8.68993765834603e-12,8.14015521655165e-13,1.13353770814228e-13,1.4006573678671e-12,2.62192286061923e-10,0,2.5187318897224e-10,1.1659035579812e-10,1,359.000139520873,59.8333565868121
1.24581422257281,0.693099472154635,0.964545739460391,0.976566893233223,0.966666666666667,15,7.20580317451551,413.813366008367,150,338.995413417474,112.5,145.130093538807,1,1,0.509204508788846,1,0.340069888760274,0.926879553886796,1.03500253766868,0.696672713512079,1.86296169937251e-10,7.65965069149388e-12,2.44249065417534e-14,5.27355936696949e-14,1.3168355295079e-12,1.57092828288812e-10,0,1.64611435593542e-10,-1.09515754115872e-10,1,358.995413417474,59.8325689029124
1.24579202031429,0.693668698295466,0.964862706246188,0.976837993232257,0.966666666666667,15,7.21764394492388,413.665124470869,150,338.990084875429,112.5,145.17109397843,1,1,0.509075037445325,1,0.339790826621895,0.927123867575393,1.03527389969473,0.697238532482922,2.51578951099166e-10,8.37729885461158e-12,8.22231172037391e-13,3.41948691584548e-14,5.67657032490843e-13,9.64938482666799e-11,2.22044604925031e-16,7.82236497798294e-11,8.30787377465526e-11,1,358.990084875429,59.8316808125715
1.24576730700057,0.694237830438722,0.965179657775214,0.97710908840948,0.966666666666667,15,7.22949247818396,413.516342768482,150,338.984153680136,112.5,145.212093575739,1,1,0.508945629917709,0.999999999999997,0.339512268074195,0.927368183051065,1.03554525671407,0.697804264763009,1.80814035787202e-10,8.18545231595635e-12,6.03073146976385e-13,1.24789067967868e-13,1.01985087042067e-12,2.33013782470582e-10,0,1.52321710800152e-10,8.45337419112065e-11,1,358.984153680136,59.8306922800227
1.24574008176888,0.694806866850941,0.965496592926663,0.977380177794377,0.966666666666667,15,7.24134873334831,413.367021251664,150,338.977619624532,112.5,145.253092183682,1,1,0.508816286628315,0.999999999999997,0.339234212614404,0.927612499431969,1.03581660775534,0.698369908605564,3.57277196666806e-10,1.02247099675878e-11,3.40172334745148e-13,5.6843418860808e-14,4.50306458787963e-13,1.03774719765709e-10,4.44089209850063e-16,1.45884193614165e-10,6.64738372032442e-11,1,358.977619624532,59.8296032707553
1.24571034378557,0.695375805796602,0.965813510578391,0.97765126041514,0.966666666666667,15,7.2532126693091,413.217160278059,150,338.970482508537,112.5,145.294089654988,1,1,0.50868700799438,1.00000000000001,0.338956659737729,0.92785681583574,1.03608795184592,0.698935462261741,3.73432623636966e-10,1.08002495835535e-11,4.81614748082393e-13,6.97220059464598e-14,1.1518563880486e-12,1.96132911093034e-10,6.66133814775094e-16,6.28119778411929e-11,1.68086738070326e-10,1,358.970482508537,59.8284137514228
1.24567809224566,0.695944645531171,0.966130409602405,0.977922335294733,0.966666666666667,15,7.26508424465261,413.066760214128,150,338.962742138959,112.5,145.335085842138,1,1,0.508557794440739,1,0.338679608944608,0.92810113137468,1.03635928800791,0.699500923973791,2.63467183166845e-10,9.76285718934378e-12,3.00204305858642e-13,8.74855743404623e-14,1.12543308006252e-12,2.03848921580556e-10,0,1.11526787804905e-10,4.56487565386377e-11,1,358.962742138959,59.8271236898265
1.24564332637617,0.696513384325194,0.966447288879742,0.978193401464013,0.966666666666667,15,7.27696341816204,412.915821429269,150,338.954398330281,112.5,145.376080598266,1,1,0.508428646379989,0.999999999999999,0.338403059725903,0.928345445168262,1.03663061527135,0.700066291998923,2.35436491617449e-10,7.7804429565731e-12,8.06021915877864e-13,5.81756864903582e-14,9.66671187541124e-13,1.63468573648983e-10,4.44089209850063e-16,5.14219777869585e-11,-1.41757255592953e-10,1,358.954398330281,59.8257330550468
1.24560604543086,0.697082020430975,0.966764147280556,0.978464457944256,0.966666666666667,15,7.28885014812195,412.764344304257,150,338.945450903406,112.5,145.417073774966,1,1,0.508299564236465,0.999999999999997,0.338127011581387,0.928589756326853,1.03690193265668,0.700631564576321,1.36037732587238e-10,1.02673425317334e-11,4.29878355134861e-13,1.10023101740353e-13,9.63118473862323e-13,2.51538255209808e-10,0,1.32260424834385e-10,-1.40851443416526e-10,1,358.945450903406,59.8242418172343
1.24556624869457,0.69765055212153,0.967080983685703,0.978735503765574,0.966666666666667,15,7.30074439313215,412.61232922139,150,338.935899686697,112.5,145.458065225441,1,1,0.508170548424625,1,0.337851464001211,0.928834063969757,1.03717323919319,0.701196739965681,9.77129504579589e-11,1.1041834113712e-11,3.512745649914e-13,6.13953332617712e-14,3.58768570407619e-13,1.20439195587691e-10,0,1.35216282615147e-10,4.67787624604065e-11,1,358.935899686697,59.8226499477828
1.24552393548152,0.698218977660028,0.967397796971346,0.979006537954359,0.966666666666667,15,7.31264611146922,412.459776572116,150,338.925744515564,112.5,145.499054802808,1,1,0.508041599361114,0.999999999999997,0.337576416478483,0.929078367211512,1.03744453390644,0.701761816417017,2.28746819610137e-10,9.2441609922389e-12,6.54143406109142e-13,3.67483821150927e-14,1.15113474308259e-12,1.31166318161359e-10,4.44089209850063e-16,8.55191473192463e-11,-3.58029998539695e-11,1,358.925744515564,59.8209574192607
1.24547910513727,0.698787295304807,0.967714586010118,0.979277559533598,0.966666666666667,15,7.32455526119112,412.306686756042,150,338.914985232945,112.5,145.540042358591,1,1,0.507912717462829,0.999999999999999,0.33730186850691,0.929322665164553,1.03771581581861,0.702326792175483,1.68824315555382e-10,9.36495325731812e-12,7.54951656745106e-15,8.47100167788994e-14,1.29130039994152e-12,2.1435157367666e-10,4.44089209850063e-16,2.09809059015242e-10,1.89762766878981e-10,1,358.914985232945,59.8191642054909
1.24543175703372,0.699355503337919,0.968031349687901,0.97954856753767,0.966666666666667,15,7.33647180073552,412.153060173142,150,338.903621688093,112.5,145.581027747247,1,1,0.507783903141359,0.999999999999998,0.337027819571851,0.92956695695071,1.03798708396325,0.702891665509925,2.92704699584234e-10,1.1361578344804e-11,1.54098955817972e-13,5.30686605770825e-14,9.08939590260616e-13,1.49451738776549e-10,0,4.50768311566208e-11,1.33878826254735e-10,1,358.903621688093,59.8172702813488
1.245381890576,0.699923600015877,0.968348086875563,0.979819560987776,0.966666666666667,15,7.34839568788778,411.99889723716,150,338.891653738239,112.5,145.622010820217,1,1,0.507655156812492,1,0.336754269166263,0.929811241680681,1.03825833736076,0.703456434663752,3.23308399461731e-10,1.06510356090439e-11,8.03357380618763e-13,1.11133324764978e-13,1.43485223702555e-12,2.53437989516014e-10,2.22044604925031e-16,2.05027106403577e-10,2.10672318788571e-10,1,358.891653738239,59.8152756230398
1.24532950519637,0.700491583607379,0.968664796451054,0.980090538911283,0.966666666666667,15,7.3603268805716,411.844198364579,150,338.879081247128,112.5,145.662991430489,1,1,0.507526478889859,1,0.336481216778532,0.930055518469817,1.03852957503768,0.704021097892468,1.77294237327273e-10,9.9404928732838e-12,1.02362562870439e-13,9.10382880192628e-14,1.56674673235102e-12,2.57755413976906e-10,0,1.07190700759929e-10,2.29957646303642e-10,1,358.879081247128,59.8131802078546
1.2452746003599,0.701059452385578,0.96898147729474,0.98036150033751,0.966666666666667,15,7.3722653366875,411.688963978572,150,338.865904086377,112.5,145.703969431243,1,1,0.507397869784151,0.999999999999998,0.336208661894854,0.930299786435602,1.03880079602254,0.70458565345613,1.77870190136609e-10,9.97602001007181e-12,4.46309655899313e-14,4.15223411209809e-14,6.88782364477447e-13,1.16935576441075e-10,0,3.266897863341e-11,1.01533251316549e-10,1,358.865904086377,59.8109840143962
1.24521717555727,0.701627204626635,0.969298128287627,0.980632444296029,0.966666666666667,15,7.38421101408278,411.533194507575,150,338.852122133745,112.5,145.744944675625,1,1,0.507269329904892,0.999999999999996,0.335936603999117,0.930544044695642,1.03907199934409,0.705150099617788,2.34268607716542e-10,1.04876107798191e-11,3.62820884447501e-13,9.78106484694763e-14,1.12354570092066e-12,2.23907898168142e-10,2.22044604925031e-16,2.13866258036433e-10,-1.64712557479459e-10,1,358.852122133745,59.8086870222909
1.24515723031367,0.702194838592292,0.969614748303328,0.980903369810208,0.966666666666667,15,7.39616387018482,411.376890390664,150,338.837735275281,112.5,145.785917015173,1,1,0.507140859664266,0.999999999999999,0.335665042580133,0.930788292361677,1.0393431840249,0.705714434626111,1.59991125707585e-10,1.2839507235185e-11,6.61248833466743e-13,6.21724893790088e-14,8.34332603005805e-13,1.46888976624103e-10,2.22044604925031e-16,1.17310605673993e-10,9.24905965127076e-11,1,358.837735275281,59.8062892125469
1.24509476418136,0.702762352555424,0.969931336221023,0.981174275907951,0.966666666666667,15,7.40812386253852,411.220052070718,150,338.822743403526,112.5,145.826886303571,1,1,0.507012459473452,0.999999999999998,0.335393977122679,0.931032528549446,1.03961434909207,0.706278656740879,2.51842691619344e-10,1.17950094136177e-11,6.3771210534469e-13,2.88657986402541e-14,9.55513446143641e-13,1.12669018790203e-10,2.22044604925031e-16,1.29524835301709e-10,4.73855188443072e-11,1,358.822743403526,59.8037905672543
1.24502977674207,0.703329744802717,0.970247890927381,0.981445161623457,0.966666666666667,15,7.42009094886382,411.06267999419,150,338.807146418096,112.5,145.867852394528,1,1,0.506884129735149,1,0.335123407103888,0.931276752380682,1.03988549357902,0.706842764235679,1.39758667748776e-10,1.2768452961609e-11,5.52891066263328e-14,6.89448498292222e-14,9.98090499138016e-13,1.731171910607e-10,2.22044604925031e-16,1.40140343773965e-10,-1.47099107138578e-10,1,358.807146418096,59.8011910696826
1.2449622676093,0.703897013594572,0.970564411293952,0.981716025977854,0.966666666666667,15,7.43206508621036,410.904774620333,150,338.790944226233,112.5,145.90881513949,1,1,0.506755870861006,0.999999999999999,0.334853332012164,0.931520962964881,1.04015661650607,0.707406755357927,7.47313343447604e-11,1.23066001833649e-11,2.87325718772991e-13,9.85878045867139e-14,1.16318066289978e-12,2.27865800892865e-10,0,8.49169623506896e-11,-5.46378768698451e-11,1,358.790944226233,59.7984907043721
1.24489223642598,0.704464157215871,0.970880896206397,0.981986868004387,0.966666666666667,15,7.44404623202801,410.746336409573,150,338.774136742236,112.5,145.949774392654,1,1,0.506627683256195,0.999999999999998,0.334583751325059,0.931765159422294,1.04042771690567,0.707970628379477,2.79689317287259e-10,1.19513288154849e-11,3.85691478754779e-13,1.25566224085105e-13,1.25444099552396e-12,2.8878469038491e-10,2.22044604925031e-16,1.78992820565327e-10,-1.84498680413794e-10,1,358.774136742236,59.7956894570393
1.24481968286362,0.705031173948229,0.971197344548089,0.982257686734186,0.966666666666667,15,7.45603434358228,410.587365829495,150,338.756723887269,112.5,145.990730006615,1,1,0.506499567324455,1,0.334314664520826,0.932009340871298,1.04069879380819,0.708534381568833,3.41927525500758e-10,1.31379351842043e-11,2.37587727269783e-13,1.12798659301916e-13,1.96831440035794e-12,3.26210167840047e-10,0,1.19435128453915e-10,2.896489191662e-10,1,358.756723887269,59.7927873145449
1.24474460662537,0.705598062069984,0.971513755199978,0.982528481196062,0.966666666666667,15,7.46802937795376,410.427863355434,150,338.738705590088,112.5,146.031681835732,1,1,0.506371523470801,0.999999999999996,0.334046071078934,0.932253506428423,1.04096984624163,0.709098013191408,2.49501561828576e-10,1.24629195852322e-11,6.61914967281518e-13,6.56141807553468e-14,5.65103519534205e-13,1.38531748820638e-10,2.22044604925031e-16,8.53930259836488e-11,8.99931237293429e-12,1,358.738705590088,59.7897842650147
1.24466700744258,0.706164819859546,0.971830127043453,0.98279925041935,0.966666666666667,15,7.48003129210897,410.267829469292,150,338.72008178622,112.5,146.07262973209,1,1,0.506243552097796,1,0.333777970477288,0.932497655209824,1.04124087323457,0.709661521512616,2.40690933771472e-10,1.2875034371973e-11,3.66373598126302e-13,3.49720252756924e-14,9.53737089304241e-13,1.13085768565206e-10,0,1.67688085639384e-10,2.68744421581297e-11,1,358.72008178622,59.7866802977034
1.24458688507831,0.706731445606022,0.972146458965096,0.983069993437434,0.966666666666667,15,7.49204004312565,410.107264657463,150,338.700852418796,112.5,146.113573549717,1,1,0.506115653606833,1,0.333510362190337,0.932741786336295,1.0415118738196,0.710224904808576,3.00823959935161e-10,1.32303057398531e-11,1.18860477016369e-12,4.75175454539567e-14,7.72715225139109e-13,1.08602648008639e-10,2.22044604925031e-16,1.93011828741874e-10,6.76630132402975e-11,1,358.700852418796,59.7834754031326
1.24450423932354,0.707297937593553,0.972462749848695,0.983340709281343,0.966666666666667,15,7.50405558786141,409.946169413477,150,338.681017437649,112.5,146.154513142136,1,1,0.505987828398701,0.999999999999995,0.333243245692782,0.93298589892569,1.04178284702698,0.710788161350448,1.78691225978257e-10,1.19229071060545e-11,5.60440582830779e-13,7.69384556065233e-14,6.93223256575948e-13,1.7681021011286e-10,2.22044604925031e-16,1.88926208011253e-10,-1.44435547786339e-11,1,358.681017437649,59.7801695729414
1.24441907000107,0.707864294104115,0.972778998577201,0.983611396981444,0.966666666666667,15,7.51607788301276,409.7845442389,150,338.660576800257,112.5,146.195448362469,1,1,0.505860076875193,1,0.332976620460599,0.933229992094928,1.04205379188631,0.711351289407264,2.44357564610392e-10,1.11270992420032e-11,4.2676973066591e-13,3.63042929052426e-14,5.08926234488172e-13,8.87623733258016e-11,0,6.37925268165418e-11,-7.54482159164826e-11,1,358.660576800257,59.7767628000428
1.24433137696467,0.708430513424646,0.973095204035878,0.983882055569848,0.966666666666667,15,7.52810688526661,409.622389640709,150,338.639530471521,112.5,146.236379064422,1,1,0.505732399435094,0.999999999999998,0.332710485966411,0.933474064963002,1.04232470742892,0.71191428725305,1.45869679642257e-10,1.48219214679557e-11,4.78062034403592e-13,1.10245146345278e-13,1.67976743625786e-12,2.78928097689352e-10,6.66133814775094e-16,1.92834193057934e-10,-2.47641796866916e-10,1,358.639530471521,59.7732550785868
1.24424116009189,0.708996593861475,0.973411365119741,0.984152684086711,0.966666666666667,15,7.54014255160761,409.459706126837,150,338.617878422055,112.5,146.277305102063,1,1,0.505604796471597,0.999999999999997,0.332444841676386,0.933718116656176,1.04259559269424,0.712477153181187,3.72011253019958e-10,1.39408484756132e-11,2.06723527185204e-13,7.41628980449605e-14,1.30717658919366e-12,2.19886562226134e-10,0,8.57056647873833e-11,1.93395327622689e-10,1,358.617878422055,59.7696464036758
1.24414841929755,0.709562533692942,0.973727480709227,0.984423281559918,0.966666666666667,15,7.55218483831122,409.296494220126,150,338.595620631413,112.5,146.318226329592,1,1,0.505477268386049,1,0.332179687065573,0.933962146289017,1.04286644670936,0.713039885457081,1.17480063292036e-10,1.36353150992363e-11,5.25135490647699e-13,4.18554080283684e-14,8.33555446888568e-13,1.09805550805988e-10,0,1.13366205312104e-10,-7.48219462560673e-11,1,358.595620631413,59.7659367719021
1.24405315452273,0.71012833121789,0.974043549695578,0.984693847026412,0.966666666666667,15,7.56423370197459,409.132754444452,150,338.572757085456,112.5,146.359142600202,1,1,0.505349815571108,1,0.331915021600861,0.934206152984435,1.04313726851047,0.713602482366755,8.60423424265365e-11,1.27116095427482e-11,5.20028464734423e-13,3.04201108747293e-14,4.51194637207664e-13,1.14705921595708e-10,0,3.7076119951962e-11,6.61677325056438e-11,1,358.572757085456,59.7621261809093
1.24395536573959,0.710693984728706,0.974359570966218,0.984964379519691,0.966666666666667,15,7.5762890989435,408.968487332136,150,338.549287777502,112.5,146.400053768275,1,1,0.505222438423238,0.999999999999999,0.331650844752117,0.934450135862311,1.04340805713033,0.714164942189628,1.6650160066188e-10,1.33439925775747e-11,1.46549439250521e-14,7.34967642301854e-14,9.85767023564676e-13,1.74155639265396e-10,0,1.8745538454823e-10,2.56378139583004e-11,1,358.549287777502,59.7582146295837
1.24385505294909,0.711259492528281,0.974675543414472,0.985234878078334,0.966666666666667,15,7.58835098567382,408.803693419336,150,338.525212707781,112.5,146.44095968821,1,1,0.505095137333391,1,0.331387155983574,0.934694094046687,1.04367881160676,0.714727263215752,2.68725072225438e-10,1.24700250125898e-11,4.51860771022439e-13,6.78346268045971e-14,1.44378953237378e-12,1.85852529314191e-10,6.66133814775094e-16,1.17715615033376e-10,-7.99371290160662e-11,1,358.525212707781,59.7542021179635
1.24375221618178,0.711824852919968,0.974991465933753,0.985505341740844,0.966666666666667,15,7.60041931851801,408.63837324883,150,338.500531883628,112.5,146.481860214585,1,1,0.504967912694603,1,0.331123954760272,0.934938026661471,1.04394953097753,0.715289443735636,1.60692324440408e-10,1.43387524076388e-11,1.3899992268307e-13,1.03028696685215e-13,1.74904535299447e-12,2.9011744571422e-10,0,1.46265222156217e-10,-2.58915093886484e-10,1,358.500531883628,59.7500886472714
1.24364685550097,0.712390064197416,0.975307337411336,0.985775769540208,0.966666666666667,15,7.61249405350797,408.472527372942,150,338.475245320232,112.5,146.522755200553,1,1,0.504840764898748,0.999999999999999,0.330861240549294,0.935181932826145,1.04422021427486,0.715851482030045,1.47240630491714e-10,1.36495259539515e-11,1.31894495325469e-13,7.63833440942108e-14,7.56283924374657e-13,1.51477177695942e-10,4.44089209850063e-16,1.68206781836489e-10,6.17259059444072e-12,1,358.475245320232,59.7458742200387
1.24353897099529,0.712955124677318,0.97562315674806,0.986046160521198,0.966666666666667,15,7.62457514705475,408.306156344011,150,338.449353038869,112.5,146.563644502121,1,1,0.504713694330938,0.999999999999999,0.330599012808641,0.935425811670097,1.0444908605428,0.716413376402879,4.09764606447753e-10,1.43671741170692e-11,3.06199510191618e-13,8.92619311798626e-14,1.9213519664163e-12,2.52785695513631e-10,0,1.4213696886145e-10,2.26149561122734e-10,1,358.449353038869,59.7415588398116
1.24342856278601,0.713520032662717,0.975938922836396,0.9863165137211,0.966666666666667,15,7.63666255516506,408.139260725358,150,338.422855068642,112.5,146.604527974187,1,1,0.504586701384192,0.999999999999999,0.330337271002454,0.935669662316087,1.0447614688179,0.716975125144326,1.72885254160397e-10,1.63566937771975e-11,4.55191440096314e-14,5.92859095149834e-14,9.744427487135e-13,1.67439623483553e-10,4.44089209850063e-16,6.46522835268115e-11,-1.4405136792296e-10,1,358.422855068642,59.7371425114404
1.24331563102388,0.714084786465332,0.97625463457395,0.986586828181706,0.966666666666667,15,7.64875623391859,407.971841084341,150,338.395751445731,112.5,146.645405470934,1,1,0.504459786441585,0.999999999999996,0.330076014589401,0.935913483890755,1.04503203814122,0.717536726553245,1.44005974553055e-10,1.46513912113733e-11,6.10622663543836e-14,9.9031893796564e-14,1.71840319751482e-12,2.85346493945146e-10,2.22044604925031e-16,6.91882107162201e-11,-2.53678755120926e-10,1,358.395751445731,59.7326252409552
1.24320017589068,0.714649384391562,0.976570290854855,0.986857102941563,0.966666666666667,15,7.66085613916858,407.803897996561,150,338.368042213763,112.5,146.686276846894,1,1,0.504332949892876,0.999999999999999,0.329815243031257,0.936157275517835,1.04530256755058,0.718098178923343,3.16266281003504e-10,1.60937929649663e-11,8.79296635503124e-14,3.05311331771918e-14,4.49418280368263e-13,8.16761133388895e-11,2.22044604925031e-16,8.2415851920814e-11,-6.63295296599944e-11,1,358.368042213763,59.7280070356271
1.24308219759489,0.715213824762329,0.976885890581471,0.98712733704624,0.966666666666667,15,7.67296222696739,407.635432040261,150,338.339727422774,112.5,146.727141958066,1,1,0.504206192120635,1.00000000000001,0.329554955783244,0.936401036327431,1.04557305609081,0.718659480562696,3.62722928354532e-10,1.52908796735574e-11,3.46389583683049e-13,9.65894031423886e-14,6.83009204749396e-13,2.27643229248642e-10,0,2.47467824010528e-10,4.28892791674069e-11,1,358.339727422774,59.7232879037956
1.24296169637752,0.715778105892265,0.977201432652554,0.98739752953817,0.966666666666667,15,7.68507445312079,407.466443802182,150,338.310807130605,112.5,146.768000659677,1,1,0.504079513509303,1,0.32929515230343,0.936644765446444,1.04584350280364,0.719220629773139,2.37388343530318e-10,1.5475620784855e-11,4.78728168218368e-13,5.47339951140202e-14,6.20836715370388e-13,1.13002753407556e-10,0,2.20168772102625e-10,-7.99152742906679e-12,1,358.310807130605,59.7184678551008
1.24283867250631,0.716342226106557,0.977516915972444,0.987667679464396,0.966666666666667,15,7.69719277354946,407.296933872767,150,338.281281401514,112.5,146.808852807371,1,1,0.503952914437694,1,0.329035832043903,0.936888462006199,1.04611390673539,0.719781624867105,1.51953942377467e-10,1.45661260830821e-11,1.72972747236599e-13,9.40358901857508e-14,8.75188810312011e-13,1.852847316706e-10,2.22044604925031e-16,1.69094960256189e-10,-2.40140376253864e-12,1,358.281281401514,59.7135469002523
1.24271312628126,0.716906183726875,0.977832339443376,0.987937785870084,0.966666666666667,15,7.70931714398748,407.126902850292,150,338.251150307503,112.5,146.849698256712,1,1,0.503826395289029,0.999999999999998,0.32877699445973,0.93713212513588,1.04638426693051,0.720342464153494,4.70603202634331e-10,1.66906488630048e-11,6.63247234911069e-13,7.89368570508486e-14,9.82658399095726e-13,1.84944632132398e-10,0,2.27323937451729e-10,4.38129253505842e-11,1,358.251150307503,59.7085250512504
1.24258505803285,0.717469977074417,0.978147701967729,0.988207847800538,0.966666666666667,15,7.72144752004747,406.956351339753,150,338.220413927885,112.5,146.890536863423,1,1,0.503699956442981,1,0.328518639004751,0.937375753964918,1.04665458243359,0.720903145940792,2.30597420435295e-10,1.56603618961526e-11,7.94919685631612e-14,2.28705943072782e-14,1.32338584535319e-13,6.05093825872119e-11,2.22044604925031e-16,7.53770379446905e-11,1.94850484380033e-11,1,358.220413927885,59.7034023213142
1.24245446811847,0.718033604478284,0.978463002451225,0.988477864303557,0.966666666666667,15,7.73358385740115,406.785279950577,150,338.189072348434,112.5,146.931368483223,1,1,0.503573598278597,1,0.328260765130359,0.937619347625214,1.04692485229173,0.721463668545352,1.70840266230456e-10,1.6811441128084e-11,9.37472321993482e-13,6.22835116814713e-14,1.04194430861071e-12,1.72866936339719e-10,4.44089209850063e-16,1.39870337534376e-10,1.54210987859322e-10,1,358.189072348434,59.698178724739
1.24232135692419,0.718597064277633,0.978778239805935,0.988747834432564,0.966666666666667,15,7.74572611182649,406.613689295914,150,338.157125661806,112.5,146.972192973577,1,1,0.503447321169014,0.999999999999999,0.328003372283009,0.93786290525322,1.04719507555765,0.722024030293597,2.8562901671778e-10,1.69251279658056e-11,7.17426118512776e-13,6.3504757008559e-14,1.04949382517816e-12,1.80307968078679e-10,2.22044604925031e-16,1.06481934381009e-10,-1.55570382238438e-10,1,358.157125661806,59.6928542769677
1.24218572487223,0.719160354787515,0.979093412930271,0.989017757229163,0.966666666666667,15,7.75787423847156,406.441580002677,150,338.124573969335,112.5,147.013010188812,1,1,0.503321125496459,1,0.327746459918024,0.938106425974394,1.04746525127224,0.722584229487865,1.90687097659384e-10,1.5901946426311e-11,5.18696197104873e-13,9.9475983006414e-14,1.71640479607049e-12,2.84858131302973e-10,2.22044604925031e-16,1.10809139641788e-10,-2.54929691463229e-10,1,358.124573969335,59.6874289948891
1.2420475724044,0.719723474368425,0.97940852074736,0.989287631755796,0.966666666666667,15,7.77002819335436,406.268952691255,150,338.091417377057,112.5,147.053819986859,1,1,0.503195011628647,1,0.327490027475203,0.938349908933969,1.04773537849727,0.723144264475977,3.24249058318026e-10,1.55679913405038e-11,7.105427357601e-14,8.61533067109121e-14,1.36435307496185e-12,2.38549161899914e-10,0,1.91846538655227e-10,2.01719270674105e-10,1,358.091417377057,59.6819028961762
1.24190690000172,0.720286421345598,0.979723562161452,0.989557457059004,0.966666666666667,15,7.78218793162272,406.095807999042,150,338.057656000412,112.5,147.094622224695,1,1,0.503068979941725,0.999999999999999,0.327234074404706,0.938593353261619,1.04800545627857,0.723704133570408,1.63766615196565e-10,1.69322333931632e-11,3.19300141882195e-13,8.40438829641244e-14,5.32462962610225e-13,1.56649640353396e-10,2.22044604925031e-16,1.10266462627351e-10,-5.34922690411698e-11,1,358.057656000412,59.6762760000687
1.24176370816641,0.720849194070089,0.980038536090369,0.989827232196579,0.966666666666667,15,7.79435340887245,405.922146562379,150,338.023289959937,112.5,147.135416759113,1,1,0.502943030804976,1,0.326978600148765,0.938836758097784,1.04827548367326,0.724263835109577,2.55205220032689e-10,1.64845914696343e-11,2.8155255904494e-13,1.01918473660589e-13,1.70374825358977e-12,2.87541409283411e-10,2.22044604925031e-16,6.3948846218409e-11,-2.52995430601084e-10,1,358.023289959937,59.6705483266562
1.24161799743548,0.721411790883404,0.980353441446622,0.990096956221738,0.966666666666667,15,7.806524580384,405.747969027141,150,337.988319384514,112.5,147.176203446473,1,1,0.50281716459021,0.999999999999991,0.326723604152228,0.939080122578481,1.04854545973386,0.724823367422314,1.50893771581666e-10,1.68682845469448e-11,1.49658063719471e-13,2.27595720048157e-14,8.17679257636428e-14,4.62876366842433e-11,0,6.35251851122121e-11,1.13935027537408e-11,1,357.988319384514,59.664719897419
1.24146976837257,0.721974210139103,0.980668277149719,0.990366628193677,0.966666666666667,15,7.81870140158972,405.573276042324,150,337.952744409416,112.5,147.216982145305,1,1,0.502691381665169,0.999999999999998,0.326469085855744,0.939323445845047,1.04881538351889,0.725382728849475,8.15987586975952e-11,1.63353774951247e-11,4.03233002543857e-13,2.04281036531029e-14,3.25184323912708e-13,6.06225572349948e-11,0,4.9844572913571e-11,-4.79943899296998e-11,1,357.952744409416,59.6587907349027
1.24131902157337,0.722536450184005,0.980983042115139,0.990636247168008,0.966666666666667,15,7.83088382766756,405.398068265581,150,337.916565177609,112.5,147.257752712481,1,1,0.502565682398585,0.999999999999998,0.326215044701642,0.939566727035521,1.04908525408329,0.725941917725285,1.71011423581382e-10,1.59730006998871e-11,7.12985226414276e-13,6.23945339839338e-14,1.04471986617227e-12,1.75589820047364e-10,0,9.76951852749153e-11,-1.54844667353586e-10,1,357.916565177609,59.6527608629349
1.24116575766008,0.723098509378637,0.981297735265788,0.990905812206545,0.966666666666667,15,7.8430718139841,405.222346357284,150,337.87978183842,112.5,147.298515005404,1,1,0.50244006715644,1,0.325961480128193,0.939809965293613,1.0493550704882,0.726500932397627,3.01241462982505e-10,1.74438241629105e-11,2.19380069665931e-13,1.65423230669148e-13,2.86914936253879e-12,4.77959745685018e-10,0,3.33599814439367e-11,4.25831444838929e-10,1,357.87978183842,59.6466303064033
1.24100997728448,0.723660386081173,0.981612355523858,0.991175322370668,0.966666666666667,15,7.85526531574729,405.046110984489,150,337.842394548274,112.5,147.33926888392,1,1,0.50231453630057,1,0.325708391572845,0.940053159762117,1.04962483179432,0.727059771211961,1.26920143101854e-10,1.64916968969919e-11,2.63344901441087e-13,8.28226376370367e-14,1.02950981073491e-12,1.94666487661924e-10,0,5.00506303069415e-11,-1.37234084599365e-10,1,357.842394548274,59.640399091379
1.24085168112959,0.724222078652519,0.981926901812056,0.991444776721728,0.966666666666667,15,7.86746428811663,404.869362821059,150,337.804403471102,112.5,147.380014204264,1,1,0.502189090197921,1,0.325455778473252,0.940296309584338,1.04989453706235,0.727618432516654,2.09058472767194e-10,1.73585590346192e-11,2.02060590481778e-13,9.54791801177635e-15,1.38888900380607e-13,3.38995525303785e-11,2.22044604925031e-16,4.39825953435502e-11,2.0390927267544e-11,1,357.804403471102,59.6340672451838
1.24069086990487,0.724783585458142,0.982241373056129,0.991714174323862,0.966666666666667,15,7.8796686862434,404.692102545091,150,337.765808777169,112.5,147.420750825727,1,1,0.50206372920846,1,0.325203640264675,0.940539413905516,1.05016418535576,0.728176914664512,2.1122146139922e-10,1.86517468137026e-11,4.42756942220512e-13,7.00550728538474e-14,8.58979554152484e-13,1.49964959228185e-10,2.22044604925031e-16,6.56434906431969e-11,4.49713216113625e-11,1,357.765808777169,59.6276347961949
1.24052754434681,0.725344904879578,0.982555768190544,0.991983514248436,0.966666666666667,15,7.89187846552145,404.51433083703,150,337.726610643235,112.5,147.46147860779,1,1,0.501938453689977,1,0.32495197637703,0.940782471877833,1.05043377574526,0.728735216024471,1.22068028461778e-10,1.67688085639384e-11,6.83453293959246e-13,6.22835116814713e-14,8.23785484271866e-13,1.44284093864999e-10,0,1.12734710455697e-10,6.66575707962542e-11,1,357.726610643235,59.6211017738725
1.24036170523028,0.725906035272737,0.982870086135999,0.992252795555189,0.966666666666667,15,7.90409358068077,404.336048391783,150,337.686809255268,112.5,147.502197408301,1,1,0.501813264005366,0.999999999999995,0.32470078624814,0.94102548264221,1.05070330728994,0.729293334939808,1.58411967143551e-10,1.74011915987649e-11,6.84785561588797e-13,3.79696274421804e-14,2.4535928844216e-13,7.26990159469777e-11,2.22044604925031e-16,6.13979977970303e-11,8.36131022004403e-12,1,357.686809255268,59.6144682092114
1.24019335334795,0.726466975024949,0.983184325829756,0.992522017317638,0.966666666666667,15,7.91631398702849,404.15725590084,150,337.646404803508,112.5,147.542907087126,1,1,0.501688160508406,1,0.324450069306089,0.941268445352744,1.05097277906266,0.72985126978536,2.3024726308305e-10,1.75646164279897e-11,1.83630888273001e-13,3.44169137633799e-14,8.62421245528822e-13,9.77171282382812e-11,0,1.00300212579896e-10,-8.74043575445461e-11,1,357.646404803508,59.607734133918
1.24002248952819,0.727027722512644,0.983498486203998,0.992791178605187,0.966666666666667,15,7.92853963952884,403.977954065835,150,337.605397486765,112.5,147.583607503233,1,1,0.501563143557746,1,0.324199824981728,0.941511359158863,1.05124219013218,0.730409018924901,3.64200598877284e-10,1.68327574101568e-11,2.02504679691629e-13,4.72955008490317e-14,7.26751991919627e-13,1.21083548667167e-10,0,6.96758206686354e-11,1.07929345692947e-10,1,357.605397486765,59.6008995811276
1.23984911462556,0.727588276117516,0.983812566192277,0.993060278487851,0.966666666666667,15,7.94077049315487,403.798143593141,150,337.563787510135,112.5,147.624298516228,1,1,0.501438213507763,1.00000000000001,0.323950052704118,0.941754223211678,1.05151153956787,0.730966580727568,2.71362652643121e-10,1.65130131790647e-11,5.82645043323282e-13,1.35891298214119e-13,2.34290364886647e-12,3.90009424169989e-10,0,1.65989888500917e-10,3.47872113748292e-10,1,357.563787510135,59.5939645850225
1.23967322952084,0.728148634241966,0.984126564741668,0.993329316047809,0.966666666666667,15,7.9530065032266,403.617825189797,150,337.521575085,112.5,147.66497998804,1,1,0.501313370705805,0.999999999999999,0.323700751895309,0.941997036671817,1.05178082645129,0.7315239535832,1.96662631783764e-10,1.73372427525464e-11,1.35891298214119e-13,9.96980276113391e-14,9.82658399095726e-13,2.30866763718722e-10,2.22044604925031e-16,1.25282895169221e-10,-5.60451638892952e-11,1,357.521575085,59.5869291808334
1.23949483513424,0.728708795254435,0.98444048077887,0.993598290349205,0.966666666666667,15,7.96524762421756,403.436999579604,150,337.478760432217,112.5,147.705651775852,1,1,0.501188615511995,1,0.32345192198873,0.942239798684409,1.05205004984593,0.732081135847663,1.89516663762785e-10,1.88222770702851e-11,6.28386231937839e-13,7.59392548843607e-14,1.15507603482001e-12,1.92866443912819e-10,4.44089209850063e-16,9.86730697150051e-11,1.71821301303323e-10,1,357.478760432217,59.5797934053696
1.23931393239777,0.729268757573981,0.984754313259147,0.993867200480708,0.966666666666667,15,7.97749381160246,403.255667476817,150,337.435343775466,112.5,147.746313743063,1,1,0.501063948267663,0.999999999999998,0.3232035624011,0.942482508416709,1.05231920883984,0.732638125927523,2.13006770623497e-10,1.76285652742081e-11,7.123190925995e-13,6.38378239159465e-14,1.28452803949131e-12,1.73046859585438e-10,0,1.5881340686974e-10,-1.25027868598769e-10,1,357.435343775466,59.572557295911
1.2391305222876,0.729828519578692,0.985068061114653,0.99413604551104,0.966666666666667,15,7.98974501985637,403.073829615536,150,337.391325349024,112.5,147.786965747669,1,1,0.500939369329104,1,0.322955672561872,0.942725165017528,1.05258830250111,0.733194922188289,5.04091837103935e-10,1.79625203600153e-11,5.95523630408934e-13,8.5043083686287e-14,1.45716771982052e-12,2.42836373145503e-10,0,3.55498741555493e-10,2.17127886285206e-10,1,357.391325349024,59.565220891504
1.23894460579778,0.730388079689061,0.98538172330212,0.994404824530194,0.966666666666667,15,8.00200120427811,402.891486722965,150,337.346705391467,112.5,147.827607653373,1,1,0.500814879035275,1,0.32270825188683,0.942967767654789,1.05285732991912,0.733751523037926,1.24454782879389e-10,1.84599002750474e-11,1.77635683940025e-14,1.09245945623115e-13,1.27808874594848e-12,2.55347202880114e-10,2.22044604925031e-16,1.96301641608443e-10,-7.100999600971e-11,1,357.346705391467,59.5577842319111
1.23875618395681,0.730947436302506,0.985695298764261,0.994673536615671,0.966666666666667,15,8.01426231955809,402.708639539814,150,337.301484149634,112.5,147.86823931957,1,1,0.500690477737157,1,0.322461299799689,0.943210315485447,1.05312629017074,0.734307926861363,1.05759908260944e-10,1.90425453183707e-11,7.72271135929259e-13,5.37347943918576e-14,6.39155395276703e-13,1.3246262722101e-10,0,1.04719788396324e-10,9.52135618426144e-11,1,357.301484149634,59.5502473582724
1.23856525781869,0.73150658783498,0.986008786454883,0.994942180854695,0.966666666666667,15,8.02652832068964,402.525288807919,150,337.255661876486,112.5,147.908860609184,1,1,0.500566165775335,0.999999999999998,0.322214815717574,0.943452807674788,1.0533951823426,0.734864132061995,4.78648100333052e-11,1.87796445061394e-11,3.85469434149854e-13,7.26085858104852e-14,1.02751140929058e-12,1.71406659947359e-10,2.22044604925031e-16,1.7024603948812e-10,-1.53098629625493e-10,1,357.255661876486,59.5426103127476
1.23837182846556,0.732065532702749,0.986322185327449,0.9952107563339,0.966666666666667,15,8.03879916257041,402.34143527487,150,337.209238831735,112.5,147.949471383284,1,1,0.500441943491678,1,0.32196879905699,0.943695243387959,1.05366400552071,0.735420137043578,2.76404749045464e-10,1.93693949768203e-11,3.59712259978551e-13,3.08642000845794e-14,6.01796390498066e-13,8.25323474316172e-11,0,1.58060231569834e-10,-1.24633385072919e-11,1,357.209238831735,59.5348731386224
1.23817589701031,0.732624269322468,0.986635494336179,0.995479262140696,0.966666666666667,15,8.05107480000421,402.157079695265,150,337.162215282473,112.5,147.990071504122,1,1,0.500317811229632,1,0.321723249236116,0.943937621789997,1.05393275879188,0.735975940210382,2.09672087567453e-10,1.80904180524522e-11,6.14841511037412e-13,1.19682042054592e-13,2.03947969623641e-12,3.41050324736521e-10,2.22044604925031e-16,1.24053656236356e-10,3.03826104895753e-10,1,357.162215282473,59.5270358804122
1.23797746459245,0.733182796115166,0.986948712437558,0.995747697364292,0.966666666666667,15,8.0633551877888,401.972222828195,150,337.114591502187,112.5,148.030660834951,1,1,0.500193769326357,0.999999999999997,0.321478165669235,0.944179942048025,1.05420144124471,0.736531539970789,3.46007761834666e-10,1.73301373251888e-11,3.36841665671272e-13,6.72795152922845e-14,1.1607381722456e-12,1.93893892274556e-10,0,7.54241114009346e-11,-1.72922626020225e-10,1,357.114591502187,59.5190985836979
1.23777653237601,0.733741111518231,0.987261838596679,0.996016061100974,0.966666666666667,15,8.07564028098012,401.786865434326,150,337.066367770241,112.5,148.071239237835,1,1,0.500069818117071,1,0.32123354776691,0.94442220333599,1.0544700519749,0.737086934749851,2.47383682651349e-10,2.02788896785933e-11,4.6429526889824e-13,1.22568621918617e-13,1.39188660597256e-12,2.86438774227372e-10,0,1.2507683777585e-10,-1.03270658631493e-10,1,357.066367770241,59.5110612950402
1.23757310156173,0.734299213951237,0.987574871769697,0.996284352439711,0.966666666666667,15,8.08793003414106,401.601008286437,150,337.017544374816,112.5,148.111806575387,1,1,0.499945957942813,1,0.320989394945479,0.944664404819637,1.05473859007082,0.737642122954561,2.11766145789207e-10,1.75148784364865e-11,6.86339873823272e-13,9.2370555648813e-14,1.34769972959248e-12,2.13868863538682e-10,0,1.14781073534687e-10,1.55943202161072e-10,1,357.017544374816,59.5029240624694
1.23736717336621,0.734857101865103,0.987887810929446,0.996552570483294,0.966666666666667,15,8.10022440242367,401.414652153237,150,336.96812160789,112.5,148.15236271253,1,1,0.499822189131969,1,0.320745706610186,0.944906545678858,1.05500705463468,0.738197103023419,2.32955037681822e-10,1.82112103175314e-11,3.64375196681976e-13,4.72955008490317e-14,7.75268738095747e-13,1.17208628808872e-10,2.22044604925031e-16,2.14079420857161e-10,4.26515507269476e-11,1,356.96812160789,59.4946869346483
1.23715874904326,0.735414773694799,0.988200655040402,0.996820714327552,0.966666666666667,15,8.1125233405286,401.227797815763,150,336.918099770381,112.5,148.192907511958,1,1,0.499698512020141,0.999999999999998,0.320502482172228,0.945148625085834,1.05527544476172,0.738751873378937,1.60874686744323e-10,1.96038740796212e-11,1.07913677993565e-13,7.32747196252603e-14,1.24844579119099e-12,2.08831650070002e-10,2.22044604925031e-16,1.08030917544966e-10,1.86937100200167e-10,1,356.918099770381,59.4863499617302
1.23694782987289,0.735972227882828,0.988513403071211,0.997088783071732,0.966666666666667,15,8.1248268032222,401.040446058394,150,336.867479169493,112.5,148.233440838358,1,1,0.49957492693764,0.999999999999998,0.32025972104028,0.945390642216492,1.05554375955059,0.739306432451194,9.20299447078541e-11,1.96394012164092e-11,2.04281036531029e-14,1.08801856413265e-13,1.84363635469253e-12,3.09249925577579e-10,0,1.12852838185518e-10,-2.7550790130492e-10,1,356.867479169493,59.4779131949154
1.23673441715567,0.736529462888809,0.98882605399937,0.997356775822352,0.966666666666667,15,8.13713474554916,400.852597666169,150,336.816260117361,112.5,148.273962555213,1,1,0.499451434211127,1,0.320017422617346,0.945632596253587,1.05581199810726,0.739860778687313,1.64980995898624e-10,1.90141236089403e-11,3.13971071363994e-13,6.08402217494586e-14,8.4821039081362e-13,1.42800947801747e-10,2.22044604925031e-16,7.25828286363139e-11,1.2641358661165e-10,1,356.816260117361,59.4693766862268
1.2365185122331,0.737086477152719,0.989138606792661,0.997624691677947,0.966666666666667,15,8.14944712202109,400.664253437634,150,336.764442935944,112.5,148.314472527732,1,1,0.49932803417475,0.999999999999992,0.319775586313691,0.945874486371471,1.05608015952967,0.740414910514864,1.7575756444897e-10,2.04565253625333e-11,1.20214949106412e-12,7.61612994892857e-14,9.41524636033364e-13,1.79548642184444e-10,0,1.00492059118551e-10,-1.20018008409575e-10,1,356.764442935944,59.4607404893239
1.23630011645987,0.737643269146646,0.989451060436139,0.997892529751567,0.966666666666667,15,8.16176388776027,400.475414166433,150,336.71202795037,112.5,148.354970621051,1,1,0.499204727147284,0.999999999999998,0.319534211527181,0.946116311758364,1.05634824293032,0.740968826393479,9.81230283853046e-11,2.09752215596382e-11,2.46913600676635e-13,7.68274333040608e-14,1.31106236977985e-12,2.19344119960662e-10,2.22044604925031e-16,7.99360577730113e-11,-1.95929154996404e-10,1,356.71202795037,59.4520046583949
1.23607923122598,0.738199837330708,0.989763413908209,0.998160289150418,0.966666666666667,15,8.17408499752625,400.286080657024,150,336.659015494236,112.5,148.395456700176,1,1,0.499081513456492,1,0.319293297662633,0.946358071597195,1.05661624741584,0.741522524770899,1.92156719880177e-10,1.86162196769146e-11,9.76996261670138e-15,4.32986979603811e-14,6.25777207829969e-13,9.61551045324353e-11,0,7.61204432819795e-11,-6.3698217167969e-11,1,356.659015494236,59.4431692490393
1.23585585794679,0.738756180173641,0.990075666192136,0.998427968985889,0.966666666666667,15,8.18641040617123,400.096253716946,150,336.60540590723,112.5,148.435930630967,1,1,0.49895839342408,1,0.319052844119733,0.946599765074245,1.05688417209706,0.74207600410346,1.3600551440946e-10,1.97957206182764e-11,5.72208946891806e-13,3.50830475781549e-14,7.89368570508486e-13,1.05710919097398e-10,2.22044604925031e-16,7.28377358427679e-11,9.25135504776379e-11,1,356.60540590723,59.4342343178716
1.23562999806794,0.739312296143698,0.990387816271628,0.998695568369818,0.966666666666667,15,8.198740068439,399.905934160628,150,336.551199536305,112.5,148.476392279218,1,1,0.49883536737179,1,0.318812850299665,0.946841391376151,1.05715201608527,0.742629262846985,1.65319962969606e-10,1.96394012164092e-11,3.25517390820096e-13,8.41549052665869e-14,1.45972123277716e-12,2.44897080656428e-10,2.22044604925031e-16,8.89741613718797e-11,2.18639305690043e-10,1,356.551199536305,59.4251999227175
1.23540165305414,0.739868183728149,0.990699863140252,0.99896308642221,0.966666666666667,15,8.21107393939785,399.715122801818,150,336.496396732994,112.5,148.516841512392,1,1,0.498712435617964,0.999999999999998,0.318573315597399,0.947082949696842,1.05741977849992,0.743182299476306,1.49146030573549e-10,1.92770244211715e-11,5.37792033128426e-13,5.79536418854332e-14,9.76552172460288e-13,1.64534627294481e-10,4.44089209850063e-16,8.50945980346296e-11,-1.46098030755934e-10,1,356.496396732994,59.4160661221657
1.23517082440687,0.740423841399795,0.991011805783669,0.9992305222562,0.966666666666667,15,8.22341197369843,399.523820466134,150,336.44099785765,112.5,148.557278195476,1,1,0.498589598481957,1,0.318334239413181,0.94732443922465,1.05768745845359,0.743735112451948,1.39592631863506e-10,2.02504679691629e-11,3.23296944770846e-13,8.73745520379998e-14,9.70779012732237e-13,2.03766358080599e-10,0,2.08999040296476e-10,-4.78914481913952e-11,1,356.44099785765,59.4068329762749
1.23493751364521,0.740979267653861,0.991323643200389,0.999497874996019,0.966666666666667,15,8.23575412639278,399.332027977187,150,336.385003274851,112.5,148.59770219665,1,1,0.498466856277504,0.999999999999998,0.318095621138763,0.947565859156957,1.05795505506997,0.744287700256635,1.17883781888456e-10,2.19912976717751e-11,6.92779167366098e-14,5.62883073484954e-14,5.34128297147163e-13,1.31204707022152e-10,0,2.24758878175635e-10,-3.29570669503695e-11,1,356.385003274851,59.3975005458084
1.23470172231956,0.741534460986692,0.991635374389679,0.999765143766431,0.966666666666667,15,8.24810035246236,399.13974616527,150,336.328413356694,112.5,148.638113383554,1,1,0.498344209316878,0.999999999999999,0.317857460166969,0.947807208692243,1.0582225674733,0.744840061374358,3.59550200299856e-10,2.02078354050172e-11,1.33226762955019e-15,5.16253706450698e-14,5.75151037907062e-13,1.20672854312509e-10,0,1.66728852946108e-10,8.27476881102156e-12,1,356.328413356694,59.3880688927824
1.23446345201069,0.742089419887422,0.991946998347056,1.00003232768903,0.966666666666667,15,8.26045060663276,398.946975868882,150,336.271228482565,112.5,148.67851162364,1,1,0.498221657915707,1,0.317619755893385,0.948048487025363,1.05848999478464,0.745392194281923,7.20274435050361e-11,1.99662508748588e-11,2.32924790566358e-13,7.14983627858601e-14,1.19992904501487e-12,2.03567816066977e-10,0,1.50791379383008e-10,-1.80128406462053e-10,1,356.271228482565,59.3785380804275
1.23422270432106,0.742644142854832,0.992258514072543,1.00029942588889,0.966666666666667,15,8.27280484374883,398.753717929065,150,336.213449037054,112.5,148.71889678424,1,1,0.498099202386513,0.999999999999999,0.317382507710077,0.948289693354939,1.0587573361285,0.745944097465724,2.34137368794629e-10,2.01865191229444e-11,1.02140518265514e-14,1.01141317543352e-13,1.22968302207482e-12,2.39086881719923e-10,2.22044604925031e-16,2.03044692170806e-10,-1.74212834091125e-10,1,356.213449037054,59.3689081728424
1.23397948087872,0.743198628405572,0.992569920577177,1.00056643750076,0.966666666666667,15,8.28516301895885,398.559973187707,150,336.155075410893,112.5,148.759268734635,1,1,0.497976843034443,1,0.31714571500349,0.948530826887899,1.05902459063913,0.746495769430078,4.67429768626916e-10,1.88293824976427e-11,1.85185200507476e-13,4.85167461761193e-14,6.90836277073004e-13,1.18768137329534e-10,2.22044604925031e-16,1.51700874084781e-10,1.21638282675565e-11,1,356.155075410893,59.3591792351488
1.23373378334053,0.743752875051815,0.992881216869441,1.00083336165704,0.966666666666667,15,8.29752508721761,398.365742494362,150,336.096108001726,112.5,148.799627343733,1,1,0.497854580166896,0.999999999999999,0.316909377162232,0.948771886829222,1.05929175744842,0.747047208674767,2.05995203121693e-10,2.20055085264903e-11,1.17683640610267e-13,1.32782673745169e-13,2.2930546350608e-12,3.84701717278144e-10,4.44089209850063e-16,1.53573154193509e-10,3.44328172948818e-10,1,356.096108001726,59.349351333621
1.23348561339042,0.744306881307003,0.993192401958463,1.00110019749065,0.966666666666667,15,8.30989100341436,398.171026704033,150,336.0365472137,112.5,148.839972481436,1,1,0.497732414092074,1,0.31667349357477,0.949012872383804,1.05955883568876,0.747598413700946,6.88791392585848e-11,2.19984030991327e-11,2.8554936193359e-13,8.31557045444242e-14,1.048494624456e-12,1.86633017888069e-10,2.22044604925031e-16,7.14832637527252e-11,-1.57447226341618e-10,1,356.0365472137,59.3394245356167
1.23323497273326,0.744860645698997,0.993503474861156,1.00136694414094,0.966666666666667,15,8.32226072266691,397.975826672694,150,335.976393455983,112.5,148.880304016046,1,1,0.497610345109537,1,0.316438063624738,0.949253782763267,1.05982582449898,0.748149383024147,2.39784973675545e-10,2.17994511331199e-11,8.11795075605914e-13,7.7937656328686e-14,1.31095134747738e-12,2.22372735110804e-10,0,2.55937493420788e-10,1.96811445053758e-10,1,355.976393455983,59.3293989093306
1.23298186310692,0.74541416675174,0.993814434592877,1.00163360074609,0.966666666666667,15,8.33463419991287,397.780143264442,150,335.915647145661,112.5,148.920621818705,1,1,0.4974883735259,0.999999999999996,0.316203086698088,0.949494617176906,1.06009272301675,0.748700115155908,8.9246441948605e-11,2.06696881832613e-11,6.31716901011714e-13,2.68673971959288e-14,7.6216810640517e-13,9.44805780155224e-11,2.22044604925031e-16,6.6691541178443e-11,-2.16179931716897e-11,1,355.915647145661,59.3192745242768
1.23272628627064,0.745967443001389,0.994125280175894,1.00190016645006,0.966666666666667,15,8.34701139027046,397.583977344715,150,335.854308704952,112.5,148.960925759378,1,1,0.497366499637646,0.999999999999996,0.315968562176211,0.949735374840128,1.06035953038553,0.749250608620168,1.09641356961766e-10,2.22115659198607e-11,4.19886347913234e-13,4.48530101948563e-14,7.33413330067378e-13,1.30102436338716e-10,2.22044604925031e-16,8.12008238426642e-11,-1.09620380998768e-10,1,355.854308704952,59.3090514508254
1.23246824401107,0.746520472984616,0.994436010632649,1.00216664039688,0.966666666666667,15,8.35939224877762,397.387329784965,150,335.792378562657,112.5,149.001215708543,1,1,0.497244723744495,0.999999999999996,0.315734489441358,0.949976054967906,1.06062624574887,0.749800861941147,2.0201362266539e-10,2.08686401492741e-11,1.7696955012525e-13,1.14463993838854e-13,1.24317223182402e-12,2.68445371374474e-10,4.44089209850063e-16,1.33631772314402e-10,7.7021706436613e-11,1,355.792378562657,59.2987297604428
1.23220773814176,0.747073255242424,0.994746624988136,1.0024330217327,0.966666666666667,15,8.37177673047768,397.190201461596,150,335.729857154022,112.5,149.041491537636,1,1,0.497123046144751,0.999999999999998,0.315500867875018,0.95021665677717,1.06089286825239,0.750350873647722,1.45899672280523e-10,2.08899564313469e-11,7.15649761673376e-13,4.47419878923938e-14,4.56079618516014e-13,1.13025295943766e-10,0,4.6497916628141e-11,6.88287984707644e-11,1,355.729857154022,59.2883095256703
1.2319447704966,0.747625788333004,0.995057122277102,1.00269930961198,0.966666666666667,15,8.38416479070819,396.992593250732,150,335.666744919184,112.5,149.081753118686,1,1,0.497001467130889,1,0.315267696852851,0.950457179492267,1.06115939705008,0.75090064228565,6.06585894662384e-11,2.23394636122975e-11,3.71702668644502e-13,6.25055562863963e-14,7.9658502016855e-13,1.39692649851781e-10,4.44089209850063e-16,1.09830367023278e-10,9.32432954993113e-11,1,355.666744919184,59.2777908198641
1.23167934294147,0.748178070802032,0.995367501527584,1.0029655031834,0.966666666666667,15,8.39655638443575,396.794506038805,150,335.603042305952,112.5,149.122000322998,1,1,0.496879986997261,1,0.315034975754701,0.950697622332326,1.06142583129013,0.751450166388354,1.51051839870434e-10,2.20481410906359e-11,1.23012711128467e-13,6.90558721316847e-14,1.14763754055502e-12,1.98946656284498e-10,2.22044604925031e-16,9.90532100786368e-11,1.72539210383813e-10,1,355.603042305952,59.2671737176586
1.23141145736576,0.748730101212898,0.995677761777448,1.003231601604,0.966666666666667,15,8.40895146693415,396.595940712653,150,335.538749767783,112.5,149.162233023259,1,1,0.496758606035161,1,0.314802703956224,0.950937984523881,1.06169217012909,0.751999444506923,1.84581276874874e-10,2.07549533115525e-11,2.98649993624167e-13,1.0635936575909e-13,1.76414438612937e-12,3.05839956259729e-10,2.22044604925031e-16,1.45554679420457e-10,2.64741694550324e-10,1,355.538749767783,59.2564582946305
1.2311411156802,0.749281878131852,0.995987902066347,1.00349760403225,0.966666666666667,15,8.42134999345193,396.396898163372,150,335.473867763248,112.5,149.202451092392,1,1,0.496637324533226,1,0.314570880831741,0.951178265294807,1.06195841272496,0.752548475195382,2.24721982256185e-10,2.10462758332142e-11,5.34239319449625e-13,1.15685239165941e-13,1.99629202057849e-12,3.35768735591391e-10,4.44089209850063e-16,1.50919277075445e-10,2.99989791174563e-10,1,355.473867763248,59.245644627208
1.23086831982296,0.749833400133829,0.996297921439037,1.00376350963099,0.966666666666667,15,8.43375191934389,396.197379285518,150,335.40839675751,112.5,149.242654404316,1,1,0.496516142778474,0.999999999999996,0.314339505753392,0.951418463876818,1.06222455824011,0.753097257016356,2.10690683044713e-10,2.31423769037065e-11,2.52464715799761e-13,6.21724893790088e-14,2.04353201027629e-12,2.39665470643835e-10,0,2.29164243137348e-10,-1.64452208646632e-10,1,355.40839675751,59.2347327929184
1.23059307176203,0.750384665786004,0.9966078189356,1.00402931755887,0.966666666666667,15,8.4461571997016,395.997384981974,150,335.342337222888,112.5,149.282842830785,1,1,0.496395061059505,0.999999999999998,0.314108578096096,0.951658579497918,1.0624906058327,0.753645788524714,2.9455017883643e-10,2.12381223718694e-11,4.55857573911089e-13,1.08468789505878e-13,1.27836630170464e-12,2.56153683766396e-10,0,2.40142128404841e-10,4.48107979232522e-12,1,355.342337222888,59.2237228704813
1.2303153734808,0.750935673681101,0.996917593611275,1.0042950269877,0.966666666666667,15,8.45856579010334,395.796916152933,150,335.275689635392,112.5,149.323016247231,1,1,0.496274079656344,1,0.313878097227737,0.951898611397736,1.06275655467409,0.754194068301004,2.41890661830888e-10,2.12310169445118e-11,2.38919994899334e-13,1.01030295240889e-13,1.72872827164383e-12,2.90839112698445e-10,0,3.87814225177863e-11,2.59988134263374e-10,1,355.275689635392,59.212614939232
1.23003522699829,0.75148642239668,0.997227244512448,1.00456063708145,0.966666666666667,15,8.47097764569841,395.595973709643,150,335.208454479589,112.5,149.363174527683,1,1,0.496153198856419,1,0.313648062520602,0.95213855880875,1.06302240392779,0.754742094910484,2.49058392884757e-10,2.18705054066959e-11,2.17603712826531e-14,8.37108160567368e-14,1.47992729182533e-12,2.54365448252459e-10,0,3.11546344278213e-11,2.23051693352244e-10,1,355.208454479589,59.2014090799315
1.22975263434796,0.752036910532974,0.99753677069839,1.00482614701516,0.966666666666667,15,8.4833927220597,395.394558560898,150,335.140632243511,112.5,149.403317547355,1,1,0.496032418936547,1.00000000000001,0.313418473340992,0.952378420973624,1.06328815276837,0.755289866941154,3.41563202577162e-10,2.18562945519807e-11,5.43121103646627e-13,6.3504757008559e-14,7.90922882742962e-13,1.48379462226253e-10,0,2.20161666675267e-10,3.31996942550496e-11,1,355.140632243511,59.1901053739185
1.22946759759372,0.752587136686851,0.99784617122668,1.00509155596233,0.966666666666667,15,8.49581097459769,395.192671622975,150,335.072223422492,112.5,149.443445180979,1,1,0.495911740175481,1,0.31318932905616,0.952618197133517,1.0635538003689,0.755837382977628,1.95057464262376e-10,2.23394636122975e-11,1.783018177548e-13,6.60582699651968e-14,8.79796235864205e-13,1.59794808279251e-10,2.22044604925031e-16,1.47082346302341e-10,1.22154922434166e-10,1,355.072223422492,59.1787039037487
1.22918011882236,0.753137099465453,0.998155445161181,1.00535686310191,0.966666666666667,15,8.50823235886854,394.990313814686,150,335.003228517367,112.5,149.483557305157,1,1,0.495791162850092,1,0.312960629031064,0.952857886534247,1.06381934590786,0.756384641614862,1.02302795675353e-10,2.24176233132312e-11,4.05453448593107e-13,6.86117829218347e-14,1.17617027228789e-12,1.98037097427296e-10,2.22044604925031e-16,1.02843955573917e-10,-1.77738964524497e-10,1,355.003228517367,59.1672047528945
1.22889020014451,0.753686797477195,0.998464591565838,1.00562206761266,0.966666666666667,15,8.52065683037146,394.787486058956,150,334.933648034682,112.5,149.523653795055,1,1,0.495670687235904,1,0.312732372630718,0.953097488421746,1.06408478856358,0.756931641449001,1.48779433843444e-10,2.2438939595304e-11,2.04281036531029e-14,4.01900734914307e-14,6.63913368725844e-13,1.15908644084701e-10,4.44089209850063e-16,1.53228540966666e-10,-1.00314359902095e-10,1,354.933648034682,59.1556080057804
1.22859784369657,0.754236229337998,0.99877360950971,1.00588716867787,0.966666666666667,15,8.53308434469002,394.584189283218,150,334.863482487177,112.5,149.56373452746,1,1,0.495550313605222,1,0.31250455921758,0.95333700204567,1.0643501275189,0.757478381083724,2.19112875910395e-10,2.18065565604775e-11,6.64135413330769e-13,6.59472476627343e-14,1.11366471600149e-12,1.88983866140126e-10,2.22044604925031e-16,8.88888962435885e-11,1.67296096202684e-10,1,354.863482487177,59.1439137478629
1.22830305163608,0.754785393671939,0.999082498066038,1.00615216548424,0.966666666666667,15,8.54551485750756,394.38042441702,150,334.792732392659,112.5,149.603799380126,1,1,0.495430042230979,0.999999999999998,0.312277188154039,0.953576426658694,1.06461536196009,0.758024859131006,1.41641398164426e-10,2.25739427150984e-11,2.50466314355435e-13,4.35207425653061e-14,6.70574706873595e-13,1.02048311468017e-10,0,1.04723341110002e-10,2.06934123898557e-11,1,354.792732392659,59.1321220654432
1.2280058261499,0.755334289101125,0.999391256307439,1.00641705721792,0.966666666666667,15,8.55794832437852,394.176192396416,150,334.721398275976,112.5,149.643848229766,1,1,0.495309873382274,1,0.312050258800952,0.953815761513368,1.06488049107287,0.75857107420062,2.14700311334047e-10,2.36042296819505e-11,2.64233079860787e-13,8.79296635503124e-14,1.50657264441634e-12,2.53941542710806e-10,4.44089209850063e-16,2.3952395622473e-11,-2.27871826573603e-10,1,354.721398275976,59.1202330459961
1.2277061694391,0.75588291427092,0.999699883319671,1.0066818430763,0.966666666666667,15,8.57038470130049,393.971494155232,150,334.649480665384,112.5,149.683880954733,1,1,0.495189807322717,1,0.311823770514309,0.954055005872108,1.06514551405421,0.75911702492578,1.61515865390232e-10,2.22897256207943e-11,5.25357535252624e-13,6.29496454962464e-14,9.28146448586631e-13,1.58937040938871e-10,2.22044604925031e-16,1.30263799746899e-10,-1.40386931311924e-10,1,354.649480665384,59.1082467775639
1.22740408373709,0.756431267812453,1.00000837818054,1.00694652224985,0.966666666666667,15,8.58282394386532,393.766330637323,150,334.576980096902,112.5,149.723897432996,1,1,0.495069844321886,1,0.311597722654989,0.954294158990782,1.06541043009415,0.759662709925486,1.74158386782427e-10,2.18705054066959e-11,3.45945494473199e-13,3.40838468559923e-14,8.1512574467979e-13,1.21870986583332e-10,6.66133814775094e-16,1.19726450975577e-10,-1.42536739729922e-11,1,354.576980096902,59.0961633494837
1.22709957130054,0.756979348370784,1.00031673997614,1.00721109393621,0.966666666666667,15,8.59526600789784,393.560702788253,150,334.503897112129,112.5,149.763897543366,1,1,0.494949984642747,0.999999999999999,0.31137211457939,0.954533220131943,1.06567523838991,0.760208127832554,4.07403620093054e-10,2.22541984840063e-11,7.105427357601e-15,8.62643290133747e-14,1.20137233494688e-12,2.10771361969511e-10,2.22044604925031e-16,2.86021872852871e-10,1.52101501390782e-10,1,354.503897112129,59.0839828520215
1.22679263440278,0.757527154603632,1.00062496779967,1.00747555733897,0.966666666666667,15,8.60771084942812,393.35461155417,150,334.430232256668,112.5,149.803881166265,1,1,0.494830228546516,0.999999999999998,0.311146945641085,0.954772188563352,1.06593993814467,0.760753277292506,1.57779734481913e-10,2.24176233132312e-11,2.08277839419679e-13,1.46327394645596e-13,2.48701059746281e-12,4.20420754236074e-10,4.44089209850063e-16,9.55395762503031e-11,-3.75521579238273e-10,1,354.430232256668,59.0717053761113
1.22648327534263,0.758074685169083,1.00093306074418,1.00773991166141,0.966666666666667,15,8.62015842441306,393.148057885953,150,334.355986082231,112.5,149.84384817954,1,1,0.494710576291987,1,0.310922215194206,0.955011063552936,1.06620452856131,0.761298156951299,1.70506648343308e-10,2.2545521005668e-11,2.47357689886485e-13,8.54871728961371e-14,1.45983225507962e-12,2.46471654172705e-10,4.44089209850063e-16,4.95532503919094e-11,2.20250128146376e-10,1,354.355986082231,59.0593310137052
1.22617149644838,0.758621938725294,1.00124101790389,1.00800415610805,0.966666666666667,15,8.63260868872985,392.941042741431,150,334.281159147612,112.5,149.883798464759,1,1,0.494591028140534,1,0.310697922593402,0.955249844368852,1.06646900884393,0.761842765454914,1.57763352775105e-10,2.42081910073466e-11,1.46549439250521e-14,7.50510764646606e-14,1.32160948851379e-12,2.26665868642446e-10,0,6.09938766160667e-11,1.99895325141441e-10,1,354.281159147612,59.0468598579354
1.22585730006553,0.759168913942337,1.00154883837946,1.00826828988876,0.966666666666667,15,8.64506159844581,392.733567078781,150,334.205752015727,112.5,149.923731902056,1,1,0.49447158434518,0.999999999999997,0.310474067189064,0.955488530284679,1.066733378202,0.762387101461236,2.08110539558283e-10,2.32560637414281e-11,1.73194791841524e-14,2.33146835171283e-14,3.40172334745148e-13,9.42131643805898e-11,2.22044604925031e-16,1.31912258893863e-10,5.19011048146691e-11,1,354.205752015727,59.0342920026212
1.22554068856283,0.759715609498455,1.00185652127616,1.00853231221726,0.966666666666667,15,8.65751710973414,392.525631859193,150,334.129765255079,112.5,149.963648372147,1,1,0.494352245163174,1,0.310250648332571,0.955727120577035,1.06699763584887,0.762931163636421,2.95582609321992e-10,2.27515783990384e-11,6.70130617663744e-13,1.36779476633819e-13,2.36033415035308e-12,3.98686405657106e-10,4.44089209850063e-16,6.65636434860062e-11,3.56567125631798e-10,1,354.129765255079,59.0216275425132
1.22522166432927,0.760262024080642,1.00216406570462,1.00879622231192,0.966666666666667,15,8.66997517888793,392.317238045897,150,334.053199439025,112.5,150.003547757954,1,1,0.494233010843391,1,0.310027665370386,0.955965614527047,1.06726178100249,0.763474950655264,2.38052080553156e-10,2.4058977032837e-11,1.42774680966795e-13,3.37507799486048e-14,7.79876163647941e-13,1.18945812932435e-10,2.22044604925031e-16,9.83249037744827e-11,8.22183773062843e-11,1,354.053199439025,59.0088665731708
1.22490022978422,0.760808156368072,1.00247147077081,1.00906001938688,0.966666666666667,15,8.68243576194277,392.108386610647,150,333.976055148213,112.5,150.04342994027,1,1,0.494113881639393,0.999999999999996,0.309805117653363,0.956204011411982,1.06752581287663,0.76401846118484,2.38976485778469e-10,2.29434249376936e-11,5.01376717920721e-13,9.30366894635881e-14,1.54098955817972e-12,2.69083433724861e-10,4.44089209850063e-16,1.35287336888723e-10,-2.32671299367727e-10,1,353.976055148213,58.9960091913688
1.22457638736029,0.76135400506276,1.00277873559442,1.00932370266828,0.966666666666667,15,8.69489881537658,391.899078522199,150,333.89833296647,112.5,150.083294801621,1,1,0.49399485779855,1,0.309583004526353,0.956442310519381,1.06778973069704,0.764561693915018,3.82986212717931e-10,2.44071429733594e-11,1.15729648086926e-12,8.41549052665869e-14,9.9342756243459e-13,1.97765354027775e-10,4.44089209850063e-16,2.12551753975276e-10,-1.78507504150557e-11,1,353.89833296647,58.9830554944117
1.22425013951868,0.761899568862429,1.00308585929228,1.0095872713795,0.966666666666667,15,8.70736429549132,391.689314756573,150,333.820033484484,112.5,150.123142225317,1,1,0.493875939566886,1,0.309361325335119,0.956680511135097,1.06805353368673,0.765104647531396,1.23927398758521e-10,2.36681785281689e-11,3.44835271448574e-13,6.28386231937839e-14,8.23452417364479e-13,1.59170168598868e-10,2.22044604925031e-16,4.61923832517641e-11,1.24399427774484e-10,1,353.820033484484,58.9700055807473
1.22392148874581,0.762444846466155,1.00339284098291,1.00985072474563,0.966666666666667,15,8.71983215854199,391.479096294573,150,333.741157298995,112.5,150.16297209441,1,1,0.493757127193465,1,0.309140079426942,0.956918612545251,1.06831722107039,0.765647320720959,2.17744544996693e-10,2.2723156689608e-11,3.90798504668055e-13,5.97299987248334e-14,9.334200079536e-13,1.4790297526875e-10,0,8.0309980887705e-11,1.12693349760614e-10,1,353.741157298995,58.9568595498326
1.22359043753204,0.762989836604797,1.0036996798019,1.01011406200598,0.966666666666667,15,8.73230236143323,391.268424110558,150,333.66170500769,112.5,150.202784294273,1,1,0.493638420913317,0.999999999999994,0.308919266138798,0.957156614050354,1.068580792087,0.766189712202412,2.79570468375518e-10,2.35260699810169e-11,4.55191440096314e-14,1.17461596005342e-13,2.00894856305922e-12,3.39744333699528e-10,0,1.01781694183956e-10,-3.03532168313734e-10,1,353.66170500769,58.9436175012817
1.22325698841538,0.763534537980838,1.00400637486987,1.01037728238726,0.966666666666667,15,8.74477486034417,391.057299195007,150,333.581677219692,112.5,150.242578707294,1,1,0.493519820975817,0.999999999999997,0.308698884818634,0.957394514938099,1.06884424596288,0.766731820666159,3.89942819940034e-10,2.28013163905416e-11,1.00142116821189e-13,1.24567023362943e-13,2.09732231581938e-12,3.58281437438074e-10,2.22044604925031e-16,8.09663447398634e-11,-3.17408716892564e-10,1,353.581677219692,58.9302795366153
1.22292114393589,0.764078949329604,1.00431292532595,1.01064038513195,0.966666666666667,15,8.75724961212948,390.845722531519,150,333.501074544614,112.5,150.282355219199,1,1,0.493401327614515,0.999999999999999,0.308478934803589,0.957632314511167,1.06910758194014,0.767273644835449,1.12953899013366e-10,2.42934561356378e-11,1.11022302462516e-13,6.06181771445335e-14,6.54198917260373e-13,1.43215328850145e-10,0,5.14770448489799e-11,-5.33191614210062e-11,1,353.501074544614,58.9168457574356
1.22258290666037,0.764623069384966,1.00461933030854,1.01090336948181,0.966666666666667,15,8.76972657353531,390.633695109328,150,333.419897598489,112.5,150.322113715859,1,1,0.493282941067901,0.999999999999999,0.308259415433172,0.957870012071226,1.06937079926022,0.767815183432054,1.32740036679461e-10,2.27444729716808e-11,2.8066438062524e-13,9.15933995315754e-14,1.06187281190273e-12,2.1714434007473e-10,0,1.51892720623437e-10,1.32709697591578e-10,1,353.419897598489,58.9033162664148
1.22224227918347,0.765166896878566,1.00492558895502,1.01116623467773,0.966666666666667,15,8.78220570118161,390.42121792413,150,333.338147004033,112.5,150.361854082754,1,1,0.493164661572569,0.999999999999998,0.308040326047816,0.958107606919332,1.06963389716363,0.768356435175492,6.25721736076289e-11,2.34976482715865e-11,6.72795152922845e-13,6.70574706873595e-14,7.74436070827278e-13,1.55380455607535e-10,4.44089209850063e-16,2.00031990971183e-10,8.22094651969364e-11,1,353.338147004033,58.8896911673388
1.22189926411535,0.765710430555545,1.00523170041054,1.0114289799672,0.966666666666667,15,8.79468695192337,390.208291971791,150,333.255823387685,112.5,150.401576206109,1,1,0.493046489361983,0.999999999999999,0.307821665984635,0.958345098362169,1.06989687489751,0.768897398798958,3.90526890887635e-10,2.33981722885801e-11,4.55635529306164e-13,1.87516668859189e-13,2.12602158100594e-12,4.44805453519691e-10,0,3.92759602618753e-10,-4.98572813151727e-11,1,353.255823387685,58.8759705646142
1.22155386408454,0.766253669172226,1.00553766382697,1.01169160460348,0.966666666666667,15,8.80717028279849,389.994918248823,150,333.17292738029,112.5,150.441279972832,1,1,0.492928424664435,1,0.30760343457758,0.958582485711996,1.07015973171479,0.769438073046522,2.02760991860156e-10,2.2438939595304e-11,1.74971148680925e-13,6.03961325396085e-14,9.86988268891764e-13,1.57963866078403e-10,2.22044604925031e-16,5.02717867334468e-11,7.64732975826778e-11,1,353.17292738029,58.8621545633817
1.22120608174811,0.766796611481647,1.00584347835414,1.01195410783792,0.966666666666667,15,8.81965565069604,389.781097758903,150,333.089459619545,112.5,150.480965270288,1,1,0.492810467714265,1,0.307385631164707,0.958819768279069,1.07042246686647,0.769978456659359,2.59229332863634e-10,2.55226950685028e-11,3.95683485976406e-13,6.83897383169096e-14,3.69704267200177e-13,1.34607698943772e-10,4.44089209850063e-16,1.56850532562203e-10,3.0165834047855e-11,1,353.089459619545,58.8482432699242
1.22085591977456,0.767339256255666,1.00614914315344,1.01221648893202,0.966666666666667,15,8.83214301286497,389.56683150347,150,333.005420745896,112.5,150.520631986835,1,1,0.492692618733794,0.999999999999998,0.307168255075995,0.959056945382553,1.07068507961374,0.770518548397108,1.58241453954492e-10,2.50537368629011e-11,1.04805053524615e-13,3.49720252756924e-14,7.11097847272413e-13,1.00286668175358e-10,0,1.74352976500813e-10,-6.39209506330709e-11,1,353.005420745896,58.8342367909826
1.22050338086511,0.76788160225405,1.00645465737854,1.01247874714022,0.966666666666667,15,8.84463232620371,389.352120493519,150,332.920811407625,112.5,150.560280009474,1,1,0.492574877953459,1,0.306951305648459,0.959294016335812,1.07094756921068,0.771058347007639,2.07420579713998e-10,2.41584530158434e-11,2.4535928844216e-13,8.85957973650875e-14,1.51423318328625e-12,2.56546527386673e-10,2.22044604925031e-16,1.26135546452133e-10,2.29665836595177e-10,1,352.920811407625,58.8201352346042
1.22014846772915,0.768423648261966,1.0067600201986,1.01274088173055,0.966666666666667,15,8.85712354812343,389.136965735786,150,332.835632254995,112.5,150.599909228688,1,1,0.492457245594872,1,0.306734782210943,0.959530980463726,1.07120993492501,0.771597851263961,2.48977411512014e-10,2.38173925026786e-11,9.9120711638534e-13,4.55191440096314e-14,7.39630579005279e-13,1.33461527146569e-10,2.22044604925031e-16,1.41298528433254e-10,-1.12695429183966e-10,1,352.835632254995,58.8059387091659
1.21979118310662,0.76896539305929,1.00706523077996,1.01300289196853,0.966666666666667,15,8.86961663584242,388.921368244497,150,332.749883945588,112.5,150.639519532751,1,1,0.492339721878601,1,0.306518684094876,0.959767837089514,1.07147217602191,0.772137059933952,2.90903447201056e-10,2.42934561356378e-11,5.47117906535277e-13,1.0724754417879e-13,1.89448456922037e-12,3.28954145279444e-10,0,1.01479713521258e-10,-2.8817141007786e-10,1,352.749883945588,58.7916473242647
1.21943152974938,0.769506835439508,1.00737028829618,1.01326477712566,0.966666666666667,15,8.88211154682188,388.705329033027,150,332.663567139851,112.5,150.679110811726,1,1,0.492222307027713,0.999999999999997,0.306303010629923,0.960004585541201,1.07173429177259,0.772675971799199,3.44723297365437e-10,2.2794210963184e-11,4.02344824124157e-13,1.14797060746241e-13,1.94866345282207e-12,3.3150491889446e-10,2.22044604925031e-16,6.75584033160703e-11,-2.95738075427115e-10,1,352.663567139851,58.7772611899751
1.21906951043469,0.770047974197364,1.00767519192251,1.01352653647504,0.966666666666667,15,8.89460823848195,388.488849120015,150,332.576682504326,112.5,150.718682955758,1,1,0.492105001256222,0.999999999999999,0.306087761143593,0.960241225148828,1.07199628144983,0.773214585642233,1.4007864112691e-10,2.35047536989441e-11,4.44089209850063e-15,8.98170426921752e-14,8.5748075306924e-13,2.11924925608449e-10,2.22044604925031e-16,4.33146851719357e-11,-8.6215926869657e-11,1,352.576682504326,58.7627804173876
1.21870512795838,0.770588808136324,1.007979940839,1.0137881692938,0.966666666666667,15,8.90710666837441,388.271929525457,150,332.489230710012,112.5,150.758235856111,1,1,0.491987804784393,1,0.305872934964455,0.960477755245271,1.07225814433043,0.773752900254641,2.14728391327674e-10,2.35118591263017e-11,2.34923192010683e-13,1.68753899743024e-14,3.11028980348738e-13,5.27171409747907e-11,0,3.92432752960303e-11,-4.5854131621758e-11,1,352.489230710012,58.7482051183353
1.21833838513258,0.771129336070395,1.00828453423157,1.01404967486396,0.966666666666667,15,8.91960679422552,388.05457127032,150,332.40121243182,112.5,150.797769404398,1,1,0.491870717821433,0.999999999999995,0.305658531416687,0.960714175168834,1.07251987969613,0.774290914438407,4.49198749947717e-10,2.37392328017449e-11,4.03233002543857e-13,7.03881397612349e-14,1.22757359832804e-12,2.0939129287217e-10,0,3.63471031050722e-10,-1.85996936501758e-10,1,352.40121243182,58.7335354053033
1.21796928479997,0.771669556806355,1.00858897128284,1.01431105246482,0.966666666666667,15,8.93210857352575,387.836775383704,150,332.312628351992,112.5,150.837283491445,1,1,0.491753740585302,0.999999999999994,0.30544454982887,0.96095048425427,1.07278148682593,0.774828626988277,2.08142170557389e-10,2.41087150243402e-11,1.02140518265514e-14,1.2179146580138e-13,1.33915101230286e-12,2.89137475260052e-10,2.22044604925031e-16,1.91413107586413e-10,-1.64896504686789e-10,1,352.312628351992,58.7187713919987
1.21759782980841,0.772209469176945,1.00889325119046,1.01457230138862,0.966666666666667,15,8.94461196429809,387.618542889413,150,332.223479154019,112.5,150.876778010515,1,1,0.491636873282618,1,0.305230989522689,0.961186681848446,1.07304296501176,0.775366036725106,1.87292251441892e-10,2.286526523676e-11,1.39066536064547e-12,4.08562073062058e-14,6.60915766559356e-13,1.03726560705307e-10,2.22044604925031e-16,9.2192919964873e-11,-5.31886802063961e-11,1,352.223479154019,58.7039131923365
1.21722402303254,0.772749072008743,1.00919737314775,1.01483342092351,0.966666666666667,15,8.95711692435559,387.399874818475,150,332.133765527809,112.5,150.916252853772,1,1,0.491520116121452,1,0.305017849821475,0.961422767294957,1.07330431354148,0.775903142463406,2.9417714296279e-10,2.56719090430124e-11,1.46105350040671e-13,1.81632486828676e-13,3.16668913313833e-12,5.41062193487039e-10,4.44089209850063e-16,1.00371266853472e-10,4.81677486725688e-10,1,352.133765527809,58.6889609213016
1.21684786737075,0.773288364134921,1.0095013363537,1.01509441036296,0.966666666666667,15,8.96962341159693,387.180772204756,150,332.04348816898,112.5,150.955707916087,1,1,0.491403469310072,0.999999999999991,0.304805130048747,0.961658739941179,1.07356553170828,0.776439943024394,2.65457618979988e-10,2.51390019911923e-11,8.13571432445315e-13,4.61852778244065e-14,7.90145726625724e-13,1.34382248488451e-10,2.22044604925031e-16,4.68389771413058e-11,-1.19009213300024e-10,1,352.04348816898,58.67391469483
1.21646936573016,0.773827344402511,1.00980514001383,1.01535526900562,0.966666666666667,15,8.98213138417564,386.961236080727,150,331.952647775239,112.5,150.995143089859,1,1,0.491286933051488,0.999999999999999,0.304592829524265,0.961894599139794,1.07382661881052,0.776976437243138,3.16027217512497e-10,2.41584530158434e-11,2.02948768901479e-13,5.295763827462e-14,6.42708108955503e-13,1.41521615216159e-10,4.44089209850063e-16,1.5925749607959e-10,-9.78020144192546e-11,1,351.952647775239,58.6587746292064
1.21608852103831,0.774366011664315,1.01010878333735,1.01561599615326,0.966666666666667,15,8.99464080031347,386.741267482083,150,331.861245049194,112.5,151.034558270578,1,1,0.491170507548793,1,0.304380947568109,0.962130344246562,1.0740875741497,0.77751262396053,3.45382774093298e-10,2.35331754083745e-11,1.06581410364015e-13,1.25011112572793e-13,2.11586304033062e-12,3.61281709238082e-10,0,1.10794928787072e-10,-3.22673920493318e-10,1,351.861245049194,58.6435408415324
1.2157053362487,0.774904364777144,1.01041226553731,1.01587659111133,0.966666666666667,15,9.00715161826003,386.520867448345,150,331.769280699688,112.5,151.073953352518,1,1,0.491054193001154,0.999999999999998,0.304169483498745,0.962365974619729,1.07434839703101,0.778048502021424,2.82028319521916e-10,2.39381847677578e-11,8.61311022504196e-13,1.02473585172902e-13,1.05104813741264e-12,2.43073569022081e-10,2.22044604925031e-16,2.66702215867554e-10,4.69298210916043e-11,1,351.769280699688,58.628213449948
1.21531981432948,0.775442402600152,1.01071558582676,1.01613705318482,0.966666666666667,15,9.01966379625445,386.300037021777,150,331.676755439076,112.5,151.113328231672,1,1,0.490937989608358,1,0.303958436635683,0.962601489617684,1.07460908675914,0.778584070273031,2.58999641536088e-10,2.40731878875522e-11,3.76143560743003e-13,4.21884749357559e-14,7.66608998503671e-13,1.40130379141314e-10,0,1.43870693136705e-10,1.16880815465251e-10,1,351.676755439076,58.6127925731793
1.21493195826879,0.775980124003016,1.01101874342587,1.01639738168503,0.966666666666667,15,9.03217729271603,386.078777245982,150,331.58366998451,112.5,151.152682803816,1,1,0.490821897567902,1,0.303747806296077,0.962836888604271,1.07486964264514,0.779119327573062,2.53505649362939e-10,2.41229258790554e-11,9.37916411203332e-13,1.08912878715728e-13,8.78963568595736e-13,2.13081035249376e-10,0,1.20946808124245e-10,1.33278604542507e-10,1,351.58366998451,58.5972783307517
1.21454177106875,0.77651752786511,1.01132173756001,1.01665757592758,0.966666666666667,15,9.04469206622612,385.857089165275,150,331.490025056501,112.5,151.192016965617,1,1,0.490705917073812,1,0.303537591795782,0.963072170947196,1.07513006400436,0.779654272789084,8.07879032980247e-11,2.46274112214451e-11,2.66453525910038e-14,4.9737991503207e-14,8.43436431807731e-13,1.43753668874517e-10,0,7.68762831171443e-11,1.28114983239569e-10,1,351.490025056501,58.5816708427501
1.21414925575289,0.777054613070335,1.01162456745801,1.01691763523119,0.966666666666667,15,9.05720807540831,385.634973827147,150,331.395821380694,112.5,151.231330614453,1,1,0.49059004831881,1,0.303327792449448,0.963307336016877,1.07539035015528,0.780188904792932,1.00825161777932e-10,2.45350406657963e-11,1.51878509768721e-13,4.9960036108132e-14,1.35619293573086e-12,1.59872353508581e-10,0,1.26121335597418e-10,-8.48786239256784e-11,1,351.395821380694,58.5659702301157
1.21375441536307,0.777591378506876,1.01192723235064,1.017177558916,0.966666666666667,15,9.06972527892336,385.412432281607,150,331.301059687137,112.5,151.270623646885,1,1,0.490474291494492,0.999999999999999,0.303118407572638,0.963542383185345,1.07565050041776,0.780723222461022,2.32196859471248e-10,2.41726638705586e-11,8.34443625308268e-13,1.06581410364015e-13,1.82942549997733e-12,3.11253293980361e-10,4.44089209850063e-16,1.65613300850964e-10,2.79212281688798e-10,1,351.301059687137,58.5501766145229
1.21335725295721,0.778127823075898,1.01222973147699,1.0174373463095,0.966666666666667,15,9.08224363567254,385.189465579301,150,331.205740709729,112.5,151.309895962941,1,1,0.490358646787496,0.999999999999999,0.302909436477003,0.96377731183089,1.07591051411907,0.781257224682493,1.83837024691607e-10,2.62119215221901e-11,6.18616269321137e-13,1.11688436277291e-13,1.91213711531191e-12,3.25420480214619e-10,2.22044604925031e-16,9.85309611678531e-11,-2.9166946323775e-10,1,351.205740709729,58.5342901182882
1.2129577716092,0.778663945680324,1.01253206407654,1.0176969967392,0.966666666666667,15,9.09476310453676,384.96607477317,150,331.109865186208,112.5,151.349147459262,1,1,0.490243114387563,1,0.302700878476235,0.964012121332096,1.07617039058646,0.781790910348519,1.77874443476971e-10,2.34336994253681e-11,3.45501405263349e-13,5.19584375524573e-14,5.90638649100583e-13,1.23381669532093e-10,0,2.54892995599221e-10,6.54025618732049e-11,1,351.109865186208,58.518310864368
1.21255597441684,0.779199745228036,1.01283422939279,1.01795650953637,0.966666666666667,15,9.10728364445154,384.742260920136,150,331.013433860041,112.5,151.388378036216,1,1,0.490127694480061,1,0.302492732882086,0.964246811070183,1.07643012915096,0.782324278355,1.79366076828224e-10,2.54445353675692e-11,3.44169137633799e-13,8.23785484271866e-14,1.05337960576435e-12,1.99619455457922e-10,4.44089209850063e-16,1.21744392345136e-10,3.0887238772902e-11,1,351.013433860041,58.5022389766735
