lambda,V5,V7,V3,tap9,B5,Qshunt5,Pg1,Pg2,Pg2_requested,Qg2,Qc2,C2mode,C2Vdc,Ic1,Ic2,Ic3,Uc1,Uc2,Uc3,AC_error_MVA,DC_error_MW,bridge_error_MW,station_U_error_pu,station_I_error_pu,station_S_error_MVA,loss_error_MW,PQ_schedule_error,cap_margin_MVA,bus6_type,Pload5,Qload5,load_interpolation_error,generator_projection_error
0,0.995073382098997,0.981252420237628,1,1.01111111111111,0,0,133.563498005811,40,40,-15.3071800343018,0.585082359325398,2,1,0.477935665002906,0.138215230151095,0.236869224557431,0.989666276775489,1.00026309598062,0.997458068723197,2.21339838927532e-10,5.75539615965681e-13,6.10844708148761e-13,8.72635297355373e-14,1.30784272300843e-13,2.18630319356842e-10,0,1.84804171965425e-10,78.769167767047,2,60,10,0,0
0.0918262965000641,0.984333925322641,0.980041679811531,1,1.01111111111111,0,0,134.367502093719,62.0383111600154,62.0383111600154,-14.831082746067,5.43324864606356,2,1,0.478436162483318,0.142803363176754,0.239453557712317,0.988597654253297,1.00216834938451,0.986746812948115,3.31251211939253e-10,4.43378667114303e-12,2.40918396343659e-13,6.92779167366098e-14,4.16500167688127e-13,1.77584240446666e-10,2.22044604925031e-16,2.01438865587988e-10,78.6113302904694,2,82.0383111600154,13.6730518600026,0,7.105427357601e-15
0.182849558322944,0.972953681715901,0.978718548373082,1,1.01111111111111,0,0,135.57228691939,83.8838939975066,83.8838939975066,-13.6681372620087,10.8086459268549,2,1,0.47904171167761,0.155750567707646,0.242254348613421,0.987307675646193,1.00428078522228,0.975397212393201,3.60833928708614e-10,3.31112914864207e-12,3.65485419706602e-13,1.33670852164869e-13,8.10740363732521e-13,3.27931128835714e-10,0,2.07521111406095e-10,78.420804499444,2,103.883893997507,17.3139823329178,0,0
0.272774675671641,0.960919364242074,0.977280782900663,1,1.01111111111111,0,0,137.192502037011,105.465922161194,105.465922161194,-11.8144313286572,16.7225512706694,2,1,0.479754888251745,0.177401683199358,0.245288282416241,0.985792537996718,1.00660483383054,0.96339618373007,3.25241725412584e-10,4.50484094471904e-12,3.11972669919669e-13,8.5043083686287e-14,1.05909725434117e-12,2.21426640375018e-10,2.22044604925031e-16,2.36544117626636e-10,78.1970323658588,2,125.465922161194,20.9109870268656,0,0
0.36127233916474,0.952883743100849,0.976268079572507,1,1.01111111111111,5,4.53993713932943,139.110884993162,126.705361399538,126.705361399538,-10.7399823950901,20.9488228562673,2,1,0.480223662502604,0.196283734159824,0.247356784825587,0.984799046536261,1.00826566989876,0.955383315772221,7.36458917594689e-07,2.09749416058003e-07,6.74474898154642e-09,3.10529379987656e-13,1.65971680843313e-11,2.41787312530736e-09,0,2.11957058127155e-07,78.0503079233245,2,146.705361399538,24.4508935665896,0,1.4210854715202e-14
0.448262245535309,0.948901358227536,0.975682866385425,1,1.01111111111111,15,13.506206814691,141.286546318668,147.582938928474,147.582938928474,-10.4606501021038,23.474110841983,2,1,0.480444878740584,0.208567058468277,0.248394900916884,0.984330877907523,1.00925805364018,0.951412367630835,8.13472626535866e-07,2.32308821068727e-07,6.92104507038493e-09,3.1818991885757e-13,1.88459525762852e-11,2.72144166115518e-09,0,2.34785652253322e-07,77.981167576676,2,167.582938928474,27.9304898214124,0,0
0.528338923367663,0.935134224988926,0.97386156167179,1,1.01111111111111,15,13.1171402811846,161.041149103413,150,166.801341608239,-5.18060423583876,31.6492822174037,2,1,0.481736315227202,0.251952975058321,0.252051795450179,0.981606217014433,1.01247070889874,0.93768561640766,3.68229457233143e-10,8.45545855554519e-13,3.81916720471054e-14,9.12603326241879e-14,8.23674461969404e-13,2.14770690236749e-10,0,2.62111221616124e-10,77.578801123941,2,186.801341608239,31.1335569347065,0,0
0.601103563739948,0.921686355748942,0.972052337293586,1,1.01111111111111,15,12.7425860756065,181.739606898857,150,184.264855297588,0.287536730966679,39.8791854440161,2,1,0.483065999382158,0.29931113847965,0.255729358393336,0.978815860861402,1.0157048608304,0.924278507845353,1.37797916961587e-10,1.00186525742174e-12,1.02140518265514e-14,7.14983627858601e-14,8.09019518044352e-13,1.67738164951107e-10,2.22044604925031e-16,8.58868531850021e-11,77.1667659342318,2,204.264855297588,34.0441425495979,0,0
0.671206319922159,0.907826709119674,0.970168701597602,1,1.01111111111111,15,12.3622400068659,202.203809773188,150,201.089516781318,6.01271904607665,48.4902231252643,2,1,0.484466074621178,0.35119949349731,0.259633538018045,0.975894099943005,1.01908877841263,0.910462301098507,3.84597738094442e-10,4.76063632959267e-13,5.73763259126281e-13,6.18394224716212e-14,6.86339873823272e-13,1.43200536103733e-10,0,2.40646613747231e-10,76.7353628898459,2,221.089516781318,36.8482527968864,0,8.88178419700125e-16
0.738282303141112,0.893605045565779,0.968218511625458,1,1.01111111111111,15,11.9779496619093,222.326777685999,150,217.187752753867,11.9678721879924,57.4434741213891,2,1,0.485931023210696,0.406716605951255,0.263765588125344,0.972854716183206,1.02260716628928,0.896286803512531,2.38962109564167e-10,2.34479102800833e-13,6.16839912481737e-13,5.77315972805081e-14,9.95425963878915e-13,1.57460479737044e-10,0,5.51203527265898e-11,76.28663190487,2,237.187752753867,39.5312921256445,0,0
0.801966391933265,0.879086954711287,0.966212113810058,1,1.01111111111111,15,11.5919081091535,241.992035300191,150,232.471934063984,18.1176652757385,66.6877583130197,2,1,0.487453177565658,0.465115739365377,0.268121667750926,0.969715711025075,1.02623991160466,0.881817597262454,2.59062943354519e-10,5.18696197104873e-13,1.30562227695918e-13,9.04831765069503e-14,1.0895173652159e-12,2.19026313310534e-10,2.22044604925031e-16,1.58379975800926e-10,75.8232353145036,2,252.471934063984,42.0786556773306,0,0
0.861923664250687,0.864351094021798,0.964161962990784,1,1.01111111111111,15,11.2065422060502,261.081232145046,150,246.861679420165,24.4197553691296,76.1614219904983,2,1,0.489022949597512,0.525722270898248,0.272692731027689,0.966498670664734,1.02996278577807,0.867133275575943,1.38181849905988e-10,1.00897068477934e-12,8.5087492607272e-13,4.21884749357559e-14,7.76823050330222e-13,1.2597303123977e-10,2.22044604925031e-16,1.48851597714383e-10,71.1416593653793,2,266.861679420165,44.4769465700275,0,0
0.917880348970819,0.849484187858775,0.962081888182072,1,1.01111111111111,15,10.8243507813312,279.483229728474,150,260.291283752997,30.8272061383011,85.7958657552624,2,1,0.490629361957397,0.58790192490303,0.277465153282455,0.963227533524725,1.03374883097896,0.852320447393729,2.30131888681335e-10,1.05160324892495e-12,7.76267938817909e-13,7.74935671188359e-14,7.77211628388841e-13,1.83776004067831e-10,2.22044604925031e-16,4.75850470138539e-11,61.8147112646002,2,280.291283752997,46.7152139588328,0,0
0.969648640664715,0.834574620343385,0.959986123919351,1,1.01111111111111,15,10.4477219538196,297.102849226244,150,272.715673759532,37.291689683864,95.5202493023668,2,1,0.492260800570076,0.651059847192827,0.282422032314372,0.959926957155461,1.0375702090279,0.837467343511183,2.45625682000764e-10,9.02389274415327e-13,5.46007683510652e-13,8.10462807976364e-14,1.16728848809089e-12,1.91597877288062e-10,0,2.2495072471429e-10,52.3410229209008,2,292.715673759532,48.7859456265886,0,0
1.01714003906327,0.819705924458953,0.957888302860994,1,1.01111111111111,15,10.0787670388966,313.86744727944,150,284.113609375186,43.7668277918532,105.266424905057,2,1,0.493905837603208,0.714654319309168,0.287544902826942,0.956620612880164,1.04140014011989,0.822657323974161,2.96210052976517e-10,1.18660636871937e-12,5.80868686483882e-13,6.82787160144471e-14,5.62494495426336e-13,1.49800869874222e-10,0,2.57781351820086e-10,42.8018521035937,2,304.113609375186,50.6856015625309,0,0
1.06036518147625,0.804951476812966,0.955800612783363,1,1.01111111111111,15,9.71920320035063,329.730129987043,150,294.4876435543,50.2110011046514,114.973104723448,2,1,0.49555395695854,0.77821287971935,0.292815489113122,0.953329750997278,1.04521454042113,0.80796359211417,4.7663821978546e-10,9.66338120633736e-13,5.17363929475323e-14,9.80326930744013e-14,1.32960309429109e-12,2.30081107901309e-10,2.22044604925031e-16,3.10457437535661e-10,33.268068042297,2,314.4876435543,52.4146072590499,0,0
1.09942199181082,0.790371223968559,0.953733252326226,1,1.01111111111111,15,9.37030007516338,344.669458418446,150,303.861278034596,56.5891784268428,124.588593367591,2,1,0.497196060978928,0.841343248189221,0.298217158276244,0.950072265418748,1.04899309582835,0.793445937344759,4.54691182907584e-10,5.40012479177676e-13,3.81916720471054e-14,9.70334923522387e-14,1.69619873702231e-12,2.80437491792897e-10,2.22044604925031e-16,2.2572166358259e-11,23.7985127718712,2,323.861278034596,53.9768796724326,0,0
1.1344765564276,0.776010579021833,0.951694216447673,1,1.01111111111111,15,9.03288628130701,358.686417065339,150,312.274373542624,62.873657960261,134.071917679205,2,1,0.49882471755968,0.903736149568966,0.303735885524376,0.946862313398048,1.05271970587333,0.779149643152029,2.02466376113772e-10,9.09494701772928e-13,3.99014155050281e-13,1.13353770814228e-13,5.79092329644482e-13,2.25234735701527e-10,0,1.72291514388689e-10,14.4395775646479,2,332.274373542624,55.379062257104,0,0
1.165741655498,0.761901077894778,0.949689356752919,1,1.01111111111111,15,8.70739878745837,371.799849715551,150,319.77799731952,69.0438960563451,143.392606619451,2,1,0.500434178810436,0.965160701936453,0.309360712609801,0.943710401095267,1.05638239716384,0.765106149350081,1.53047002866209e-10,1.98241423277068e-12,4.78506123613442e-13,4.01900734914307e-14,7.68052288435683e-13,1.15074413155204e-10,0,6.68975985718134e-11,5.22589470943208,2,339.77799731952,56.62966621992,0,0
1.20715170717535,0.732071750875299,0.959859089164163,0.991202672915694,0.988888888888889,15,8.03893572644439,391.644375896725,150,329.716409722083,84.5180515879542,147.343282903823,1,1,0.504516540156973,1.00000000000035,0.321966064106981,0.935804437030413,1.04965216222219,0.735426322539656,9.8876020883864e-08,1.84706152595027e-08,2.73114864057789e-13,9.40358901857508e-14,3.11911607653315e-12,1.54863070484594e-09,2.22044604925031e-16,1.87602040568891e-08,2.70547114862655e-10,2,349.716409722083,58.2860682870139,0,0
1.23492725723412,0.699242187248967,0.966467102678645,0.978047122216916,0.966666666666667,15,7.3340945464308,408.503480053647,150,336.382541736188,102.401261665431,145.353899688922,1,1,0.509318181618424,1,0.337082436806419,0.926665152900038,1.03648417302544,0.702779013929014,1.2442674557269e-10,9.87654402706539e-13,1.17372778163372e-12,3.10862446895044e-14,5.14033260401447e-13,8.65488391937562e-11,4.44089209850063e-16,4.83950657326204e-11,-7.5510039197995e-11,2,356.382541736188,59.3970902893647,0,0
1.24348935783962,0.66314683616566,0.947922837457357,0.962361217019546,0.966666666666667,15,6.59645589474786,420.826780190413,150,338.437445881509,112.5,142.981510549851,1,1,0.516075905448926,0.999999999999999,0.355429970469995,0.914086228444646,1.02078287692128,0.666909432490325,1.71563720969987e-10,6.18172180111287e-13,4.5763393075049e-13,8.37108160567368e-14,1.45006229246292e-12,2.35579286767789e-10,0,1.23229426662874e-10,2.09482822216486e-10,1,358.437445881509,59.7395743135848,0,0
1.231650370971,0.626427476638166,0.949826784070735,0.945150126561729,0.944444444444445,15,5.88617075230889,427.38771419557,150,335.596089033041,112.5,140.377991766521,1,1,0.524644834044365,1,0.376264243165777,0.898594287979217,1.0035541668331,0.630452812660875,4.39555254531068e-10,1.00186525742174e-12,5.9929838869266e-13,6.50590692430342e-14,7.25197679685152e-13,1.43985641056029e-10,0,1.6532908375666e-10,-8.38937282072852e-11,1,355.596089033041,59.2660148388402,0,0
1.24351639717565,0.662984009550277,0.970409506396167,0.962308151831847,0.944444444444445,15,6.59321695379042,420.87736671103,150,338.443935322155,112.5,142.97348789248,1,1,0.516110037494757,1.00000000000001,0.355517262853491,0.914023517033666,1.0207297600567,0.666747692347319,1.54128911650781e-09,7.00602242886816e-10,5.26245713672324e-13,5.95079541199084e-14,1.02762243159304e-12,1.66463858866001e-10,0,6.24510221314267e-10,-1.49070596339282e-10,1,358.443935322155,59.7406558870259,0,0
1.24547476894652,0.699536355755471,0.991178465713562,0.979657098575982,0.944444444444445,15,7.34026669535467,412.120742315833,150,338.913944547165,112.5,145.597444385381,1,1,0.50773974309944,1,0.336940687150959,0.929650732975817,1.03809572033464,0.703071457910472,7.74812535445107e-10,8.13074052530283e-11,2.36255459640233e-13,8.64863736182997e-14,1.51656465163796e-12,2.08418054721867e-10,0,1.79007031420042e-10,-1.56424078042947e-10,1,358.913944547165,59.8189907578608,0,0
1.23713582605274,0.735632439269195,1.01183659984164,0.996946245088607,0.944444444444445,15,8.1173262855772,401.171459615072,150,336.912598252657,112.5,148.211891026024,1,1,0.499647391054904,1.00000000000001,0.320407649002775,0.945248721170677,1.05540109173846,0.738968407894976,2.4201696938529e-10,1.62735602771136e-10,9.50350909079134e-14,4.67403893367191e-14,9.26259069444768e-13,1.19093197829007e-10,0,2.4760993255768e-10,1.06920036464019e-11,1,356.912598252657,59.4854330421094,0,0
1.21859680170105,0.770836909261888,1.03209243864871,1.01392781288897,0.944444444444445,15,8.9128431102063,388.189022086218,150,332.463232408251,112.5,150.77934892357,1,1,0.491931458719205,1.00000000000001,0.305774486877871,0.960591514389229,1.0723979114601,0.773999847059762,1.95262460932316e-10,1.00598640528915e-10,5.48894263374677e-13,1.19904086659517e-13,2.02660110915076e-12,3.45380341709795e-10,8.88178419700125e-16,9.90638682196732e-11,3.07346049447461e-10,1,352.463232408251,58.7438720680419,0,0
1.19040645069814,0.804726362666943,1.02724508455246,1.03034001028635,0.966666666666667,15,9.71376778156753,373.425404728738,150,325.697548167553,112.5,153.260260672252,1,1,0.484679031223834,1.00000000000148,0.292897400794039,0.975451146370472,1.08882423016083,0.807739424387618,3.60978373666722e-07,6.35065475762531e-08,2.25197638314967e-12,2.24820162486594e-13,6.99745816845621e-12,6.78954360954689e-09,0,6.41493969055773e-08,6.62047732583965e-10,1,345.697548167553,57.6162580279255,0,0
1.21859843624882,0.770746447651168,1.00806877068624,1.01386443261155,0.966666666666667,15,8.91075129850343,388.208597174772,150,332.463624699716,112.5,150.769765104438,1,1,0.491953653091026,0.999999999999999,0.305810375266578,0.960546702290812,1.07233447467979,0.773909806231331,8.76279269934264e-10,5.31521493485343e-10,5.29798427351125e-13,6.86117829218347e-14,4.07118783130045e-13,1.3415533454312e-10,2.22044604925031e-16,5.6490989663871e-10,-6.17962984676692e-11,1,352.463624699716,58.7439374499526,0,0
1.23712332595726,0.735508873782386,0.988253446108272,0.996865963137685,0.966666666666667,15,8.11459955118951,401.196212242584,150,336.909598229742,112.5,148.199749365266,1,1,0.499677647383499,1,0.320461477483439,0.945189476112459,1.05532073511496,0.738845484395328,3.4211340972961e-10,1.5318590840252e-10,3.50830475781549e-14,1.10800257857591e-13,1.04027897407377e-12,2.5739813878112e-10,2.22044604925031e-16,2.25085727834085e-10,7.08371205811215e-11,1,356.909598229742,59.4849330382903,0,0
1.24542990236942,0.699377160399323,0.968043423735858,0.979558897681915,0.966666666666667,15,7.33692618732331,412.147193539175,150,338.903176568662,112.5,145.582590005203,1,1,0.507778994271803,0.999999999999999,0.33701738309832,0.929576268859881,1.03799742401986,0.702913195599547,2.54445970211461e-10,1.6956391846179e-10,3.16635606623095e-13,5.18474152499948e-14,6.8139938136369e-13,1.09847843680899e-10,0,2.23018048473023e-10,-5.68668831577438e-11,1,358.903176568662,59.817196094777,0,0
1.24342073618773,0.66278877155993,0.947724826417659,0.962192142659727,0.966666666666667,15,6.58933433558881,420.90139006918,150,338.420976685056,112.5,142.955936584229,1,1,0.516158729215294,1,0.355621987744241,0.913934068994567,1.02061363309107,0.666553757956967,3.50515506237928e-10,2.11905160085735e-10,4.47419878923938e-13,4.75175454539567e-14,7.31414928623053e-13,1.08003906627621e-10,4.44089209850063e-16,2.64400057403691e-10,3.00444713689006e-11,1,358.420976685056,59.7368294475093,0,0
1.23148817528162,0.626072202932743,0.94962780262234,0.944984433911565,0.944444444444445,15,5.87949604927587,427.440264559366,150,335.557162067589,112.5,140.352925615631,1,1,0.524728532448825,0.999999999999999,0.376477759739772,0.898445421504342,1.00338830089308,0.630100267905871,2.15703946885586e-10,4.83169060316868e-13,4.80060435847918e-13,5.3179682879545e-14,4.25992574548673e-13,1.18295822508889e-10,2.22044604925031e-16,1.05281117157574e-10,5.46551294051933e-11,1,355.557162067589,59.2595270112649,0,0
1.24344747402021,0.662626641224406,0.970207319596823,0.96213943057191,0.944444444444445,15,6.58611098490506,420.951733136794,150,338.427393764851,112.5,142.94796733135,1,1,0.516192703543521,1,0.355709000705291,0.913871667041868,1.02056086966127,0.666392710876159,1.68597902751576e-09,7.10329572939372e-10,2.36255459640233e-13,1.13464793116691e-13,1.24567023362943e-12,2.55727470966448e-10,0,7.13754388925736e-10,1.12784772384672e-10,1,358.427393764851,59.7378989608084,0,0
1.24550515877395,0.69918118949084,0.990975874085173,0.979487703527986,0.944444444444445,15,7.33281503606739,412.216947266193,150,338.921238105748,112.5,145.571826290317,1,1,0.507820243492315,1,0.337111844451705,0.929498026416251,1.03792616275276,0.702718373981302,5.62039872431369e-10,8.38156211102614e-11,4.70290473231216e-13,6.01740879346835e-14,4.92605956026182e-13,1.15505055430163e-10,4.44089209850063e-16,2.04842365292279e-10,-6.28328494898767e-11,1,358.921238105748,59.820206350958,0,0
1.23726701295239,0.735283904395544,1.01163653845954,0.996778662241414,0.944444444444445,15,8.10963630094732,401.288445834513,150,336.944083108574,112.5,148.186551646466,1,1,0.499724668438259,0.999999999999998,0.320559526718047,0.945097417984518,1.05523335504227,0.738621684500885,2.73767569123367e-10,1.64178004524729e-10,5.08482145278322e-14,7.48290318597356e-14,1.28652644093563e-12,2.14934560781102e-10,0,1.87093007752992e-10,-1.91992122325083e-10,1,356.944083108574,59.4906805180956,0,0
1.21882551006939,0.770498980146114,1.03189760001849,1.01376433996271,0.944444444444445,15,8.90503017609302,388.324786371001,150,332.518122416654,112.5,150.754635610271,1,1,0.492004666750438,1,0.305908594909723,0.960443716990033,1.07223429485814,0.773663490415481,5.70023390274105e-10,1.02495789633394e-10,9.62341317745086e-13,1.17461596005342e-13,2.03614902716254e-12,3.46313604576368e-10,0,1.32537536501331e-10,3.09660056323423e-10,1,352.518122416654,58.7530204027756,0,0
1.19072550226892,0.804401900741637,1.02706175308731,1.03018238845784,0.966666666666667,15,9.70593626875138,373.577383613268,150,325.77412054454,112.5,153.236436282954,1,1,0.484747664833234,1.0000000000015,0.29301554329012,0.975308468974324,1.08866647551358,0.80741632764511,3.66124231232289e-07,6.4393489651593e-08,1.23856480627182e-12,2.09721129351692e-13,7.1437855631018e-12,6.7902715220832e-09,0,6.50876259555844e-08,6.75568302844088e-10,1,345.77412054454,57.6290200907566,0,0
1.21882703015505,0.770408298773683,1.00787822560028,1.01370084410245,0.966666666666667,15,8.90293420229041,388.344391311148,150,332.518487237213,112.5,150.745034296219,1,1,0.492026915609563,1,0.305944602059938,0.960398808048393,1.07217074236851,0.773573231282924,8.97312732068247e-10,5.28089572071622e-10,7.08544334315775e-13,1.04805053524615e-13,1.81854531433601e-12,3.09096896507117e-10,2.22044604925031e-16,5.95129279190587e-10,2.75978929698885e-10,1,352.518487237213,58.7530812062021,0,0
1.23725425446139,0.735160089321234,0.988057778339121,0.996698251451114,0.966666666666667,15,8.10690535396208,401.313203509128,150,336.941021070734,112.5,148.174390477547,1,1,0.499754988962008,1,0.320613515094383,0.945038065305687,1.05515286942747,0.738498513436356,3.12783308287301e-10,1.48666856603086e-10,3.87245790989255e-13,6.93889390390723e-14,1.27364785384998e-12,1.9804179951186e-10,0,3.15580450660491e-10,-3.91057366558671e-11,1,356.941021070734,59.4901701784557,0,0
1.2454598761373,0.699021730963074,0.967845274492044,0.979389369427168,0.966666666666667,15,7.32947070537919,412.243370952942,150,338.910370272952,112.5,145.556951732747,1,1,0.507859565076421,0.999999999999999,0.337188745293971,0.929423452000998,1.03782773306021,0.702559851186352,5.0262209870717e-10,1.71660019532283e-10,1.59428026336172e-13,9.2148511043888e-14,1.03617114888266e-12,2.10897575482597e-10,0,1.900914980979e-10,2.29320138447553e-11,1,358.910370272952,59.8183950454921,0,0
1.24335125103216,0.662431148656982,0.947527077256584,0.962023295339891,0.966666666666667,15,6.58222540066514,420.975692808135,150,338.404300247718,112.5,142.930396919987,1,1,0.516241466489397,0.999999999999999,0.355813975346569,0.913782116386659,1.02044461645683,0.666198525331487,1.112353009304e-10,2.08295602988073e-10,4.14779321999958e-13,2.39808173319034e-14,4.87110352054287e-13,5.47321568312645e-11,0,1.86673787538894e-10,9.67662733917175e-12,1,358.404300247718,59.7340500412863,0,0
1.23132530984485,0.625717399272339,0.949429105876795,0.94481898187996,0.944444444444445,15,5.87283395628209,427.492542314487,150,335.518074362765,112.5,140.327895833946,1,1,0.524812134066635,1,0.376691235803482,0.898296773772842,1.00322267575359,0.629748193428062,1.18188386265912e-10,6.75015598972095e-13,1.11688436277291e-13,2.76445533131664e-14,5.74318370638593e-13,7.83871731523558e-11,2.22044604925031e-16,4.16520151702571e-11,3.86122097884038e-11,1,355.518074362765,59.2530123937941,0,0
1.24337769012438,0.662269706019234,0.970005395862434,0.961970932227099,0.944444444444445,15,6.57901745266204,421.02579519673,150,338.410645629852,112.5,142.922480448447,1,1,0.51627528500955,1.00000000000001,0.355900712728958,0.913720020173559,1.02039220233317,0.666038162777051,1.63327839961139e-09,7.16873671535723e-10,2.63566946046012e-13,5.38458166943201e-14,7.28528348759028e-13,1.25347734154247e-10,2.22044604925031e-16,7.12390146873076e-10,-2.00570827804391e-11,1,358.410645629852,59.7351076049754,0,0
1.24553452951838,0.698826410263802,0.990773517498857,0.979318508148187,0.944444444444445,15,7.32537527523288,412.312826401359,150,338.928287084412,112.5,145.546238346854,1,1,0.507900672831542,1,0.337282988927282,0.929345502212471,1.03775680496076,0.702365677367242,5.80570550846947e-10,8.77449224390148e-11,4.97601959636995e-13,8.55981951985996e-14,1.22846177674774e-12,2.03626545420341e-10,2.22044604925031e-16,2.1828583385286e-10,1.80164742450079e-10,1,358.928287084412,59.8213811807354,0,0
1.23739706778185,0.734935706648712,1.01143668103134,0.996611253045807,0.944444444444445,15,8.10195739360862,401.405096348326,150,336.975296267645,112.5,148.161238477485,1,1,0.499801888143389,1,0.320711401370412,0.944946273730373,1.05506579209111,0.738275298522232,1.82928079064981e-10,1.63133506703161e-10,3.5171865420125e-13,6.12843109593086e-14,4.43811654093906e-13,1.44881080021369e-10,0,1.69976033248531e-10,-1.37754364586632e-11,1,356.975296267645,59.4958827112742,0,0
1.21905302110944,0.770161340520552,1.03170293509167,1.01360101520436,0.944444444444445,15,8.8972273564862,388.460215299257,150,332.572725066265,112.5,150.729944652211,1,1,0.492077828920984,1,0.306042705593001,0.960296055445047,1.07207082649408,0.77332742353482,3.38776731193853e-10,1.05387698567938e-10,2.12052597703405e-13,1.19904086659517e-13,2.11342054967645e-12,3.64821024070692e-10,2.22044604925031e-16,6.5814909078199e-11,-3.21392301596962e-10,1,352.572725066265,58.7621208443776,0,0
1.19104333122232,0.804077686632567,1.02687856508206,1.03002489202607,0.966666666666667,15,9.69811389210571,373.729034793769,150,325.850399493357,112.5,153.212630805272,1,1,0.484816262189706,1.00000000000152,0.293133690788848,0.975165906709948,1.08850884631511,0.80709347895705,3.71105196634962e-07,6.52976979154118e-08,1.89981363973857e-12,2.28705943072782e-13,6.92018664594229e-12,6.92236080940022e-09,0,6.59437731087564e-08,6.02631852863908e-10,1,345.850399493357,57.6417332488929,0,0
1.21905442635932,0.770070438552881,1.0076878497913,1.01353740337429,0.966666666666667,15,8.8951272049954,388.47985021592,150,332.573062326236,112.5,150.720325784846,1,1,0.49210013246415,1,0.306078832002371,0.96025104931136,1.07200715790775,0.773236945270824,8.88152050401626e-10,5.24529752965464e-10,7.26085858104852e-14,6.59472476627343e-14,1.13065112827826e-12,1.91679820258158e-10,0,5.86958037729346e-10,-1.72028611608989e-10,1,352.573062326236,58.7621770543727,0,0
1.23738405025212,0.734811641276955,0.987862309488633,0.99653071309819,0.966666666666667,15,8.09922222234199,401.429859100265,150,336.972172060508,112.5,148.149057752218,1,1,0.49983227303798,0.999999999999998,0.320765550182172,0.944886813144939,1.05498517716671,0.738151879190114,4.64042944097275e-10,1.45433887155377e-10,1.83852932877926e-13,1.73971947958762e-13,2.04625205668663e-12,3.43523268593641e-10,0,2.32807551014957e-10,3.06121886736331e-10,1,356.972172060508,59.4953620100847,0,0
1.24548883011711,0.698666688037781,0.967647354662725,0.97922004062063,0.966666666666667,15,7.32202711460523,412.339222517045,150,338.917319228107,112.5,145.531343578968,1,1,0.507940064958919,1,0.337360095209978,0.92927081729934,1.03765824167017,0.702206893569321,1.89240952006318e-10,1.74424030774389e-10,3.58157947744075e-13,5.35127497869325e-14,9.15267861500979e-13,1.50523530516024e-10,0,2.32489583140705e-10,-1.34796055247301e-10,1,358.917319228107,59.8195532046846,0,0
1.24328090461852,0.662073958538319,0.947329585012239,0.961854670812377,0.966666666666667,15,6.575128898619,421.049691137308,150,338.387417108444,112.5,142.904890914808,1,1,0.516324119264171,1,0.356005937640154,0.913630366789776,1.02027582276693,0.665843725749643,1.31901158013946e-10,2.0839507897108e-10,6.62803145701218e-13,5.57331958361829e-14,9.92317339409965e-13,1.64352660976824e-10,2.22044604925031e-16,2.24630980483198e-10,1.42689217235092e-10,1,358.387417108444,59.7312361847406,0,0
1.23116177451713,0.625363056779346,0.94923068881438,0.944653766274633,0.944444444444445,15,5.86618429176611,427.544549647897,150,335.47882588411,112.5,140.302901786976,1,1,0.524895640919219,1,0.376904676155682,0.898148341008406,1.00305728721827,0.629396580411066,1.39196072070672e-10,2.91322521661641e-13,2.5068835896036e-13,1.37445610448594e-13,2.37565522809291e-12,3.78475166316563e-10,0,4.94999596867274e-11,3.36499895624804e-10,1,355.47882588411,59.246470980685,0,0
1.24330704768081,0.661913195192527,0.969803730217667,0.961802652635099,0.944444444444445,15,6.5719361695497,421.099555564224,150,338.393691443394,112.5,142.897026613758,1,1,0.516357783847404,1.00000000000001,0.35609240320719,0.91356857267446,1.02022375390615,0.665684039361085,1.71272946067699e-09,7.28086035906017e-10,7.37410132956029e-13,5.35127497869325e-14,6.12065953475849e-13,1.2071974203503e-10,6.66133814775094e-16,7.60607576921757e-10,3.01924818516068e-11,1,358.393691443394,59.7322819072323,0,0
1.2455628856107,0.69847200957173,0.990571391092382,0.979149508362885,0.944444444444445,15,7.31794722232755,412.408382828262,150,338.935092546569,112.5,145.520679939993,1,1,0.507981032978835,0.999999999999996,0.337454124381177,0.929193156685307,1.03758764288125,0.702013359612046,6.19993232155031e-10,9.16173803489073e-11,1.22568621918617e-13,1.30118138486068e-13,2.20978790821391e-12,3.64502491957662e-10,8.88178419700125e-16,1.25318422306009e-10,-3.23937279219706e-10,1,358.935092546569,59.8225154244281,0,0
1.23752599705622,0.734587837801437,1.01123702283612,0.996444013541203,0.944444444444445,15,8.09428937168685,401.52141464904,150,337.006239293492,112.5,148.13595092065,1,1,0.499879051939594,1.00000000000001,0.320863276339772,0.944795284827307,1.05489839892093,0.73792924177228,3.73026136991955e-10,1.62138746873097e-10,1.37667655053519e-13,1.6242562850266e-13,2.21805906974737e-12,3.91632710280935e-10,0,2.63064237060462e-10,2.75047643401784e-10,1,357.006239293492,59.5010398822487,0,0
1.21927934326744,0.769823982461167,1.0315084393122,1.01343783478753,0.944444444444445,15,8.88943445958556,388.595312703198,150,332.627042384186,112.5,150.705275469605,1,1,0.492150946898552,0.999999999999999,0.306176821930911,0.960148526290363,1.07190750253829,0.772991638529136,1.8932388315105e-10,1.06680886347021e-10,1.88737914186277e-13,7.00550728538474e-14,8.97948382316827e-13,1.69369479019961e-10,2.22044604925031e-16,2.27018404075352e-10,-9.6672202204378e-11,1,352.627042384186,58.7711737306977,0,0
1.19135994778357,0.803753712734992,1.02669551625764,1.0298675173094,0.966666666666667,15,9.69030046102927,373.880362401907,150,325.926387468057,112.5,153.188843682854,1,1,0.484884824859268,1.00000000000154,0.293251845961023,0.975023456242385,1.08835133888078,0.806770870749605,3.76422387121254e-07,6.62144827856537e-08,2.01527683429958e-12,2.66675570514963e-13,8.38268343628101e-12,6.94752620025378e-09,0,6.70183695206106e-08,3.83456232633309e-10,1,345.926387468057,57.6543979113429,0,0
1.21928063330174,0.769732859058031,1.00749763880221,1.01337410659645,0.966666666666667,15,8.88733011470475,388.614977721975,150,332.627351992417,112.5,150.695638989859,1,1,0.492173305324828,1,0.306213068102877,0.960103422612918,1.07184371746363,0.77290094029984,8.85558496298797e-10,5.19420950695348e-10,2.1493917756743e-13,6.92779167366098e-14,7.83706433082898e-13,1.6418613223623e-10,2.22044604925031e-16,6.09126971085061e-10,1.01543307085964e-10,1,352.627351992417,58.7712253320695,0,0
1.23751271983698,0.734463521412171,0.987667034937796,0.99636334411384,0.966666666666667,15,8.0915499642775,401.546182508792,150,337.003052760876,112.5,148.123750591012,1,1,0.4999095013801,0.999999999999999,0.320917586132796,0.944735716045475,1.05481765436412,0.737805573459725,2.76019331955766e-10,1.39287692491052e-10,2.77555756156289e-14,7.60502771868232e-14,5.59441382108616e-13,1.48821424511149e-10,0,2.32247998610546e-10,-4.25107097460296e-11,1,357.003052760876,59.5005087934793,0,0
1.24551676872948,0.698312023120578,0.96744965949628,0.979050907188817,0.966666666666667,15,7.31459522452133,412.434751336295,150,338.924024495076,112.5,145.505764927671,1,1,0.508020495780601,1,0.337531436653764,0.929118361076462,1.03748894577256,0.701854314292103,1.29227610359078e-10,1.75290892912017e-10,2.08721928629529e-14,6.68354260824344e-14,1.14686038443779e-12,1.88555540598739e-10,2.22044604925031e-16,4.75210981676355e-11,-1.68816512319808e-10,1,358.924024495076,59.8206707491793,0,0
1.24320969912974,0.661717192478158,0.947132344831423,0.961686264922815,0.966666666666667,15,6.56804464231763,421.123387724382,150,338.370327791139,112.5,142.879417940884,1,1,0.516406689490126,1,0.356197878907026,0.91347881645687,1.02010724786308,0.66548935053915,2.73790886152434e-10,2.04906314138498e-10,1.56763491077072e-13,8.79296635503124e-14,1.03916875104915e-12,1.98884522045457e-10,2.22044604925031e-16,2.44909870161791e-10,7.99163145986633e-11,1,358.370327791139,59.7283879651898,0,0
1.23099756913777,0.625009166742987,0.949032546510266,0.944488782982549,0.944444444444445,15,5.85954687769144,427.596288701277,150,335.439416593065,112.5,140.277942853729,1,1,0.524979054990349,1,0.377118085521775,0.898000119506384,1.00289213117007,0.629045420204703,1.4760950840602e-10,1.09423581307055e-12,2.67341704329738e-13,1.48214773787458e-13,1.72883929394629e-12,3.2872613179505e-10,2.22044604925031e-16,3.38275185640668e-10,-4.39150829382275e-11,1,355.439416593065,59.2399027655109,0,0
1.24323554881625,0.661557100169502,0.969602317783939,0.961634587714836,0.944444444444445,15,6.56486695177021,421.173016856783,150,338.3765317159,112.5,142.871605210446,1,1,0.516440201970902,1.00000000000001,0.356284076355818,0.913417320863487,1.02005552029532,0.665330332106169,1.72590465445365e-09,7.35653316041862e-10,4.06341627012807e-14,4.89608353859694e-14,5.04374320087209e-13,1.12771827807344e-10,2.22044604925031e-16,7.32512717149802e-10,7.18567604597843e-11,1,358.3765317159,59.72942195265,0,0
1.24559023137076,0.698117979057993,0.990369490088759,0.978980700170064,0.944444444444445,15,7.31053069026024,412.503619592286,150,338.941655528981,112.5,145.495150463171,1,1,0.508061325764324,1.00000000000001,0.337625254563669,0.929040986220716,1.03741867250859,0.701661412404913,5.41131688237316e-10,9.62927515502088e-11,2.44693154627385e-13,7.061018436616e-14,6.52478071572204e-13,1.61250857911478e-10,0,6.4019900491985e-11,-4.98555027448343e-11,1,358.941655528981,59.8236092548302,0,0
1.23765380714512,0.734240289752724,1.0110375592268,0.996276939829245,0.944444444444445,15,8.08663204644247,401.637404164273,150,337.036913714828,112.5,148.110688387142,1,1,0.499956161568113,1.00000000000001,0.32101515496503,0.944644447750798,1.05473117162998,0.737583506190049,1.79050472323437e-10,1.6144952041941e-10,8.26894108740817e-13,6.23945339839338e-14,1.17339471472633e-12,2.2775668070354e-10,0,2.10093276109546e-10,1.74507755797815e-10,1,357.036913714828,59.5061522858046,0,0
1.21950448480438,0.769486898172156,1.03131410819718,1.01327479494686,0.944444444444445,15,8.8816512968791,388.730082342327,150,332.681076353052,112.5,150.680627494226,1,1,0.492224022322382,1,0.306310946886715,0.960001126119136,1.07174431922223,0.772656127637452,1.21951510569199e-10,1.07895914425171e-10,3.06199510191618e-13,7.66053886991358e-14,5.21527265817667e-13,1.54228284891236e-10,0,1.26952670598257e-10,6.80038929107706e-11,1,352.681076353052,58.7801793921754,0,0
1.19167536197298,0.803429971555839,1.02651260239833,1.02971026068081,0.966666666666667,15,9.68249578791324,374.031370496809,150,326.002086873515,112.5,153.165074366811,1,1,0.484953354387165,1.00000000000156,0.293370011446176,0.974881114286297,1.08819394958059,0.806448495560324,3.81644225682355e-07,6.71471482860397e-08,2.32369679054045e-12,2.665645482125e-13,7.70239427794195e-12,7.07431724980775e-09,2.22044604925031e-16,6.78411709031934e-08,8.04058226884158e-10,1,346.002086873515,57.6670144789191,0,0
1.21950565923961,0.769395552481407,1.00730758824533,1.01321094999797,0.966666666666667,15,8.87954274267255,388.749777591303,150,332.681358217506,112.5,150.670973342225,1,1,0.492246435834902,1,0.306347313331747,0.959955924540726,1.07168041726202,0.772565208597212,9.20984179696273e-10,5.186748808228e-10,2.77555756156289e-13,1.29452004671293e-13,1.44539935575949e-12,3.07248374148613e-10,2.22044604925031e-16,6.00387295435212e-10,1.59132581602453e-10,1,352.681358217506,58.7802263695844,0,0
1.23764026957703,0.73411572161632,0.987471950139379,0.996196140594722,0.966666666666667,15,8.08388839086375,401.662177163585,150,337.033664698488,112.5,148.098468402596,1,1,0.499986675732362,0.999999999999998,0.321069626292062,0.944584770478559,1.05465029711295,0.73745958817475,2.91506686059138e-10,1.36772371206462e-10,4.00124378074906e-13,8.4821039081362e-14,1.45938816586977e-12,2.43749314452011e-10,0,1.04705577541608e-10,2.1840732873806e-10,1,357.033664698488,59.5056107830814,0,0
1.24554369628388,0.697957727819863,0.967252184303763,0.978881965112001,0.966666666666667,15,7.30717484735198,412.529960462253,150,338.930487108132,112.5,145.480215171006,1,1,0.508100859383141,1,0.337702773394093,0.928966079702588,1.03731984134401,0.701502105009209,1.50313992401544e-10,1.77536207957019e-10,1.7696955012525e-13,4.13002965160558e-14,8.02691246803988e-13,1.15605669296945e-10,6.66133814775094e-16,1.5140955156312e-10,2.34906912542864e-11,1,358.930487108132,59.8217478513553,0,0
1.24313763667126,0.661360841863629,0.946935351924855,0.961518073571722,0.966666666666667,15,6.56097244725852,421.196785190784,150,338.353032801103,112.5,142.853977378106,1,1,0.516489179090518,1,0.35638980338257,0.913327461690749,1.01993888764196,0.665135391139913,3.43675080811332e-10,2.05375272344099e-10,5.07149877648772e-13,2.17603712826531e-14,3.78030939884866e-13,6.86641519418514e-11,0,1.84748216724984e-10,5.41062123537803e-11,1,358.353032801103,59.7255054668505,0,0
1.230832693514,0.624655720592686,0.948834674119906,0.944324027957817,0.944444444444445,15,5.85292153903752,427.647761573117,150,335.399846443361,112.5,140.253018421386,1,1,0.525062378231525,0.999999999999999,0.377331468559812,0.897852105622739,1.00272720355916,0.628694704298013,2.06620032606563e-10,7.60280727263307e-13,1.63646873829748e-13,6.42819131257966e-14,1.09434683537302e-12,1.76335667884258e-10,2.22044604925031e-16,7.05897562625069e-11,-1.54871166346747e-10,1,355.399846443361,59.2333077405601,0,0
1.24316319558938,0.661201412533138,0.969401153772936,0.961466733460695,0.944444444444445,15,6.55780961903726,421.24618163595,150,338.35916694145,112.5,142.846215633148,1,1,0.516522541263486,1.00000000000001,0.356475736323272,0.913266261127745,1.01988749749128,0.664977032647114,1.77965811554432e-09,7.42566896860808e-10,6.61026788861818e-13,1.0991207943789e-13,1.9195756095769e-12,3.12509456443095e-10,0,7.78911157794937e-10,-2.77962028275752e-10,1,358.35916694145,59.726527823575,0,0
1.24561657100784,0.69776431050945,0.990167809792902,0.978812079636216,0.944444444444445,15,7.30312549531092,412.598539677955,150,338.947977041882,112.5,145.469649322735,1,1,0.508141552990379,1,0.337796383169279,0.928888987266604,1.03724988990571,0.701309827577869,6.48361340297125e-10,9.99378357846581e-11,1.19904086659517e-13,4.2854608750531e-14,6.38322728008234e-13,1.08946790947326e-10,0,7.14077685870507e-11,-5.67257247363734e-11,1,358.947977041882,59.8246628403136,0,0
1.23778050425568,0.733893054576905,1.01083828565792,0.996110028096982,0.944444444444445,15,8.0789852333433,401.753068242485,150,337.067321021362,112.5,148.085450300334,1,1,0.500033218726887,0.999999999999999,0.321167040519863,0.944493759053974,1.05456410640196,0.73723808388909,1.45468038912363e-10,1.60355284606339e-10,8.92619311798626e-14,8.82627304576999e-14,8.66862137627322e-13,2.05094462326101e-10,4.44089209850063e-16,1.76385128725087e-10,-9.71758098088158e-11,1,357.067321021362,59.511220170227,0,0
1.21972845378553,0.769150080010011,1.03111993735308,1.01311189199266,0.944444444444445,15,8.8738776836911,388.864527895139,150,332.734828908528,112.5,150.656000168458,1,1,0.492297056804051,0.999999999999998,0.30644508337459,0.959853851591559,1.07158127285309,0.772320883250647,1.30890591019874e-10,1.10617293103132e-10,7.66275931596283e-13,5.15143483426073e-14,8.80295836225287e-13,1.49386801617481e-10,0,1.37085010010196e-10,1.34146904471893e-10,1,352.734828908528,58.7891381514213,0,0
1.19198958356879,0.803106455753718,1.02632981937431,1.02955311858736,0.966666666666667,15,9.67469968909949,374.182063046909,150,326.07750005651,112.5,153.141322321811,1,1,0.48502185228606,1.00000000000158,0.293488189836308,0.974738877623607,1.08803667485871,0.806126346077901,3.87036182968428e-07,6.80970657640501e-08,2.61946020430059e-12,2.01394456667003e-13,7.24159621157128e-12,7.08465875832334e-09,2.22044604925031e-16,6.8778376771661e-08,2.44289136147036e-10,1,346.07750005651,57.6795833427517,0,0
1.21972951223763,0.769058511161228,1.00711769381655,1.01304792988009,0.966666666666667,15,8.87176490384287,388.88425350623,150,332.735082937032,112.5,150.646328282735,1,1,0.492319525610311,0.999999999999999,0.30648157061047,0.959808551747296,1.07151725360103,0.772229742535547,8.12265221632669e-10,5.1657167432495e-10,5.00488539501021e-13,6.7612582199672e-14,1.0769163338864e-12,1.84263295102524e-10,4.44089209850063e-16,5.21140464115888e-10,1.63830756412224e-10,1,352.735082937032,58.7891804895053,0,0
1.2377667056736,0.733768233943557,0.987277050639714,0.99602909871804,0.966666666666667,15,8.0762373171697,401.777846416105,150,337.064009361663,112.5,148.073210610313,1,1,0.500063797802269,1,0.321221673944423,0.944433972988244,1.05448310158706,0.737113915428722,2.83868873392261e-10,1.331628141088e-10,5.75095526755831e-13,6.08402217494586e-14,1.1063927551902e-12,1.72063749728067e-10,0,2.49698928200814e-10,-1.53796672119572e-10,1,357.064009361663,59.5106682269439,0,0
1.24556961697618,0.697603793940854,0.967054924508035,0.978713210466728,0.966666666666667,15,7.29976579981011,412.624852872098,150,338.936708074284,112.5,145.4546937163,1,1,0.508181157559445,1,0.337874109120199,0.928813969634593,1.0371509244575,0.701150257570857,1.43130290344311e-10,1.79028347702115e-10,1.13087317288318e-12,5.71764857681956e-14,7.39741601307742e-13,1.33890048900719e-10,0,1.58912882852746e-10,-5.85454660084165e-11,1,358.936708074284,59.8227846790473,0,0
1.24306471929269,0.661004898281811,0.946738601615293,0.961350092755582,0.966666666666667,15,6.55391213328822,421.269886095256,150,338.335532630247,112.5,142.828568620983,1,1,0.516571589946644,1,0.356581715217912,0.913176298880824,1.01977073809627,0.664781839191013,1.93997972517378e-10,2.04408934223466e-10,1.0813572259849e-13,7.43849426498855e-14,1.27520216608445e-12,2.06305223290462e-10,2.22044604925031e-16,1.27464261368004e-10,1.83791299926418e-10,1,358.335532630247,59.7225887717077,0,0
1.23066714745007,0.624302709943436,0.948637066904854,0.944159497243295,0.944444444444445,15,5.84630810464078,427.698970314835,150,335.360115388018,112.5,140.22812789133,1,1,0.52514561255396,1,0.377544829841934,0.897704295793387,1.00256250042451,0.628344424364677,1.93217627728575e-10,1.98951966012828e-12,3.38173933300823e-13,8.28226376370367e-14,1.3908874052504e-12,2.23739331938254e-10,2.22044604925031e-16,5.52802248421358e-11,1.96809975433382e-10,1,355.360115388018,59.226685898003,0,0
1.2430899899988,0.660846124033906,0.969200233492714,0.961299085947847,0.944444444444445,15,6.55076399475955,421.319052408046,150,338.341597599711,112.5,142.820857287295,1,1,0.516604803566236,1.00000000000001,0.356667387184951,0.913115389927482,1.01971968156552,0.664624132785307,1.74935930725559e-09,7.51271045373869e-10,1.90736315630602e-13,5.59552404411079e-14,9.52571355128384e-13,1.54334210544075e-10,0,7.3710992865017e-10,1.35963126373457e-10,1,358.341597599711,59.7235995999519,0,0
1.24564190861895,0.6974109959009,0.989966345619055,0.978643642919808,0.944444444444445,15,7.29573145805228,412.693145997991,150,338.954058068548,112.5,145.444175937586,1,1,0.508221716413167,1,0.337967513818836,0.928737156353854,1.03708129122758,0.700958597149977,7.42037212858274e-10,1.04030561942636e-10,4.96713781217295e-13,4.21884749357559e-14,2.35811370430383e-13,7.42945059590226e-11,0,1.40950362492731e-10,-3.48444624580926e-11,1,358.954058068548,59.825676344758,0,0
1.23790609444795,0.73354612447851,1.01063919765897,0.995943274594375,0.944444444444445,15,8.07134875106163,401.868410166171,150,337.097462667509,112.5,148.0602360931,1,1,0.500110225097951,1,0.321318936234919,0.944343215346187,1.05439719948355,0.736892967112655,2.31356339137717e-10,1.59779744990374e-10,5.85753667792233e-13,9.70334923522387e-14,1.63580260448271e-12,2.75295782023487e-10,2.22044604925031e-16,2.72443401172495e-10,-2.4477304927046e-10,1,357.097462667509,59.5162437779182,0,0
1.21995125808776,0.768813520467669,1.03092592246502,1.01294912230121,0.944444444444445,15,8.86611343880836,388.998652964065,150,332.788301941062,112.5,150.63139294477,1,1,0.492370051924209,0.999999999999994,0.306579234263068,0.959706699428413,1.07141835980409,0.771985897895452,1.44597070730376e-10,1.1290524071228e-10,7.35855820721554e-13,9.51461132103759e-14,8.47988346208695e-13,2.25121478227806e-10,0,1.1939249588977e-10,-1.01787495165298e-10,1,352.788301941062,58.7980503235104,0,0
1.19230262212322,0.802783158124317,1.02614716313348,1.02939608754307,0.966666666666667,15,9.66691198452078,374.332443936579,150,326.152629309573,112.5,153.117587019106,1,1,0.48509032004518,1.0000000000016,0.293606383683336,0.974596743096769,1.08787951122633,0.805804415127744,3.92568168974369e-07,6.90607464548521e-08,2.4740209880747e-12,3.51607631898787e-13,8.61766213944293e-12,7.18656994814601e-09,4.44089209850063e-16,6.9854500850397e-08,6.51721194679795e-10,1,346.152629309573,57.6921048849288,0,0
1.21995220015909,0.768721727594867,1.00692795130149,1.01288504262121,0.966666666666667,15,8.86399641714654,389.018409065441,150,332.788528038181,112.5,150.62170326397,1,1,0.492392576229663,0.999999999999999,0.306615842808772,0.95966130095548,1.07135422285598,0.77189453464613,7.92555114244849e-10,5.09203346155118e-10,8.61533067109121e-14,6.79456491070596e-14,7.7893247407701e-13,1.42882386323964e-10,0,5.45099965165718e-10,1.18530904999457e-10,1,352.788528038181,58.7980880063635,0,0
1.23789203417379,0.733421050606592,0.987082332074581,0.995862214737881,0.966666666666667,15,8.06859656209315,401.893193544426,150,337.09408820171,112.5,148.047976646669,1,1,0.500140869262474,1,0.321373732318824,0.944283320188158,1.05431606403725,0.7367685474731,2.03024854718445e-10,1.27819532735884e-10,3.92130772297605e-13,6.65023591750469e-14,7.89479592810949e-13,1.47308419835124e-10,2.22044604925031e-16,1.01458397239185e-10,9.69857899289017e-11,1,357.09408820171,59.5156813669516,0,0
1.24559453489343,0.697250213431759,0.966857875611506,0.978544639397474,0.966666666666667,15,7.2923679019595,412.719431482589,150,338.942688374423,112.5,145.429199980327,1,1,0.508261392077925,1,0.338045447468298,0.92866202739115,1.03698219125402,0.700798763969819,2.29449831177392e-10,1.81685777533858e-10,6.23057161419638e-13,5.22915044598449e-14,6.56585896763318e-13,1.12723031306549e-10,0,1.93843163742713e-10,-9.68310806087579e-11,1,358.942688374423,59.8237813957372,0,0
1.24299094897714,0.660649353476555,0.946542089313565,0.961182318546413,0.966666666666667,15,6.54686352373486,421.342692942714,150,338.317827754514,112.5,142.803191075972,1,1,0.516653923903654,1,0.356773618495953,0.91302532448438,1.01960279529434,0.664428686487318,2.09960085535893e-10,1.99939620415535e-10,7.07878200501e-13,7.38298311375729e-14,6.93167745424716e-13,1.34867483891054e-10,2.22044604925031e-16,2.54019028034236e-10,8.02746090851668e-11,1,358.317827754514,59.7196379590856,0,0
1.23050093072581,0.623950126553634,0.948439720208768,0.943995186950534,0.944444444444445,15,5.83970640639443,427.749916935987,150,335.320223374194,112.5,140.203270676391,1,1,0.525228759834892,1,0.377758173874236,0.897556686516241,1.0023980178739,0.627994572220947,1.66010457566619e-10,4.68958205601666e-13,3.31290550548147e-13,1.06137321154165e-13,1.39122047215778e-12,2.39504695126055e-10,0,2.05766070848767e-10,1.40448536138084e-10,1,355.320223374194,59.2200372290323,0,0
1.24301593397838,0.660491226561126,0.968999552331464,0.961131641318621,0.944444444444445,15,6.54372990546331,421.391631630176,150,338.32382415481,112.5,142.795529591127,1,1,0.516686990695174,1.00000000000001,0.356859032962252,0.912964703783472,1.01955206865674,0.664271624460514,1.7241949500183e-09,7.59428075980395e-10,2.99760216648792e-14,1.10134124042816e-13,1.87649895622144e-12,3.03853102711452e-10,2.22044604925031e-16,7.34644345357083e-10,-2.71494741688968e-10,1,358.32382415481,59.720637359135,0,0
1.24566624819865,0.697058027326841,0.989765093050087,0.978475386236724,0.944444444444445,15,7.2883484019118,412.787441411774,150,338.959899567677,112.5,145.418729735635,1,1,0.508301817768487,1.00000000000001,0.338138650090331,0.928585490065422,1.03691287268667,0.700607713259617,6.41664845080385e-10,1.09778852674935e-10,1.58095758706622e-13,5.01820807130571e-14,7.02993219192649e-13,1.1696251721502e-10,0,1.10171427536443e-10,1.72888767435236e-11,1,358.959899567677,59.8266499279461,0,0
1.23803058363342,0.733199491814662,1.01044029084768,0.995776675645468,0.944444444444445,15,8.06372242195919,401.983433147378,150,337.127340072021,112.5,148.035045209237,1,1,0.500187182320262,1,0.321470845285785,0.944192813304925,1.05423044719557,0.736548148256044,4.02011933209002e-10,1.57754698193457e-10,1.27897692436818e-13,8.85957973650875e-14,1.46860301697416e-12,2.52232056563867e-10,0,1.64725122431264e-10,2.19061600280789e-10,1,357.127340072021,59.5212233453369,0,0
1.22017290540797,0.768477212170368,1.03073205929472,1.01278648231322,0.944444444444445,15,8.85835838437711,389.132461079011,150,332.841497297913,112.5,150.606805284524,1,1,0.492443009238244,1,0.306713402379702,0.959559666408903,1.07125557651293,0.771651164230531,2.03178433937366e-10,1.12343911951029e-10,2.22044604925031e-14,2.64233079860787e-14,1.74416037168612e-13,6.53533573379223e-11,4.44089209850063e-16,9.91633442026796e-11,2.65306632776024e-11,1,352.841497297913,58.8069162163189,0,0
1.19261448700145,0.802460071566007,1.02596462968229,1.02923916411263,0.966666666666667,15,9.65913249686581,374.482516983873,150,326.227476880348,112.5,153.093867941055,1,1,0.485158759129153,1.00000000000162,0.293724595508013,0.974454707594089,1.08772245524529,0.805482695637408,3.98059703649097e-07,7.00422972954584e-08,1.65378821748163e-12,3.28181926079196e-13,7.85305154238358e-12,7.207346953217e-09,4.44089209850063e-16,7.07740923644451e-08,4.95285394134214e-10,1,346.227476880348,57.7045794800581,0,0
1.22017373070287,0.768385194386683,1.00673835654584,1.01272228465126,0.966666666666667,15,8.85623710428991,389.152247804637,150,332.84169536869,112.5,150.597097746314,1,1,0.492465589252613,1,0.306750132764138,0.959514168935288,1.0711913214538,0.771559577566756,8.47885910246509e-10,5.0830806230806e-10,1.58539847916472e-13,5.11812814352197e-14,8.05133737458164e-13,1.40280490154228e-10,2.22044604925031e-16,6.08082473263494e-10,8.1222870477412e-11,1,352.84169536869,58.806949228115,0,0
1.23801626099102,0.733074163926176,0.986887790141074,0.995695484961014,0.966666666666667,15,8.06096594724093,402.008221769516,150,337.123902637845,112.5,148.022765954532,1,1,0.500217891766273,0.999999999999997,0.32152580460915,0.944132808740084,1.05414918076705,0.736423476666982,2.37194712239866e-10,1.25204735468287e-10,3.99680288865056e-15,8.57092175010621e-14,1.46760381625199e-12,2.4492409389986e-10,2.22044604925031e-16,1.88293824976427e-10,-2.18745269191617e-10,1,357.123902637845,59.5206504396408,0,0
1.24561845402083,0.696896978360135,0.966661033185236,0.978376248108023,0.966666666666667,15,7.2849809767123,412.813699157818,150,338.948428965,112.5,145.403733388945,1,1,0.508341564677407,1,0.338216792030377,0.928510249544488,1.0368136379339,0.700447616317588,3.68749609814713e-10,1.83050019586517e-10,1.13242748511766e-13,7.89368570508486e-14,9.59676782485985e-13,1.82424084129423e-10,0,1.92329707715544e-10,1.04798103991957e-10,1,358.948428965,59.8247381608334,0,0
1.24291632763919,0.66029419930875,0.946345810496389,0.961014747072685,0.966666666666667,15,6.53982644461175,421.415208192362,150,338.299918633404,112.5,142.777844157255,1,1,0.516736182782922,1,0.356965517255264,0.912874535010022,1.01943505536099,0.664075924940294,2.29765664172794e-10,2.00500949176785e-10,4.65627536527791e-13,7.90478793533111e-14,8.99946783761152e-13,1.77542309146665e-10,2.22044604925031e-16,1.57463375671796e-10,1.24592000149596e-10,1,358.299918633404,59.7166531055674,0,0
1.23033404310227,0.623597962327389,0.948242629458523,0.943831093260703,0.944444444444445,15,5.83311627928307,427.800603405395,150,335.280170344544,112.5,140.178446198534,1,1,0.525311821917504,1,0.377971505095955,0.897409274351841,1.00223375208475,0.627645139828044,3.56898562060067e-10,3.83693077310454e-13,2.92654789291191e-13,7.30526750203353e-14,1.25766064229538e-12,2.00149147028718e-10,4.44089209850063e-16,2.01382022169128e-10,1.77958575174292e-10,1,355.280170344544,59.2133617240906,0,0
1.2429410293987,0.660136712140474,0.968799105755843,0.960964395781137,0.944444444444445,15,6.53670718073452,421.463921710477,150,338.305847055688,112.5,142.770231970036,1,1,0.516769104431551,1.00000000000001,0.357050677618411,0.91281419927603,1.01938465496949,0.663919499747992,1.77709918316152e-09,7.68245911331178e-10,2.73114864057789e-13,1.02362562870439e-13,1.74016356879747e-12,2.81875385083816e-10,2.22044604925031e-16,7.89071918916306e-10,-2.51955513905414e-10,1,358.305847055688,59.717641175948,0,0
1.24568959364142,0.696705396999199,0.989564047637689,0.978307305860906,0.944444444444445,15,7.28097615311717,412.881428726968,150,338.965502473941,112.5,145.393310153746,1,1,0.508381858765324,1.00000000000001,0.33830979551735,0.928433985036403,1.03674463055352,0.700257168161948,7.67474552322815e-10,1.12962084131141e-10,8.65973959207622e-15,7.70494779089859e-14,1.02229336107484e-12,1.78232832167637e-10,2.22044604925031e-16,3.08894243516988e-10,-1.50897332410755e-10,1,358.965502473941,59.8275837456568,0,0
1.23815397759848,0.732853149044933,1.01024156090274,0.995610227626021,0.944444444444445,15,8.05610607097611,402.098140343823,150,337.156954623634,112.5,148.009877102014,1,1,0.50026409201902,1,0.32162277081568,0.944042549653255,1.0540638459106,0.736203619816625,2.13331652328117e-10,1.5742074310765e-10,8.06243960482789e-13,6.69464483848969e-14,1.13964393477772e-12,1.90814075365983e-10,6.66133814775094e-16,1.65314872901945e-10,1.69549544199516e-10,1,357.156954623634,59.5261591039391,0,0
1.22039340327005,0.768141147868023,1.03053834367622,1.01262396853029,0.944444444444445,15,8.85061234572007,389.265955700615,150,332.894416784811,112.5,150.582236659694,1,1,0.492515930272601,0.999999999999999,0.306847590512178,0.959412749367609,1.07109291947823,0.77131667503872,1.3114736020667e-10,1.16536114092014e-10,8.26894108740817e-13,7.54951656745106e-14,1.31161748129216e-12,2.23263834038253e-10,2.22044604925031e-16,1.47693413055094e-10,-1.99023931944838e-10,1,352.894416784811,58.8157361308019,0,0
1.19292518735511,0.802137189103619,1.02578221509812,1.02908234492161,0.966666666666667,15,9.65136105214583,374.632285927845,150,326.302044965226,112.5,153.070164576635,1,1,0.485227170980656,1.00000000000164,0.293842827794944,0.974312768059651,1.08756550353842,0.805161180660705,4.0355027570271e-07,7.10399490344571e-08,2.07256434237024e-12,2.72670774847938e-13,7.17559345275731e-12,7.37258027359697e-09,4.44089209850063e-16,7.16467383199415e-08,8.54860940858404e-10,1,346.302044965226,57.7170074942044,0,0
1.22039411139481,0.76804890426876,1.00654890546925,1.01255965246439,0.966666666666667,15,8.84848679022665,389.285773188703,150,332.894586734754,112.5,150.572511199958,1,1,0.49253856621174,0.999999999999999,0.306884443271694,0.959367152513839,1.07102854588564,0.77122486406256,8.48802029329686e-10,5.03050046063436e-10,8.5043083686287e-14,9.83657599817889e-14,4.66182648040103e-13,1.97727444581829e-10,2.22044604925031e-16,5.80669734517869e-10,-7.07213484846643e-11,1,352.894586734754,58.8157644557923,0,0
1.23813939189151,0.732727566374531,0.98669342062227,0.995528905768306,0.966666666666667,15,8.05334529787714,402.122934242121,150,337.153454053962,112.5,147.997577986085,1,1,0.500294866932766,1,0.321677893955633,0.943982435372336,1.05398244815416,0.736078695520361,2.69923171046717e-10,1.21744392345136e-10,2.21600515715181e-13,1.38777878078145e-13,2.40385489291839e-12,4.02061836806232e-10,4.44089209850063e-16,1.52091672589449e-10,-3.59463421276713e-10,1,357.153454053962,59.5255756756603,0,0
1.24564137823799,0.696544080954877,0.9664643928908,0.978208032879762,0.966666666666667,15,7.27760485069911,412.907658698076,150,338.953930777119,112.5,145.378293380533,1,1,0.508421677063065,1,0.338388146337158,0.928358632736771,1.03664526077514,0.700096806886378,1.37852514240771e-10,1.84130044544872e-10,5.6843418860808e-14,9.59232693276135e-14,4.43367564884056e-13,1.83168785094423e-10,0,9.55111545408727e-11,-5.45077995742052e-11,1,358.953930777119,59.8256551295198,0,0
1.24284085713759,0.659939427798567,0.9461497607308,0.960847374540524,0.966666666666667,15,6.5328007254465,421.48743425133,150,338.281805713021,112.5,142.752527291498,1,1,0.516818368368393,1,0.357157415465921,0.912723927036329,1.01926751449878,0.6637235466199,2.31348857006801e-10,1.98369320969505e-10,5.84421400162682e-13,5.93969318174459e-14,3.52828877225875e-13,1.00608959792415e-10,2.22044604925031e-16,1.87533544249163e-10,-1.52332596630596e-11,1,358.281805713021,59.7136342855034,0,0
1.23016648431697,0.623246209304383,0.94804579015864,0.943667212419844,0.944444444444445,15,5.82653756118425,427.851031652182,150,335.239956236074,112.5,140.15365389048,1,1,0.52539480061746,0.999999999999998,0.378184827884659,0.897262055919548,1.00206969929944,0.627296119281915,1.1044874980599e-10,1.58451030074502e-12,2.46913600676635e-13,7.52731210695856e-14,8.22120149734928e-13,1.66367333297358e-10,2.22044604925031e-16,9.29887278289243e-11,-1.08812155599131e-10,1,355.239956236074,59.206659372679,0,0
1.24286527807248,0.659782572951571,0.968598889320971,0.960797345617599,0.944444444444445,15,6.52969565355893,421.535925005488,150,338.287666737394,112.5,142.744963861985,1,1,0.516851146524328,1.00000000000001,0.357242325052191,0.912663873052242,1.01921743678245,0.663567750876338,1.79862361004639e-09,7.76950059844239e-10,7.14983627858601e-14,1.19459997449667e-13,1.25599530775844e-12,2.67975862961909e-10,0,7.91928300714062e-10,6.22899076733626e-11,1,358.287666737394,59.714611122899,0,0
1.24571194873657,0.696353097312371,0.989363205038053,0.978139398153679,0.944444444444445,15,7.27361454204798,412.975110681871,150,338.970867696777,112.5,145.367916641483,1,1,0.508461841069391,1,0.33848095356269,0.928282637981849,1.03657656118615,0.699906954293896,6.54941151561814e-10,1.17573506486224e-10,2.27817764653082e-13,7.43849426498855e-14,1.32049926548916e-12,2.21885633628629e-10,4.44089209850063e-16,8.90452156454558e-11,-1.93744853521191e-10,1,358.970867696777,59.8284779494629,0,0
1.23827628197388,0.732507088789135,1.01004300359404,0.995443926987945,0.944444444444445,15,8.048499526895,402.212534839192,150,337.186307673732,112.5,147.984731234703,1,1,0.500340955778889,1,0.321774715908848,0.943892421184371,1.05389739207744,0.735859374451259,2.54494992986368e-10,1.55978341354057e-10,8.83737527601625e-14,4.04121180963557e-14,3.28959082196434e-13,9.49139874673724e-11,0,1.28650867736724e-10,-4.90693156754593e-11,1,357.186307673732,59.5310512789554,0,0
1.22061275903731,0.767805320418201,1.03034477150634,1.01246157750694,0.944444444444445,15,8.84287515093745,389.399140226607,150,332.947062168955,112.5,150.557686548718,1,1,0.492588816537808,0.999999999999998,0.306981801412598,0.95926594518642,1.07093038525159,0.770982423210012,2.55105714501201e-10,1.15917941911903e-10,1.59872115546023e-14,8.1601392309949e-14,4.41868763800812e-13,1.61082292369644e-10,0,1.41710643219994e-10,-3.0315848437559e-11,1,352.947062168955,58.8245103614924,0,0
1.19323473213777,0.801814503878564,1.02559991552497,1.02892562665324,0.966666666666667,15,9.64359747945042,374.78175443592,150,326.376335713066,112.5,153.046476425819,1,1,0.485295557014751,1.00000000000166,0.293961082991941,0.97417092148949,1.08740865278622,0.804839863367456,4.09453919364054e-07,7.20525434871888e-08,1.65201186064223e-12,3.1596947280832e-13,8.12716560716353e-12,7.43242195542419e-09,4.44089209850063e-16,7.28138331851369e-08,4.92752742703449e-10,1,346.376335713066,57.729389285511,0,0
1.22061334958237,0.767712850102649,1.00635959406316,1.01239714261603,0.966666666666667,15,8.84074530319097,389.41898861168,150,332.947203899768,112.5,150.547943103926,1,1,0.492611508613809,1,0.307018777086421,0.959220248574838,1.07086589270404,0.77089038702762,9.11803968097425e-10,4.9877257879416e-10,1.19904086659517e-14,6.96109836439973e-14,1.23162591236792e-12,2.00253286061648e-10,0,6.71711575250811e-10,1.74161726427651e-11,1,352.947203899768,58.8245339832947,0,0
1.23826143250766,0.732381250541714,0.986499219367734,0.995362473597708,0.966666666666667,15,8.04573444217568,402.237334053321,150,337.182743801838,112.5,147.972412202569,1,1,0.500371796356128,1,0.321830003458031,0.943832196865352,1.05381586263338,0.735734196660578,1.74209157521785e-10,1.1785061815317e-10,3.95905530581331e-13,5.40678612992451e-14,3.21020987570364e-13,1.02582652095411e-10,2.22044604925031e-16,1.29006139104604e-10,-2.68201541355943e-11,1,357.182743801838,59.5304573003063,0,0
1.24566331132392,0.696191513574472,0.966267950462829,0.978039990056715,0.966666666666667,15,7.27023935359672,413.001312848318,150,338.959194717741,112.5,145.352879401681,1,1,0.508501730911685,1,0.338559513870826,0.928207173667432,1.03647705611844,0.699746328077465,2.40716789626267e-10,1.8591350681163e-10,6.61692922676593e-14,5.99520433297585e-14,8.4954265844317e-13,1.55737615256228e-10,4.44089209850063e-16,2.15393924918317e-10,1.24193237763511e-10,1,358.959194717741,59.8265324529568,0,0
1.24276453927039,0.659585031116535,0.945953935667085,0.960680197227056,0.966666666666667,15,6.525786199095,421.559373475436,150,338.263489424894,112.5,142.727239915266,1,1,0.516900482410986,1,0.357349317036181,0.912573497206543,1.01910016898133,0.663371543745725,1.99591636111408e-10,1.95853999684914e-10,6.67244037799719e-13,8.21565038222616e-14,1.47981626952287e-12,2.50638598930736e-10,0,1.94873450709565e-10,2.12844564371907e-10,1,358.263489424894,59.7105815708156,0,0
1.22999825409141,0.622894859663903,0.947849197894054,0.943503540741485,0.944444444444445,15,5.8199700929357,427.90120356674,150,335.199580981938,112.5,140.128893193808,1,1,0.525477697716941,1.00000000000001,0.37839814655501,0.897115027899074,1.00190585582789,0.626947502817523,3.50439011975327e-10,4.54747350886464e-13,4.44977388269763e-13,8.41549052665869e-14,1.46616052631998e-12,2.34281025004185e-10,0,8.93010110303294e-11,2.06697810175364e-10,1,355.199580981938,59.1999301636563,0,0
1.24278868175199,0.659428801300351,0.968398898655087,0.960630487171579,0.944444444444445,15,6.52269515976626,421.607643826654,150,338.269283620478,112.5,142.719724714788,1,1,0.516933118696245,1,0.357433979112583,0.912513721814486,1.01905041043578,0.663216370199855,1.75679065548415e-09,7.84652343099879e-10,1.52322598978571e-13,1.26565424807268e-14,4.03010957938932e-13,4.82229743090346e-11,0,7.61389173931093e-10,-4.25539119920892e-12,1,358.269283620478,59.7115472700797,0,0
1.24573331717852,0.69600112074924,0.989162560958864,0.977971659519748,0.944444444444445,15,7.26626340126298,413.068489971491,150,338.975996122845,112.5,145.34254865507,1,1,0.508541766333202,1,0.33865212765845,0.928131445655138,1.03640866098599,0.699557064180493,6.09384339373556e-10,1.19619869565213e-10,8.17124146124115e-14,5.37347943918576e-14,8.57980353430321e-13,1.23128753191296e-10,0,8.40927327772079e-11,1.00145687315982e-10,1,358.975996122845,59.8293326871409,0,0
1.23839750226496,0.732161303783785,1.00984461475936,0.995277770240334,0.944444444444445,15,8.04090262137558,402.326619659799,150,337.21540054359,112.5,147.959607079091,1,1,0.500417775166714,1,0.32192668361263,0.943742424742664,1.05373108220211,0.735515404933216,2.91411955406458e-10,1.55381485456019e-10,4.61852778244065e-14,4.30766533554561e-14,7.55062679047569e-13,1.2643644694111e-10,0,1.37710287617665e-10,1.12409645554644e-10,1,357.21540054359,59.5359000905983,0,0
1.22083097989275,0.767469722821878,1.03015133876506,1.01229930586766,0.944444444444445,15,8.83514663172434,389.532017979649,150,332.99943517426,112.5,150.533154441742,1,1,0.492661669507024,0.999999999999999,0.307116037788819,0.959119250811585,1.07076797045464,0.770648401777497,3.91026425695718e-10,1.17154286272125e-10,5.09370323698022e-13,8.99280649946377e-14,1.56841206688796e-12,2.66870997996749e-10,4.44089209850063e-16,1.38654421277806e-10,2.38357665033266e-10,1,352.99943517426,58.83323919571,0,0
1.19354313011191,0.801492009144409,1.02541772717032,1.02876900604538,0.966666666666667,15,9.63584161083512,374.930926104561,150,326.450351226858,112.5,153.022802994247,1,1,0.485363918629545,1.00000000000168,0.294079363515379,0.97402916492942,1.08725189972387,0.804518737039407,4.15318549109234e-07,7.30859639475057e-08,1.80877535171931e-12,3.08197911635943e-13,7.71294139667589e-12,7.51993749679554e-09,0,7.38107672759725e-08,7.61896986631494e-10,1,346.450351226858,57.7417252044763,0,0
1.22083145245118,0.767377024868324,1.00617041838704,1.01223475172049,0.966666666666667,15,8.8330124744364,389.551897401586,150,332.999548588284,112.5,150.523392946598,1,1,0.492684417941861,1,0.307153136924384,0.959073454054868,1.0707033585204,0.770556139474067,7.28906012628928e-10,4.9649173661237e-10,1.66977542903624e-13,9.25926002537381e-14,1.63924429585904e-12,2.85454590857549e-10,0,4.61980675936502e-10,2.48591578715742e-10,1,352.999548588284,58.8332580980474,0,0
1.23838238833441,0.732035209158729,0.986305182307023,0.995196184956007,0.966666666666667,15,8.03813321172097,402.35142422867,150,337.211773200259,112.5,147.94726807675,1,1,0.500448681603558,0.999999999999999,0.321982136167266,0.943682090061629,1.05364942070845,0.735389972855344,1.16483475970759e-10,1.14525278149813e-10,2.42028619368284e-13,6.66133814775094e-14,7.78543896018391e-13,1.41963151309233e-10,4.44089209850063e-16,5.8037130656885e-11,-7.17957339118517e-11,1,357.211773200259,59.5352955333765,0,0
1.24568425696481,0.695839268710528,0.966071701712242,0.977872116048778,0.966666666666667,15,7.26288431819404,413.094664299324,150,338.964221671554,112.5,145.327490910196,1,1,0.508581727871065,1,0.338730898061535,0.928055869094753,1.03630902037044,0.699396172424516,1.93052023471021e-10,1.87945659035904e-10,2.53574938824386e-13,3.36397576461422e-14,4.98934227266545e-13,8.14707507612044e-11,0,2.34123831432953e-10,8.191275564049e-12,1,358.964221671554,59.8273702785923,0,0
1.24268737577387,0.659231001550652,0.945758331023194,0.960513211467904,0.966666666666667,15,6.51878270108213,421.631028176336,150,338.244970185729,112.5,142.7019814755,1,1,0.516982526636667,1,0.357541225825358,0.912423242215793,1.01893301514079,0.663019908654231,4.18275735951651e-10,1.96507699001813e-10,1.12354570092066e-13,1.22124532708767e-13,2.06634709343234e-12,3.35717628810158e-10,0,1.10084386051312e-10,-2.9777703544098e-10,1,358.244970185729,59.7074950309548,0,0
1.22982935213585,0.622543905739637,0.947652848337142,0.943340074612032,0.944444444444445,15,5.81341371860344,427.951120997885,150,335.159044512604,112.5,140.104163563026,1,1,0.5255605149628,1,0.378611465347444,0.896968187036348,1.00174221805296,0.626599282823248,2.76314033224493e-10,1.12976294985856e-12,2.78443934575989e-13,1.44440015503733e-13,1.54665169560531e-12,3.18796791226225e-10,2.22044604925031e-16,2.35594654895976e-10,1.20949504319257e-10,1,355.159044512604,59.1931740854341,0,0
1.24271124213573,0.659075389636938,0.968199129469127,0.96046381685587,0.944444444444445,15,6.51570553837623,421.679080436746,150,338.250698112576,112.5,142.694513985737,1,1,0.517015022636558,1.00000000000001,0.357625643585424,0.912363742327965,1.01888357233886,0.662865350216184,1.78142482192733e-09,7.92653054304537e-10,6.84785561588797e-13,7.61612994892857e-14,1.29407595750308e-12,2.09790897134149e-10,0,8.12129030691722e-10,-1.87428656027451e-10,1,358.250698112576,59.7084496854293,0,0
1.24575370256726,0.695649459963701,0.98896211120717,0.977804086447319,0.944444444444445,15,7.25892256721684,413.161569226679,150,338.980888616142,112.5,145.31720566413,1,1,0.508621636168649,1.00000000000001,0.338823321169482,0.927980404885479,1.03624092643805,0.699207490517019,5.81105666090453e-10,1.27585053633084e-10,5.20028464734423e-13,7.21644966006352e-14,1.55764290354909e-12,1.70141150903277e-10,4.44089209850063e-16,1.59808166699804e-10,1.46357977886899e-10,1,358.980888616142,59.8301481026903,0,0
1.23851764384481,0.73181578688859,1.00964639030879,0.995111753953262,0.944444444444445,15,8.03331518909048,402.440397771948,150,337.244234522753,112.5,147.934504117376,1,1,0.500494551718985,1,0.322078676928527,0.943592557227873,1.05356491285166,0.73517170415829,2.04497929262535e-10,1.54720680711762e-10,2.89102075612391e-13,4.31876756579186e-14,6.26609875098438e-13,1.12885017778305e-10,2.22044604925031e-16,2.02881267341581e-10,-9.35983155369251e-11,1,357.244234522753,59.5407057537922,0,0
1.22104807285759,0.76713434819558,1.02995804149918,1.01213715029316,0.944444444444445,15,8.82742662272187,389.664592217758,150,333.051537485822,112.5,150.508639837483,1,1,0.492734490637325,1,0.307250302310882,0.958972663239389,1.07060567176526,0.77031460388934,1.32052359514828e-10,1.1962697499257e-10,5.13811215796522e-13,8.40438829641244e-14,8.92508289496163e-13,1.72106502377604e-10,0,1.59126045673474e-10,1.35332564816301e-10,1,353.051537485822,58.8419229143037,0,0
1.19385038983883,0.80116969827352,1.02523564630896,1.02861247989402,0.966666666666667,15,9.62809328147524,375.079804457487,150,326.52409356132,112.5,152.999143798537,1,1,0.485432257193763,1.0000000000017,0.294197671745366,0.973887495477603,1.08709524114474,0.804197795076633,4.2132094380112e-07,7.41361603218138e-08,2.25885976590234e-12,3.42503803096861e-13,8.52862225286799e-12,7.53830402513817e-09,0,7.49297157653928e-08,8.52089575354454e-10,1,346.52409356132,57.7540155935533,0,0
1.22104842702403,0.767041421663109,1.00598137456691,1.01207247644942,0.966666666666667,15,8.82528813820445,389.684502821656,150,333.051622485767,112.5,150.498860225508,1,1,0.492757295651859,0.999999999999995,0.307287525464887,0.95892676594274,1.07054094000355,0.770222114530914,7.56804678940514e-10,4.95937513278477e-10,2.68229882749438e-13,6.58362253602718e-14,5.24580379135386e-13,1.34696822267118e-10,0,4.82458517581108e-10,-4.52371894408874e-11,1,353.051622485767,58.8419370809612,0,0
1.23850226473707,0.731689435071006,0.986111305434483,0.995030036405717,0.966666666666667,15,8.03054144091793,402.465207736229,150,337.240543536897,112.5,147.922145088519,1,1,0.500525524214049,0.999999999999996,0.322134295094612,0.943532111854504,1.05348311893885,0.735046016986382,1.03236789738664e-10,1.09494635580631e-10,7.98694443915338e-13,8.30446822419617e-14,5.36792832406263e-13,1.58504588935085e-10,2.22044604925031e-16,5.50386403119774e-11,-8.31843058228259e-12,1,357.240543536897,59.5400905894829,0,0
1.2457042187457,0.695487338973484,0.965875642516071,0.977704407322321,0.966666666666667,15,7.25553958008627,413.187715689493,150,338.969012498968,112.5,145.302127371556,1,1,0.5086616695656,0.999999999999999,0.338902302297122,0.927904715828484,1.03614114999427,0.699046332579641,3.01099642716448e-10,1.89878335277172e-10,5.14255305006373e-13,1.86295423532101e-13,2.071787186253e-12,4.26219944891695e-10,0,2.82049938959972e-10,-1.11955370053734e-10,1,358.969012498968,59.828168749828,0,0
1.24260936833087,0.658877331539868,0.945562942600847,0.960346413670184,0.966666666666667,15,6.51179007025645,421.702400616544,150,338.226248399408,112.5,142.676751427172,1,1,0.517064502738412,1,0.357733145631023,0.912273158824286,1.01876604938089,0.66266863383218,2.74138424976456e-10,1.92912352758867e-10,8.37108160567368e-14,1.0635936575909e-13,1.81210602079318e-12,2.93108823174589e-10,4.44089209850063e-16,1.98497218661942e-10,2.605736313043e-10,1,358.226248399408,59.7043747332347,0,0
1.22965977812879,0.622193339967834,0.947456737219565,0.943176810467593,0.944444444444445,15,5.80686828450492,428.000785762003,150,335.11834675091,112.5,140.079464458577,1,1,0.525643254080399,1,0.378824788461668,0.896821530122059,1.00157878240729,0.62625145178963,1.22694389206666e-10,1.4352963262354e-12,9.67670388263286e-13,1.0813572259849e-13,1.91591187359563e-12,3.11208325837186e-10,4.44089209850063e-16,6.21724893790088e-11,2.70978012265392e-10,1,355.11834675091,59.1863911251517,0,0
1.24263296085713,0.658722330511315,0.967999577531706,0.960297331131662,0.944444444444445,15,6.50872663071388,421.750237058923,150,338.23191060571,112.5,142.669331139314,1,1,0.51709686001124,1.00000000000001,0.357817322220127,0.912213931401481,1.01871691894954,0.662514683522591,1.8399435586805e-09,8.04050159786129e-10,2.1493917756743e-13,6.28386231937839e-14,5.06261699229071e-13,1.10085130481531e-10,2.22044604925031e-16,8.48316972223984e-10,-6.64314455698521e-11,1,358.23191060571,59.705318434285,0,0
1.24577310840742,0.695298107673966,0.988761851626759,0.977636675455327,0.944444444444445,15,7.25159187802497,413.254351041003,150,338.985546017782,112.5,145.291887142402,1,1,0.508701452175409,1,0.338994537440822,0.927829512529949,1.0360733540581,0.698858226062774,7.60865289167792e-10,1.32317268253246e-10,8.54871728961371e-14,4.71844785465692e-14,7.2997163869104e-13,1.16181489993693e-10,6.66133814775094e-16,1.56802570927539e-10,-9.69366048374667e-11,1,358.985546017782,59.8309243362969,0,0
1.2386367119648,0.7314705310671,1.0094483262119,0.994945874746664,0.944444444444445,15,8.02573706729377,402.553872088681,150,337.272810871552,112.5,147.909421837761,1,1,0.500571286950814,0.999999999999999,0.322230698826457,0.943442815585015,1.05339888064306,0.734828265125874,2.31284589782448e-10,1.52880375026143e-10,2.87325718772991e-13,1.2667644710973e-13,1.46427314717812e-12,2.93918080416911e-10,0,1.70061298376822e-10,2.18696570865838e-10,1,357.272810871552,59.545468478592,0,0
1.22126404481477,0.766799189739478,1.0297648758047,1.01197510750573,0.944444444444445,15,8.81971496077681,389.796866147298,150,333.103370755544,112.5,150.484142240472,1,1,0.492807281363268,1,0.307384597623945,0.958826179504253,1.07044348590294,0.769981022776964,1.14185855173642e-10,1.2256151649126e-10,1.02473585172902e-12,1.00142116821189e-13,1.74149583642702e-12,2.97162732722513e-10,2.22044604925031e-16,6.92779167366098e-11,-2.64521093153056e-10,1,353.103370755544,58.8505617925906,0,0
1.1941565197229,0.800847564719216,1.02505366926114,1.02845604503413,0.966666666666667,15,9.62035232875049,375.228392963068,150,326.597564733497,112.5,152.975498360344,1,1,0.485500574067415,1.00000000000172,0.294316010039775,0.973745910268232,1.08693867388118,0.803877030959983,4.27322000367405e-07,7.52040136831056e-08,1.72706293710689e-12,3.32511795875234e-13,8.71258620804838e-12,7.68738912658944e-09,4.44089209850063e-16,7.59849498876974e-08,7.85865991787196e-10,1,346.597564733497,57.7662607889162,0,0
1.22126428017379,0.766706033684149,1.00579245878551,1.01191031352338,0.966666666666667,15,8.81757213131519,389.816808076731,150,333.10342724171,112.5,150.474344444526,1,1,0.492830143184237,0.999999999999997,0.307421945356565,0.958780181270884,1.07037863387125,0.769888305426708,8.08004210308997e-10,4.90736340452713e-10,2.21156426505331e-13,1.50768286744096e-13,2.60880206326419e-12,4.42509239095114e-10,0,5.28544319422508e-10,-3.95542913073435e-10,1,353.10342724171,58.8505712069517,0,0
1.23862106696211,0.731343921226742,0.985917584803213,0.99486402456008,0.966666666666667,15,8.02295896672959,402.578687491682,150,337.269056070906,112.5,147.897042726,1,1,0.500602325708796,0.999999999999997,0.322286483217089,0.943382259182562,1.05331695393482,0.734702322037809,1.96452085462033e-10,1.07071684851689e-10,3.02424751907893e-13,7.20534742981727e-14,6.47926157171241e-13,1.4363211556915e-10,2.22044604925031e-16,9.66338120633736e-11,2.37582455578781e-11,1,357.269056070906,59.5448426784844,0,0
1.24572320016184,0.695135717112725,0.965679768830258,0.977536860411628,0.966666666666667,15,7.24820497808735,413.280469602639,150,338.973568038842,112.5,145.276788261307,1,1,0.508741557585288,1,0.339073729912538,0.927753710739834,1.03597344152107,0.698696801333241,3.09387834948445e-10,1.9296209075037e-10,2.23820961764432e-13,1.0635936575909e-13,1.84185999785313e-12,3.03093545561359e-10,0,1.84506632194825e-10,2.69763600022861e-10,1,358.973568038842,59.8289280064737,0,0
1.24253051856367,0.658524013630267,0.945367766262889,0.960179800293629,0.966666666666667,15,6.50480814791574,421.773493017419,150,338.20732445528,112.5,142.651549236775,1,1,0.517146412383133,1,0.357925080206719,0.912123243839902,1.01859926815802,0.662317711872822,2.3786860149439e-10,1.92379445707047e-10,7.01882996168024e-13,9.33697563709757e-14,8.31779090049167e-13,2.10121017477771e-10,2.22044604925031e-16,2.0575896542141e-10,4.81465097571096e-11,1,358.20732445528,59.7012207425467,0,0
1.22948953174,0.621843154930211,0.947260860356596,0.943013744814394,0.944444444444445,15,5.80033364000337,428.050199635722,150,335.0774876176,112.5,140.054795352586,1,1,0.525725916760181,1,0.379038120025488,0.89667505400961,1.00141554539366,0.625904002351723,2.63541532217931e-10,2.17426077142591e-12,3.15303338993544e-13,9.17044218340379e-14,1.05770947556039e-12,2.03538888310577e-10,2.22044604925031e-16,1.1850431747007e-10,1.14798678473192e-10,1,355.0774876176,59.1795812696,0,0
1.24255383950404,0.658369616634303,0.967800238703965,0.960131026537616,0.944444444444445,15,6.50175828160799,421.821115865534,150,338.212921480969,112.5,142.644175652427,1,1,0.517178632451488,1.00000000000001,0.358009018694886,0.912064285914027,1.01855044680322,0.662164362876144,1.83782019085711e-09,8.11645861631405e-10,1.84741111297626e-13,7.4273920347423e-14,6.08291195192123e-13,1.68072148196107e-10,0,8.10523204108904e-10,7.72447604080998e-11,1,358.212921480969,59.7021535801614,0,0
1.24579153811344,0.694947056779318,0.988561778166422,0.977469423150914,0.944444444444445,15,7.24427117589354,413.346837942316,150,338.989969147225,112.5,145.26659257635,1,1,0.508781215913313,1,0.33916577974576,0.927678765525276,1.03590594045017,0.698509263757421,7.00389913981525e-10,1.36445521548012e-10,7.105427357601e-15,4.77395900588817e-14,3.566036355096e-13,1.10518904582297e-10,0,1.38001610139327e-10,-5.16016907768101e-11,1,358.989969147225,59.8316615245375,0,0
1.2387547117485,0.731125529411058,1.00925041851306,0.99478012930344,0.944444444444445,15,8.01816809634899,402.667045462512,150,337.301130819639,112.5,147.884359739873,1,1,0.500647982353929,0.999999999999997,0.322382752228916,0.943293196815698,1.05323298225627,0.734485080962992,3.42186504091077e-10,1.5285905874407e-10,3.5527136788005e-15,9.17044218340379e-14,8.6985973979381e-13,2.12679036363211e-10,0,2.71164424248127e-10,-8.02145914039586e-11,1,357.301130819639,59.5501884699399,0,0
1.22147890247432,0.766464240793326,1.02957183785763,1.01181317429468,0.944444444444445,15,8.81201148622334,389.92884290166,150,333.154936593836,112.5,150.459661164617,1,1,0.492880043093224,0.999999999999999,0.307518926326499,0.958679796701721,1.07028140965428,0.769647651810859,3.13612993966397e-10,1.22291510251671e-10,1.99174010617753e-13,6.03961325396085e-14,1.02595709705611e-12,1.74214901152782e-10,0,2.16971329791704e-10,-1.55593585539689e-10,1,353.154936593836,58.8591560989726,0,0
1.19446152796334,0.800525602066487,1.0248717924226,1.02829969836613,0.966666666666667,15,9.61261859345867,375.376695012065,150,326.670766711202,112.5,152.951866211203,1,1,0.48556887057551,1.00000000000175,0.294434380714894,0.973604406494236,1.08678219483105,0.803556438301417,4.33511347379888e-07,7.62889627026198e-08,2.11763939717002e-12,3.75033337718378e-13,8.77248274022691e-12,7.74310091450366e-09,0,7.70936026128766e-08,5.65969022164889e-10,1,346.670766711202,57.7784611185337,0,0
1.2214790186006,0.766370854267209,1.00560366730342,1.01174825972965,0.966666666666667,15,8.80986429405377,389.948816299117,150,333.154964464144,112.5,150.449845117138,1,1,0.492902961944378,0.999999999999999,0.307556399202212,0.958633697133739,1.07021643690805,0.769554705528015,7.57688187213597e-10,4.88469709125638e-10,4.11448652926083e-13,5.95079541199084e-14,1.08080211447259e-12,1.9854565878923e-10,2.22044604925031e-16,4.74756234325469e-10,1.64227136682819e-10,1,353.154964464144,58.859160744024,0,0
1.23873880011819,0.730998660721319,0.985724016548746,0.994698146102906,0.966666666666667,15,8.01538562964543,402.691866343297,150,337.297312028366,112.5,147.871960487822,1,1,0.500679087576959,0.999999999999996,0.322438703460561,0.943232529049101,1.05315092237727,0.734358881140356,2.73397031821829e-10,1.03327124634234e-10,6.54365450714067e-13,1.07025499573865e-13,8.53872528239208e-13,1.99745704701428e-10,2.22044604925031e-16,1.57356794261432e-10,1.27981589938948e-10,1,357.297312028366,59.5495520047277,0,0
1.2457412046154,0.694784395985702,0.965484076671965,0.977369471903557,0.966666666666667,15,7.24088035357825,413.372928574104,150,338.977889107696,112.5,145.251473064708,1,1,0.508821393501766,0.999999999999998,0.339245184201947,0.927602850747385,1.03580589153458,0.698347571583428,3.16282770191594e-10,1.92599713955133e-10,3.89022147828655e-13,7.70494779089859e-14,1.37145850231946e-12,2.30595437944289e-10,0,1.17481135930575e-10,-2.00786550809167e-10,1,358.977889107696,59.8296481846159,0,0
1.24245082804241,0.65817104051292,0.945172797953072,0.960013367867169,0.966666666666667,15,6.4978367785479,421.844307552522,150,338.188198730177,112.5,142.626374378486,1,1,0.517228257209839,1.00000000000001,0.358117033245958,0.911973494132798,1.01843266799783,0.661967135513868,1.78961301816195e-10,1.91320737030765e-10,3.5349501104065e-13,1.70974345792274e-14,2.77888823063677e-13,4.9431365924685e-11,0,1.95960581095278e-10,3.91372388587135e-11,1,358.188198730177,59.6980331216962,0,0
1.22931861261912,0.621493343330918,0.947065213632946,0.942850874216517,0.944444444444445,15,5.79380963706963,428.0993643614,150,335.036467028588,112.5,140.030155725481,1,1,0.525808504667289,1,0.37925146411403,0.896528755605016,1.00125250357281,0.625556927266454,3.92126950622263e-10,7.38964445190504e-13,2.94653190735517e-13,1.3855583347322e-13,2.37654340651261e-12,3.77716337259455e-10,2.22044604925031e-16,1.57434953962365e-10,-3.3639153344891e-10,1,355.036467028588,59.1727445047647,0,0
1.24247387960699,0.658017240823717,0.967601108909127,0.959964899664617,0.944444444444445,15,6.49480033831886,421.891718989431,150,338.193731105677,112.5,142.619047009863,1,1,0.517260341568611,1,0.358200736648253,0.911914802790884,1.01838415248757,0.661814381140688,1.83437820350565e-09,8.20342904717108e-10,2.40030217923959e-13,5.72875080706581e-14,2.49578135935735e-13,9.61958406787795e-11,2.22044604925031e-16,8.04000421794626e-10,-3.60658305494373e-11,1,358.193731105677,59.6989551842795,0,0
1.24580899501167,0.694596300267554,0.98836188682598,0.977302326184031,0.944444444444445,15,7.23696030518062,413.439032416556,150,338.9941588028,112.5,145.241321459608,1,1,0.508860928922629,1.00000000000001,0.339337051325457,0.927528160847026,1.03573868226116,0.698160596628636,7.50889749355096e-10,1.3944401189292e-10,1.06159525614657e-12,8.10462807976364e-14,1.10023101740353e-12,1.83994724088379e-10,6.66133814775094e-16,1.87164062026568e-10,1.6021457658814e-10,1,358.9941588028,59.8323598004667,0,0
1.23887164819345,0.730780775139723,1.00905266333047,0.99461451436858,0.944444444444445,15,8.01060811970722,402.779920686201,150,337.329195566428,112.5,147.859317330809,1,1,0.500724639388094,0.999999999999999,0.322534840016096,0.943143697978114,1.05306721443343,0.734142144923691,1.9069809537861e-10,1.53058010710083e-10,4.65849581132716e-13,3.95239396766556e-14,6.89559520594685e-13,1.1531642563713e-10,2.22044604925031e-16,9.94191395875532e-11,-1.02727813224522e-10,1,357.329195566428,59.554865927738,0,0
1.22169265240628,0.766129494788496,1.02937892388797,1.01165134749507,0.944444444444445,15,8.80431604177314,390.060525560301,150,333.206236577507,112.5,150.435196132099,1,1,0.492952777217744,1,0.307653290990091,0.958533511968204,1.0701194398516,0.769314484453028,1.55953408038095e-10,1.24018129099568e-10,2.1360690993788e-13,6.77236045021345e-14,8.98836560736527e-13,1.52191539231131e-10,0,8.53077608553576e-11,-1.36665940745572e-10,1,353.206236577507,58.8677060962512,0,0
1.19476542259848,0.800203803984119,1.0246900122357,1.0281434368303,0.966666666666667,15,9.60489191865981,375.524713939355,150,326.743701423636,112.5,152.928246887966,1,1,0.485637148032036,1.00000000000177,0.294552786065465,0.973462981385344,1.08662580093213,0.803236010796492,4.39653857399531e-07,7.73975727952347e-08,2.67430522171708e-12,2.66453525910038e-13,8.05011612925455e-12,7.94515053572585e-09,2.22044604925031e-16,7.80914746201233e-08,9.68182180744008e-10,1,346.743701423636,57.7906169039393,0,0
1.22169264887966,0.766035876818433,1.00541499642214,1.01158631189112,0.966666666666667,15,8.80216446859477,390.080530575856,150,333.206235731119,112.5,150.425361764394,1,1,0.492975753330993,1,0.307690889584831,0.958487310656511,1.07005434593413,0.769221308271723,8.09753909886936e-10,4.84575934933673e-10,1.22346577313692e-13,1.0991207943789e-13,1.93933757941522e-12,3.33894248434506e-10,2.22044604925031e-16,5.33539434854902e-10,2.9376571353419e-10,1,353.206235731119,58.8677059551865,0,0
1.23885546920194,0.730653646741752,0.985530596859456,0.994532397763778,0.966666666666667,15,8.00782127245531,402.804747092015,150,337.325312608464,112.5,147.84689787979,1,1,0.500755811286013,1,0.322590958719928,0.943082918498376,1.05298502099288,0.734015687515951,1.97347733637319e-10,9.71311919784057e-11,3.84359211125229e-13,4.37427871702312e-14,7.19313497654639e-13,1.26751755553041e-10,0,1.33660194023832e-10,1.07075214553934e-10,1,357.325312608464,59.5542187680774,0,0
1.24575823542307,0.694433368566864,0.965288562124434,0.977202238441732,0.966666666666667,15,7.23356555068682,413.465095091071,150,338.981976501538,112.5,145.226181272731,1,1,0.508901178859143,1,0.339416668417104,0.927452132821281,1.03563849667535,0.697998636344618,2.49743923892927e-10,1.95605309727398e-10,4.06341627012807e-13,9.1926466438963e-14,1.05709885289684e-12,1.85162215564544e-10,2.22044604925031e-16,2.70901523435896e-10,1.17365826118461e-10,1,358.981976501538,59.830329416923,0,0
1.24237029828079,0.657566632166926,0.967346493338083,0.959752487841421,0.944444444444445,15,6.4859081360903,421.981701962217,150,338.168871587389,112.5,142.586917168456,1,1,0.517364850869966,1.00000000000014,0.358446199713764,0.911723675430949,1.01817152646905,0.661366838542398,3.31587602771947e-08,5.51668932757821e-09,1.0591527654924e-13,5.7065463465733e-14,1.28452803949131e-12,4.0999952285589e-10,0,5.49355405610186e-09,1.64913518999851e-10,1,358.168871587389,59.6948119312315,0,0
1.24582992769732,0.694147701080811,0.988106257228615,0.977088639944096,0.944444444444445,15,7.22761546373662,413.556631454376,150,338.999182647356,112.5,145.20900429428,1,1,0.508962901204264,1,0.33955635094324,0.927335568585402,1.03552478974815,0.697714673368405,7.44874210066693e-10,1.47366563396645e-10,3.62154750632726e-13,7.7937656328686e-14,1.32760469284676e-12,2.17989798057821e-10,6.66133814775094e-16,1.91647586689214e-10,-1.95228991340656e-10,1,358.999182647356,59.8331971078926,0,0
1.23901979924132,0.730339791384596,1.00879972526494,0.994402689223601,0.944444444444445,15,8.00094316319542,402.923986145966,150,337.364751817917,112.5,147.827287473101,1,1,0.500822717519151,1,0.32272958857902,0.942952488769594,1.05285519364683,0.733703489895481,2.84920663722989e-10,1.49420031902991e-10,4.57411886145564e-14,1.31117339208231e-13,1.39310785129965e-12,3.04179990870888e-10,0,2.3742074972688e-10,1.38045255516105e-10,1,357.364751817917,59.5607919696528,0,0
1.22196467603659,0.765701258552863,1.02913214181514,1.01144433669834,0.944444444444445,15,8.79447626024157,390.228673538517,150,333.271522248782,112.5,150.403900102901,1,1,0.493045849049438,0.999999999999999,0.307825353247872,0.958346385506515,1.06991224603699,0.76888827012966,2.2579725844068e-10,1.26284760426643e-10,3.26405569239796e-13,8.79296635503124e-14,9.58899626368748e-13,1.84924273433493e-10,0,2.58438603850664e-10,-1.45329444096175e-10,1,353.271522248782,58.8785870414637,0,0
1.19515283789992,0.799792087277444,1.02445744342341,1.02794351946188,0.966666666666667,15,9.59501074307417,375.713791066256,150,326.836681095981,112.5,152.898028816555,1,1,0.485724527068502,1.0000000000018,0.294704415839204,0.97328204775178,1.08642571414406,0.802826049515799,4.47900297645073e-07,7.88393563766476e-08,1.89714910447947e-12,3.0142555118573e-13,8.73373595666749e-12,7.9584204534659e-09,4.44089209850063e-16,7.96489487697727e-08,6.07696676269876e-10,1,346.836681095981,57.8061135159968,0,0
1.22196451871364,0.765607342869325,1.00517364130045,1.01137914547567,0.966666666666667,15,8.79231905183142,390.248719249041,150,333.271484491273,112.5,150.394042181423,1,1,0.493068898805143,0.999999999999999,0.307863113627596,0.958300053346658,1.06984699633066,0.768794798223939,8.09502792564636e-10,4.79452921808843e-10,5.47561995745127e-13,3.17523785042795e-14,3.02424751907893e-13,6.30588425343668e-11,0,5.41355404948263e-10,4.60314986891754e-11,1,353.271484491273,58.8785807485455,0,0
1.23900327690103,0.730212329272159,0.985283203211474,0.994320401274621,0.966666666666667,15,7.99815068731608,402.948819688413,150,337.360786456248,112.5,147.81484207895,1,1,0.500853975076666,0.999999999999998,0.322785922595375,0.942891565773451,1.0527728286601,0.733576701503441,3.39511230116292e-10,9.49498257796222e-11,1.19904086659517e-13,5.05151476204446e-14,4.61075622126828e-13,1.13177340439664e-10,0,1.80186532361404e-10,7.9150877820167e-12,1,357.360786456248,59.5601310760413,0,0
1.24577862140988,0.693984421593866,0.965038528999875,0.976988377042916,0.966666666666667,15,7.22421566122458,413.582658295703,150,338.986869138371,112.5,145.193837575777,1,1,0.509003244003356,1,0.339636241193028,0.92725939520602,1.03542442877853,0.697552368892131,4.27764409215156e-10,1.97772465071466e-10,6.94555524205498e-13,9.67004254448511e-14,1.48125955945488e-12,2.44827508660637e-10,0,2.63973731762235e-10,-2.17564109691613e-10,1,358.986869138371,59.8311448563952,0,0
1.24226598632086,0.657119269441255,0.967093741059927,0.959541635850862,0.944444444444445,15,6.47708601406513,422.070701136944,150,338.143836717007,112.5,142.555023209109,1,1,0.517468631638932,1.00000000000012,0.358690227674769,0.911533955561788,1.01796046174382,0.660922524886855,2.77169043764706e-08,4.59182558643079e-09,7.7893247407701e-13,5.41788836017076e-14,1.59572355329374e-12,3.24167141483239e-10,0,4.6931276642681e-09,9.47588990706618e-12,1,358.143836717007,59.6906394528346,0,0
1.24584916589202,0.693702265366716,0.987852453628391,0.976876485106421,0.944444444444445,15,7.2183424946237,413.67305392023,150,339.003799814085,112.5,145.17691866262,1,1,0.509064180491754,1.00000000000001,0.339774384721262,0.927144360308407,1.03531243000495,0.697271898845382,7.2023291806869e-10,1.5090506622073e-10,1.46327394645596e-12,3.50830475781549e-14,5.40456568387526e-13,1.10888267536064e-10,4.44089209850063e-16,1.46172851600568e-10,7.8087655150563e-11,1,359.003799814085,59.8339666356809,0,0
1.23916534608283,0.729901849508766,1.00854854923184,0.994192344211607,0.944444444444445,15,7.99135064874477,403.066706943811,150,337.39968305988,112.5,147.79548135245,1,1,0.500920145993612,1,0.322923226671182,0.942762619078186,1.05264465425522,0.733267864001652,2.21304679926401e-10,1.46982870319334e-10,5.313527395856e-13,6.17284001691587e-14,1.01157970888721e-12,1.5616148876334e-10,2.22044604925031e-16,2.64940069882869e-10,1.32585480801748e-10,1,357.39968305988,59.5666138433133,0,0
1.22223328049289,0.7652759158349,1.02888703867604,1.01123873817104,0.944444444444445,15,8.78470841035417,390.395338925487,150,333.335987318294,112.5,150.372817510464,1,1,0.493138318673122,0.999999999999994,0.307996443529566,0.95816053870283,1.06970646564407,0.768464938300102,3.41080641010129e-10,1.27961641283036e-10,9.27924403981706e-13,1.70974345792274e-13,2.25119922703243e-12,4.03351026640494e-10,4.44089209850063e-16,3.06037861719233e-10,-3.40616113951545e-10,1,353.335987318294,58.8893312197156,0,0
1.19553613251855,0.799383102798457,1.02422642404467,1.0277449373194,0.966666666666667,15,9.58520017559533,375.901277881412,150,326.928671804451,112.5,152.86801250061,1,1,0.485811351913574,1.00000000000183,0.294855194010512,0.973102325175377,1.08622696362743,0.802418810900068,4.56252077967406e-07,8.0306264749197e-08,2.11519690651585e-12,3.12971870641832e-13,9.32365296080206e-12,8.13289091741067e-09,4.44089209850063e-16,8.11714357951132e-08,8.65936112127777e-10,1,346.928671804451,57.8214453007419,0,0
1.22223296959986,0.765181702619728,1.00493392712418,1.01117339151089,0.966666666666667,15,8.78254557036039,390.415425333417,150,333.335912703967,112.5,150.362936062126,1,1,0.493161442011927,0.999999999999998,0.308034365674395,0.958114075805331,1.06964106033034,0.768371170851944,7.57460302540648e-10,4.76390482617717e-10,1.44106948596345e-13,1.20126131264442e-13,1.20259358027397e-12,2.34544054799299e-10,2.22044604925031e-16,5.33816546521848e-10,1.8269086451142e-10,1,353.335912703967,58.8893187839945,0,0
1.23914848124595,0.729774054267577,0.98503753197599,0.994109885302922,0.966666666666667,15,7.98855255423204,403.091547658274,150,337.395635499028,112.5,147.783010073106,1,1,0.500951489042395,1,0.322979775749025,0.942701552851181,1.05256211810725,0.733140745208374,2.63795391177239e-10,8.99262886377983e-11,5.60440582830779e-13,3.06421554796543e-14,1.28463906179377e-12,1.46720708043623e-10,0,2.26513918732962e-10,-3.45673729725687e-11,1,357.395635499028,59.5659392498381,0,0
1.24579731480419,0.693538639062734,0.964790281039597,0.976776047614254,0.966666666666667,15,7.21493765809484,413.699045099834,150,338.991355553006,112.5,145.161725498575,1,1,0.509104615874034,0.999999999999997,0.339854547563948,0.927068042016297,1.03521189422015,0.697109251139707,3.11959796795896e-10,2.00323313492845e-10,8.84625706021325e-13,5.37347943918576e-14,7.32414129345216e-13,1.27106269778762e-10,0,1.69187330811837e-10,8.54321247423805e-11,1,358.991355553006,59.8318925921677,0,0
1.24216094706649,0.656675027617739,0.966842780881519,0.959332284190103,0.944444444444445,15,6.46833137845137,422.1587487198,150,338.118627295959,112.5,142.52335613231,1,1,0.517571712329767,1.0000000000001,0.358932882258904,0.911345589560878,1.01775089875143,0.660481315901039,2.30066941090862e-08,3.83549547677831e-09,2.93098878501041e-13,8.71525074330748e-14,1.22135634939013e-12,2.2710256457733e-10,0,3.81132281290775e-09,-5.32003858691961e-11,1,358.118627295959,59.6864378826598,0,0
1.24586674815482,0.693259870128877,0.987600405524084,0.976665802638102,0.944444444444445,15,7.20913871296662,413.788339374175,150,339.008019557156,112.5,145.145055639109,1,1,0.509164794183232,1,0.339991207554653,0.926954482735664,1.03510154394395,0.696832150721602,7.51445609041525e-10,1.57591273364233e-10,1.41442413337245e-12,4.06341627012807e-14,7.24975635080227e-13,1.22444025420048e-10,4.44089209850063e-16,1.57122315158631e-10,1.05558246462433e-10,1,359.008019557156,59.8346699261926,0,0
1.23930836175432,0.729466829964794,1.0082990663769,0.99398342158338,0.944444444444445,15,7.98182784028328,403.208129373606,150,337.434006821037,112.5,147.763890238098,1,1,0.501016950841361,1,0.323115802822285,0.942574036708495,1.05243553845815,0.732835148266457,3.12653060076584e-10,1.48439482927643e-10,7.94031507211912e-13,6.69464483848969e-14,8.80073791620362e-13,1.59141136416045e-10,2.22044604925031e-16,2.10690132007585e-10,-7.91240532288832e-11,1,357.434006821037,59.5723344701729,0,0
1.22249857100388,0.764853351677497,1.02864354805612,1.01103449612915,0.944444444444445,15,8.77500974358451,390.560573865934,150,333.39965704093,112.5,150.34193992203,1,1,0.493230210535058,1,0.30816660459073,0.95797592107338,1.06950204284136,0.768044374503452,2.13433534282244e-10,1.29880106669589e-10,4.05453448593107e-13,8.01581023779363e-14,7.24142967811758e-13,1.67304160813583e-10,0,1.86119564205001e-10,8.25018225575263e-12,1,353.39965704093,58.8999428401551,0,0
1.19591544069918,0.798976740849991,1.02399689206863,1.02754763702068,0.966666666666667,15,9.57545748628911,376.08723143167,150,327.019705767804,112.5,152.838189873731,1,1,0.485897645345078,1.00000000000186,0.295005158227652,0.972923765293809,1.08602949595645,0.802014185683206,4.6469527088517e-07,8.17964860289067e-08,1.67599267797414e-12,3.06976666308856e-13,9.23233711702665e-12,8.22430735037363e-09,2.22044604925031e-16,8.26313808488521e-08,5.46030180232242e-10,1,347.019705767804,57.8366176279673,0,0
1.22249810673573,0.764758841051414,1.00469578895086,1.01096899418015,0.966666666666667,15,8.77284127449453,390.580700981663,150,333.399545616576,112.5,150.332034970248,1,1,0.49325340741073,1,0.308204688511027,0.957929327521926,1.06943648206905,0.767950311633939,6.81734651898853e-10,4.70890881842934e-10,4.2854608750531e-13,1.34670052887031e-13,1.55775392585156e-12,3.19097918198149e-10,0,4.25906421241962e-10,-1.39065490655144e-11,1,353.399545616576,58.8999242694293,0,0
1.23929115519494,0.729338702119377,0.984793515825008,0.99390079206646,0.966666666666667,15,7.97902413613765,403.23297729337,150,337.429877246786,112.5,147.751393126478,1,1,0.501048379231113,1,0.323172566750947,0.942512827509229,1.05235283150083,0.732707699594388,2.55688291467453e-10,8.47748538035376e-11,1.11910480882216e-13,9.83657599817889e-14,1.20670140546508e-12,2.31376285861636e-10,2.22044604925031e-16,1.19833032385941e-10,9.03561296432121e-11,1,357.429877246786,59.5716462077977,0,0
1.24581435404221,0.693095897907845,0.964543749301185,0.976565191086708,0.966666666666667,15,7.20572885545022,413.8142950532,150,338.995444970131,112.5,145.129836110085,1,1,0.509205321891254,1,0.34007164247889,0.92687801994188,1.03500083387642,0.69666916068072,2.0257596732219e-10,2.00394367766421e-10,1.46993528460371e-13,6.98330282489223e-14,1.19126930542279e-12,1.96368949408988e-10,0,2.36987318658066e-10,1.74340189758862e-10,1,358.995444970131,59.8325741616884,0,0
1.24205518357756,0.656233788829344,0.96659354569131,0.959124376768186,0.944444444444445,15,6.45964178401975,422.245875053767,150,338.093244058615,112.5,142.491907454853,1,1,0.517674119775749,1.00000000000008,0.359174221727673,0.911158526880276,1.01754278134659,0.660043094431357,1.92129643235074e-08,3.2128681937138e-09,1.24344978758018e-13,6.89448498292222e-14,9.65061364155417e-13,2.50562456045507e-10,0,3.11494119387135e-09,1.17095346853572e-10,1,358.093244058615,59.6822073431025,0,0
1.24588271084566,0.692820399430316,0.987350046462406,0.976456536895852,0.944444444444445,15,7.20000158800175,413.90252510825,150,339.011850602958,112.5,145.113406809603,1,1,0.509264768107113,1,0.340206871201021,0.926765885645553,1.03489207587029,0.696395313680958,7.88233706480537e-10,1.63829838584206e-10,3.67261776546002e-13,6.15063555642337e-14,1.05959685470225e-12,1.73912468780808e-10,4.44089209850063e-16,2.93965740638669e-10,1.54612135641148e-10,1,359.011850602958,59.8353084338264,0,0
1.23944891509875,0.729034620072578,1.00805121180253,0.993775866908415,0.944444444444445,15,7.97237215896553,403.348297070219,150,337.4677396237,112.5,147.732505900776,1,1,0.501113156597472,1,0.323307362787516,0.942386692464214,1.0522277917768,0.73240523054902,1.98242095092674e-10,1.46044953908131e-10,3.29514193708746e-13,7.17204073907851e-14,8.91287044169076e-13,1.51156826548086e-10,4.44089209850063e-16,2.24709140184132e-10,-1.33258125873057e-10,1,357.4677396237,59.57795660395,0,0
1.22276064676231,0.764433457697946,1.02840160733948,1.01083155797908,0.944444444444445,15,8.76537766872056,390.724427517567,150,333.462555222953,112.5,150.311259388957,1,1,0.49332154768228,1,0.308335876749943,0.957792485022773,1.06929892499055,0.76762647082479,2.71554693132278e-10,1.30668809106282e-10,9.8987484875579e-13,1.51656465163796e-13,1.79550818657503e-12,3.60428555648222e-10,4.44089209850063e-16,1.98639327209094e-10,-2.36715869710888e-10,1,353.462555222953,58.9104258704922,0,0
1.19629088898392,0.798572898000431,1.02376878900767,1.02735156823263,0.966666666666667,15,9.56578010131209,376.271705498199,150,327.109813356141,112.5,152.808553328163,1,1,0.485983428832657,1.00000000000189,0.295154343998695,0.972746322508873,1.08583326075689,0.801612070840246,4.7340608875667e-07,8.33119671028726e-08,2.57038834661216e-12,3.43614026121486e-13,1.04162234393357e-11,8.32258121427477e-09,2.22044604925031e-16,8.42882315055249e-08,6.53198420745077e-10,1,347.109813356141,57.8516355593568,0,0
1.22276002929089,0.764338649709,1.00445916554394,1.01076590085181,0.966666666666667,15,8.76320357158467,390.744595364815,150,333.462407029812,112.5,150.301330949685,1,1,0.493344818067012,1,0.308374122493824,0.957745760868852,1.06923320887037,0.767532112582956,7.87990377285723e-10,4.65441019059654e-10,7.92699239582362e-14,5.37347943918576e-14,8.19400103324597e-13,1.33818863896876e-10,0,4.84384088395018e-10,8.14699467908593e-12,1,353.462407029812,58.9104011716354,0,0
