case_name,success,seconds,error,max_dVM,max_dVA,buses_compared,voltage_review
suite_i_facts_4bus_remote_group.raw,1,9.8231053,,7.24228420767581e-05,0.000312682286984334,4,0
suite_i_facts_pqbrak_remote_limit.raw,1,4.6558158,,0.000658245424673742,0.0426815828461802,3,0
suite_i_genq_flatst1_qmax.raw,1,1.2650133,,2.56058122248826e-05,0.000545543556599526,3,0
suite_i_genq_nondiv1_qmin.raw,1,0.6235323,,7.3218344506687e-05,0.00222360142160571,3,0
suite_i_genq_varlim0_remote_group.raw,1,1.1412038,,7.75627732019224e-05,0.000482820442689158,5,0
suite_i_pqbrak_genq_remote_single.raw,1,1.4962797,,6.70613147870647e-05,0.000363106443140471,4,0
suite_i_solver_all_options_3bus.raw,1,0.2817931,,2.60883190187355e-05,0.0010453796430685,3,0
suite_i_swdev_open_parallel_pqbrak.raw,1,1.029702,,4.38829729288992e-05,0.00409740178220019,3,0
suite_i_swdev_tight_thrshz_closed.raw,1,0.3486931,,8.78911881577737e-05,0.00749266928836789,3,0
suite_i_swshnt_flatst1_continuous.raw,1,1.6846355,,1.9112312275027e-06,3.94406143540138e-05,2,0
suite_i_swshnt_pqbrak_remote_group.raw,1,1.2433297,,0.00044205178856116,0.0255327300582131,3,0
suite_i_twodc_dctaps0_active.raw,1,2.7934505,,6.24477589228345e-06,4.64703273834743e-05,5,0
suite_i_twodc_varlim1_loss.raw,1,2.0781569,,8.78828482397953e-05,0.000564645256364571,4,0
suite_i_ultc_10bus_sign_matrix.raw,1,1.1848875,,1.62051387174733e-05,0.000290600428457743,11,0
suite_i_ultc_multi_2w_shared.raw,1,0.4686403,,9.63725452651776e-06,0.000377738655434001,4,0
suite_i_ultc_multi_3w_cw2_shared.raw,1,0.5061492,,3.95345570654015e-05,0.00142908264570352,8,0
suite_i_ultc_nondiv1_local.raw,1,0.7870306,,1.57416920695264e-05,0.000406514969176541,2,0
suite_i_ultc_varlim1_remote_limit.raw,1,0.530868,,1.75067955426877e-05,0.00112831200725161,3,0
suite_m_integrated_14bus_dctaps0.raw,1,109.1911903,,0.00682409606898582,0.871790538490595,14,1
suite_m_integrated_14bus_flatst1.raw,1,91.6907488,,0.00679537261001273,0.871516451064791,14,1
suite_m_integrated_14bus_nominal.raw,1,83.7409425,,0.00679537261001228,0.871516451064798,14,1
suite_m_integrated_14bus_varlim0.raw,1,93.8563149,,0.00679537261001228,0.871516451064798,14,1
suite_m_integrated_30bus_conservative_adjust.raw,1,7.6129832,,0.000961815467037219,0.00344313995885059,30,0
suite_m_integrated_30bus_flatst1.raw,1,5.3012298,,0.000961682925659124,0.00343183546478265,30,0
suite_m_integrated_30bus_nominal.raw,1,6.6362765,,0.000961682925658236,0.0034318354647489,30,0
suite_m_integrated_30bus_swsht1.raw,1,5.8967226,,0.000961682925658236,0.0034318354647489,30,0
suite_s_30bus_nondiv1.raw,1,5.9014467,,0.000961682925658236,0.0034318354647489,30,0
suite_s_30bus_pqbrak_high.raw,1,5.974153,,0.00096168292565868,0.00343183546478265,30,0
suite_s_40bus_dctaps0.raw,1,12.870124,,0.00758505000015153,0.908895306213168,40,1
suite_s_40bus_nominal.raw,1,13.1190856,,0.00757505000015152,0.906895306213173,40,1
suite_s_40bus_varlim0.raw,1,13.2972475,,0.00878505000015151,1.07159530621317,40,1
suite_u_facts_3bus_local.raw,1,1.1596842,,1.57227386754499e-06,1.49103258832994e-05,3,0
suite_u_facts_3bus_remote.raw,1,1.2061698,,0.000111864514348747,0.00139841090081561,3,0
suite_u_facts_3bus_remote_limit.raw,1,1.1096126,,7.21756658013106e-05,0.00282366943689993,3,0
suite_u_genq_3bus_local_inband.raw,1,0.4360824,,3.91089302398395e-06,4.54141939361108e-05,3,0
suite_u_genq_3bus_qmax.raw,1,0.6004888,,3.56058122249481e-05,0.00104554355659969,3,0
suite_u_genq_3bus_qmin.raw,1,0.5591211,,7.3218344506687e-05,0.00222360142160571,3,0
suite_u_genq_3bus_qzero.raw,1,2.1319224,,0.000239846674708555,0.0123820239102876,3,0
suite_u_genq_3bus_slack_limit.raw,1,0.3539172,,3.15642069914635e-06,1.96027422170175e-05,3,0
suite_u_genq_4bus_remote_single.raw,1,0.6079186,,6.70626831678067e-05,0.000363114203708603,4,0
suite_u_genq_5bus_group_all_limited.raw,1,0.471862,,3.66742225876848e-06,3.79921266245031e-05,5,0
suite_u_genq_5bus_group_one_limited.raw,1,0.4579469,,0.000142949718207275,0.000997448886579377,5,0
suite_u_genq_5bus_remote_group.raw,1,0.4151815,,7.75627732019224e-05,0.000482820442689158,5,0
suite_u_pqbrak_3bus_basic.raw,1,0.6980764,,2.0020540885346e-05,0.00443853805055205,3,0
suite_u_swdev_3bus_closed.raw,1,0.4407642,,4.5676346321466e-05,0.00183858061318798,3,0
suite_u_swshnt_2bus_continuous_local.raw,1,1.3029955,,1.9112312275027e-06,0.000160559385648185,2,0
suite_u_swshnt_2bus_discrete_local.raw,1,0.4443697,,0.000115425647153944,0.00445004491640955,2,0
suite_u_swshnt_2bus_discrete_swsht1.raw,1,1.3197826,,4.04976056045392e-06,3.84853415305031e-05,2,0
suite_u_swshnt_3bus_remote_group.raw,1,0.3631702,,1.4159218886256e-06,5.46968332244546e-05,3,0
suite_u_twodc_4bus_base.raw,1,0.3634869,,1.97413575675487e-06,3.52750782504074e-05,4,0
suite_u_twodc_5bus_active.raw,1,2.5799499,,2.25084788785246e-06,4.09974355566334e-05,5,0
suite_u_ultc_2bus_actaps_off.raw,1,0.3563938,,5.00548057436045e-06,1.77139610126886e-05,2,0
suite_u_ultc_2bus_cod0.raw,1,0.2986024,,5.00548057436045e-06,1.77139610126886e-05,2,0
suite_u_ultc_2bus_cod_m1.raw,1,0.2908668,,5.00548057436045e-06,1.77139610126886e-05,2,0
suite_u_ultc_2bus_cont0.raw,1,0.3518148,,5.00548057436045e-06,1.77139610126886e-05,2,0
suite_u_ultc_2bus_cont_pos.raw,1,0.4611902,,1.57416920695264e-05,0.000406514969176541,2,0
suite_u_ultc_2bus_cw2.raw,1,0.5411863,,1.57416920695264e-05,0.000406514969176541,2,0
suite_u_ultc_2bus_local.raw,1,0.3842977,,1.57416920695264e-05,0.000406514969176541,2,0
suite_u_ultc_2bus_ntp10_inband.raw,1,0.4887559,,9.89010989438377e-07,1.40798772978454e-15,2,0
suite_u_ultc_2bus_ntp10_lowv.raw,1,0.4534776,,2.6505178263303e-07,2.44116263736771e-06,2,0
suite_u_ultc_2bus_tab.raw,1,0.4670804,,2.11712250034468e-05,0.000517088479746519,2,0
suite_u_ultc_3bus_remote.raw,1,0.3820975,,1.56116244226512e-05,0.00056599317816719,3,0
suite_u_ultc_3bus_remote_cont_pos.raw,1,0.3247769,,2.49872606513657e-05,0.00117823200486455,3,0
suite_u_ultc_3bus_remote_limit.raw,1,0.4907473,,1.75067955426877e-05,0.00112831200725161,3,0
suite_u_ultc_3w_tab.raw,1,0.6460001,,0.000146603770603937,0.00790452951889442,4,0
suite_u_ultc_3w_tab_cw2.raw,1,0.4344752,,0.000146603770603937,0.00790452951889442,4,0
suite_u_ultc_3w_w2.raw,1,0.4356215,,6.46401181501055e-05,0.00218464917569605,4,0
suite_u_ultc_3w_w2_cw2.raw,1,0.3507864,,6.46401181501055e-05,0.00218464917569605,4,0
suite_u_ultc_3w_w3.raw,1,0.4330321,,3.00602312771625e-05,0.000684611234156307,4,0
