step_index,lambda,load_multiplier,min_VM_pu,max_VM_pu
1,-1.21127258977062e-26,1,0.778494560777228,1.17104532
2,7.53216548344244e-05,1.00007532165483,0.778461984344391,1.17104532
3,7.53216548344244e-05,1.00007532165483,0.778440844405158,1.17104532
4,7.53216548344244e-05,1.00007532165483,0.778418955836982,1.17104532
5,7.53216548344244e-05,1.00007532165483,0.778396286823117,1.17104532
6,7.53216548344244e-05,1.00007532165483,0.778372803911603,1.17104532
7,7.53216548344244e-05,1.00007532165483,0.778348471916297,1.17104532
8,7.53216548344244e-05,1.00007532165483,0.778323253810275,1.17104532
9,7.53216548344244e-05,1.00007532165483,0.778297110612192,1.17104532
10,7.53216548344244e-05,1.00007532165483,0.778270001264082,1.17104532
11,7.53216548344244e-05,1.00007532165483,0.778241882500547,1.17104532
12,7.53216548344244e-05,1.00007532165483,0.778212708708175,1.17104532
13,7.53216548344244e-05,1.00007532165483,0.778182431775078,1.17104532
14,7.53216548344244e-05,1.00007532165483,0.778151000928475,1.17104532
15,7.53216548344244e-05,1.00007532165483,0.778118362560791,1.17104532
16,7.53216548344244e-05,1.00007532165483,0.778084460042171,1.17173756851526
17,7.53216548344244e-05,1.00007532165483,0.778049233518803,1.18387583276368
18,7.53216548344244e-05,1.00007532165483,0.778012619695498,1.19627435229314
19,7.53216548344244e-05,1.00007532165483,0.777974551601415,1.20894133925033
20,7.53216548344244e-05,1.00007532165483,0.777934958337213,1.22188534073332
21,7.53216548344244e-05,1.00007532165483,0.777893764802113,1.23511525511745
22,7.53216548344244e-05,1.00007532165483,0.777850891399057,1.24864034926849
23,7.53216548344244e-05,1.00007532165483,0.777806253715749,1.26247027669177
24,7.53216548344244e-05,1.00007532165483,0.777759762179513,1.27661509666818
25,7.53216548344244e-05,1.00007532165483,0.777711321683731,1.29108529443002
26,7.53216548344244e-05,1.00007532165483,0.750518891628039,1.3332653402547
27,7.53216548344244e-05,1.00007532165483,0.750584998247308,1.3334280563213
28,0.000150336636219088,1.00015033663622,0.750529486362187,1.33342398544214
29,0.000300351625370175,1.00030035162537,0.750418417117247,1.33341583754493
30,0.000600321180279483,1.00060032118028,0.750196096784297,1.33339951706911
31,0.000975169648455732,1.00097516964846,0.749917854636981,1.33337907016925
32,0.00134989177599352,1.00134989177599,0.749639231686574,1.33335857178042
33,0.00172448729103836,1.00172448729104,0.749360226742777,1.33333802186046
34,0.00209895592082442,1.00209895592082,0.749080838608654,1.33331742036705
35,0.0024732973913156,1.00247329739132,0.748801066080697,1.3332967672577
36,0.00284751142761397,1.00284751142761,0.748520907948406,1.33327606248975
37,0.00322159775359559,1.0032215977536,0.748240362994415,1.33325530602031
38,0.00359555609226741,1.00359555609227,0.747959429994492,1.33323449780634
39,0.00396938616536762,1.00396938616537,0.747678107717501,1.33321363780457
40,0.00434308769364745,1.00434308769365,0.747396394925462,1.33319272597162
41,0.00471666039676067,1.00471666039676,0.747114290372976,1.33317176226385
42,0.00509010399324978,1.00509010399325,0.746831792807597,1.33315074663744
43,0.00546341820052377,1.00546341820052,0.746548900969912,1.33312967904838
44,0.00583660273487737,1.00583660273488,0.746265613593137,1.3331085594525
45,0.00620965731151463,1.00620965731151,0.745981929403113,1.33308738780537
46,0.00658258164451085,1.00658258164451,0.74569784711844,1.33306616406243
47,0.00695537544669125,1.00695537544669,0.745413365450273,1.33304488817888
48,0.00732803842988882,1.00732803842989,0.74512848310232,1.33302356010975
49,0.00770057030462903,1.00770057030463,0.744843198770837,1.33300217980985
50,0.00807297078030177,1.0080729707803,0.744557511144289,1.3329807472338
51,0.00844523956525781,1.00844523956526,0.744271418903509,1.33295926233599
52,0.00881737636646593,1.00881737636647,0.743984920721876,1.33293772507065
53,0.0091893808897963,1.0091893808898,0.743698015264708,1.33291613539177
54,0.00956125283987693,1.00956125283988,0.743410701189608,1.33289449325317
55,0.00993299192023024,1.00993299192023,0.743122977146361,1.33287279860842
56,0.0103045978329237,1.01030459783292,0.74283484177657,1.33285105141091
57,0.0106760702790041,1.010676070279,0.742546293713947,1.3328292516138
58,0.0110474089581925,1.01104740895819,0.742257331584124,1.33280739917006
59,0.011418613568993,1.01141861356899,0.74196795400454,1.33278549403245
60,0.0117896838085361,1.01178968380854,0.741678159584406,1.33276353615349
61,0.0121606193728109,1.01216061937281,0.741387946924478,1.33274152548549
62,0.0125314199564642,1.01253141995646,0.741097314617547,1.33271946198058
63,0.0129020852528587,1.01290208525286,0.740806261247439,1.3326973455906
64,0.0132726149540229,1.01327261495402,0.740514785389923,1.33267517626725
65,0.0136430087507085,1.01364300875071,0.740222885612053,1.33265295396196
66,0.0140132663323678,1.01401326633237,0.739930560471899,1.33263067862595
67,0.0143833873870014,1.014383387387,0.739637808519519,1.33260835021023
68,0.0147533716014356,1.01475337160144,0.739344628295406,1.33258596866554
69,0.0151232186610107,1.01512321866101,0.739051018331664,1.33256353394243
70,0.0154929282497571,1.01549292824976,0.738756977151535,1.33254104599126
71,0.015862500050192,1.01586250005019,0.738462503268877,1.33251850476208
72,0.0162319337438062,1.01623193374381,0.738167595188436,1.33249591020473
73,0.0166012290102287,1.01660122901023,0.737872251406191,1.33247326226885
74,0.0169703855279762,1.01697038552798,0.737576470408767,1.33245056090385
75,0.0173394029740296,1.01733940297403,0.737280250673124,1.33242780605886
76,0.0177082810240496,1.01770828102405,0.736983590667054,1.33240499768277
77,0.0180770193520017,1.018077019352,0.736686488849227,1.33238213572434
78,0.0184456176307431,1.01844561763074,0.736388943667738,1.33235922013191
79,0.0188140755313308,1.01881407553133,0.736090953562281,1.33233625085376
80,0.0191823927236144,1.01918239272361,0.735792516961582,1.33231322783773
81,0.0195505688757377,1.01955056887574,0.735493632285625,1.33229015103162
82,0.019918603654395,1.0199186036544,0.735194297943981,1.33226702038288
83,0.0202864967249013,1.0202864967249,0.734894512336206,1.33224383583868
84,0.0206542477508009,1.0206542477508,0.734594273851784,1.33222059734601
85,0.0210218563943381,1.02102185639434,0.734293580870247,1.33219730485158
86,0.0213893223160303,1.02138932231603,0.733992431760621,1.33217395830182
87,0.0217566451748925,1.02175664517489,0.733690824881777,1.33215055764295
88,0.0221238246283221,1.02212382462832,0.733388758582032,1.33212710282091
89,0.0224908603321093,1.02249086033211,0.733086231199318,1.33210359378139
90,0.0228577519405992,1.0228577519406,0.732783241060728,1.33208003046978
91,0.0232244991062569,1.02322449910626,0.732479786482863,1.3320564128313
92,0.0235911014800955,1.0235911014801,0.732175865771499,1.3320327408108
93,0.0239575587114601,1.02395755871146,0.731871477221254,1.33200901435294
94,0.0243238704478743,1.02432387044787,0.731566619116101,1.33198523340207
95,0.024690036335409,1.02469003633541,0.73126128972867,1.33196139790229
96,0.0250560560182824,1.02505605601828,0.730955487320589,1.33193750779746
97,0.0254219291390938,1.02542192913909,0.730649210141862,1.33191356303107
98,0.0257876553386692,1.02578765533867,0.730342456431423,1.33188956354643
99,0.0261532342561058,1.02615323425611,0.730035224416586,1.33186550928655
100,0.0265186655287562,1.02651866552876,0.729727512313064,1.33184140019415
101,0.0268839487922353,1.02688394879224,0.729419318324842,1.33181723621167
102,0.0272490836803565,1.02724908368036,0.729110640644029,1.33179301728126
103,0.0276140698251001,1.0276140698251,0.728801477450869,1.33176874334479
104,0.0279789068566677,1.02797890685667,0.728491826913686,1.33174441434389
105,0.0283435944034757,1.02834359440348,0.728181687188396,1.3317200302198
106,0.0287081320919471,1.02870813209195,0.727871056418892,1.33169559091358
107,0.029072519546832,1.02907251954683,0.727559932736629,1.33167109636594
108,0.0294367563909465,1.02943675639095,0.72724831426042,1.33164654651729
109,0.0298008422450775,1.02980084224508,0.726936199096798,1.33162194130776
110,0.030164776728275,1.03016477672827,0.726623585339288,1.3315972806772
111,0.0305285594575366,1.03052855945754,0.726310471068694,1.33157256456512
112,0.0308921900481199,1.03089219004812,0.725996854352823,1.33154779291076
113,0.0312556681130054,1.03125566811301,0.725682733246444,1.33152296565301
114,0.031618993263463,1.03161899326346,0.725368105791258,1.33149808273054
115,0.0319821651086475,1.03198216510865,0.72505297001524,1.33147314408161
116,0.032345183255693,1.03234518325569,0.724737323933435,1.33144814964425
117,0.0327080473097601,1.03270804730976,0.724421165546863,1.33142309935611
118,0.0330707568738997,1.0330707568739,0.724104492843116,1.33139799315455
119,0.0334333115491795,1.03343331154918,0.72378730379575,1.33137283097665
120,0.0337957109344082,1.03379571093441,0.723469596364722,1.33134761275916
121,0.034157954626453,1.03415795462645,0.723151368495357,1.33132233843841
122,0.0345200422200374,1.03452004222004,0.72283261811896,1.33129700795052
123,0.0348819733076602,1.03488197330766,0.722513343152708,1.33127162123126
124,0.0352437474796476,1.03524374747965,0.722193541499095,1.33124617821603
125,0.035605364324316,1.03560536432432,0.721873211045693,1.33122067883994
126,0.0359668234274407,1.03596682342744,0.721552349665779,1.33119512303773
127,0.0363281243729626,1.03632812437296,0.721230955217231,1.33116951074383
128,0.0366892667422808,1.03668926674228,0.720909025543224,1.33114384189233
129,0.0370502501147369,1.03705025011474,0.720586558471236,1.33111811641694
130,0.0374110740671621,1.03741107406716,0.720263551813904,1.3310923342511
131,0.0377717381742205,1.03777173817422,0.719940003367979,1.33106649532782
132,0.0381322420082806,1.03813224200828,0.719615910914628,1.33104059957983
133,0.0384925851392148,1.03849258513921,0.719291272219117,1.33101464693946
134,0.038852767134589,1.03885276713459,0.718966085030818,1.33098863733873
135,0.038852767134589,1.03885276713459,0.760983154890438,1.29055863177141
136,0.0392200601575548,1.03922006015755,0.760806630665082,1.29055052326763
137,0.0395872719542221,1.03958727195422,0.760629957030155,1.29054238561347
138,0.0399544024010198,1.03995440240102,0.760453133731954,1.2905342188084
139,0.0403214513737941,1.04032145137379,0.760276160515932,1.2905260228519
140,0.0406884187483703,1.04068841874837,0.760099037126725,1.29051779774346
141,0.0410553044000713,1.04105530440007,0.759921763308243,1.29050954348259
142,0.0414221082041355,1.04142210820414,0.759744338803312,1.29050126006877
143,0.0417888300351628,1.04178883003516,0.759566763354262,1.29049294750154
144,0.0421554697677794,1.04215546976778,0.759389036702329,1.2904846057804
145,0.042522027276051,1.04252202727605,0.759211158588124,1.29047623490492
146,0.0428885024338653,1.04288850243387,0.759033128751302,1.29046783487463
147,0.043254895114747,1.04325489511475,0.758854946930749,1.2904594056891
148,0.0436212051919351,1.04362120519194,0.758676612864253,1.29045094734784
149,0.0439874325383187,1.04398743253832,0.758498126289137,1.29044245985048
150,0.0443535770264474,1.04435357702645,0.758319486941718,1.29043394319659
151,0.044719638528496,1.0447196385285,0.75814069455742,1.29042539738577
152,0.0450856169164877,1.04508561691649,0.757961748870793,1.29041682241762
153,0.0454515120619779,1.04545151206198,0.757782649615611,1.29040821829175
154,0.0458173238361726,1.04581732383617,0.757603396524736,1.29039958500779
155,0.0461830521100807,1.04618305211008,0.757423989330166,1.29039092256538
156,0.046548696754247,1.04654869675425,0.757244427762978,1.29038223096415
157,0.0469142576388622,1.04691425763886,0.757064711553552,1.29037351020379
158,0.0472797346338948,1.04727973463389,0.756884840431158,1.29036476028394
159,0.0476451276088954,1.0476451276089,0.756704814124331,1.2903559812043
160,0.0480104364329913,1.04801043643299,0.756524632360771,1.29034717296456
161,0.0483756609752071,1.04837566097521,0.756344294867087,1.29033833556441
162,0.04874080110395,1.04874080110395,0.756163801369125,1.29032946900356
163,0.0491058566874314,1.04910585668743,0.75598315159194,1.29032057328177
164,0.0494708275934321,1.04947082759343,0.755802345259434,1.29031164839872
165,0.049835713689483,1.04983571368948,0.755621382094785,1.2903026943542
166,0.0502005148425825,1.05020051484258,0.755440261820278,1.29029371114796
167,0.050565230919584,1.05056523091958,0.755258984157181,1.29028469877977
168,0.0509298617867064,1.05092986178671,0.755077548825947,1.29027565724941
169,0.0512944073100558,1.05129440731006,0.754895955546052,1.2902665865567
170,0.0516588673552841,1.05165886735528,0.754714204036041,1.2902574867014
171,0.0520232417876022,1.0520232417876,0.754532294013534,1.29024835768338
172,0.0523875304719222,1.05238753047192,0.754350225195263,1.29023919950244
173,0.0527517332727631,1.05275173327276,0.754167997297076,1.29023001215844
174,0.0531158500542223,1.05311585005422,0.753985610033768,1.29022079565124
175,0.0534798806801573,1.05347988068016,0.753803063119172,1.2902115499807
176,0.0538438250137855,1.05384382501379,0.753620356266414,1.29020227514673
177,0.0542076829182968,1.0542076829183,0.753437489187307,1.29019297114919
178,0.0545714542560897,1.05457145425609,0.753254461593042,1.29018363798801
179,0.054935138889417,1.05493513888942,0.753071273193723,1.29017427566312
180,0.0552987366802022,1.0552987366802,0.752887923698374,1.29016488417445
181,0.0556622474896909,1.05566224748969,0.75270441281532,1.29015546352194
182,0.0560256711789815,1.05602567117898,0.752520740251753,1.29014601370558
183,0.0563890076086614,1.05638900760866,0.752336905713824,1.29013653472534
184,0.0567522566389714,1.05675225663897,0.752152908906864,1.29012702658121
185,0.0571154181296547,1.05711541812965,0.751968749535106,1.29011748927317
186,0.0574784919401054,1.05747849194011,0.751784427301942,1.2901079228013
187,0.0578414779293009,1.0578414779293,0.751599941909595,1.29009832716559
188,0.0582043759558101,1.05820437595581,0.751415293059366,1.2900887023661
189,0.0585671858777155,1.05856718587772,0.751230480451664,1.2900790484029
190,0.0589299075527541,1.05892990755275,0.751045503785833,1.29006936527608
191,0.0592925408381897,1.05929254083819,0.750860362760128,1.29005965298572
192,0.059655085590858,1.05965508559086,0.750675057071868,1.29004991153194
193,0.0600175416672682,1.06001754166727,0.750489586417353,1.29004014091486
194,0.0603799089233203,1.06037990892332,0.7503039504919,1.29003034113463
195,0.0607421872145701,1.06074218721457,0.750118148989742,1.2900205121914
196,0.061104376396137,1.06110437639614,0.749932181604164,1.29001065408536
197,0.0614664763227343,1.06146647632273,0.749746048027262,1.29000076681666
198,0.0618284868484824,1.06182848684848,0.749559747950332,1.28999085038555
199,0.0621904078271406,1.06219040782714,0.749373281063567,1.28998090479224
200,0.0625522391121393,1.06255223911214,0.74918664705582,1.28997093003693
201,0.06291398055625,1.06291398055625,0.748999845615348,1.28996092611992
202,0.0632756320118402,1.06327563201184,0.748812876429088,1.28995089304148
203,0.0636371933308662,1.06363719333087,0.748625739183088,1.2899408308019
204,0.0639986643648072,1.06399866436481,0.748438433562104,1.28993073940147
205,0.0643600449646733,1.06436004496467,0.748250959249957,1.28992061884051
206,0.0647213349808437,1.06472133498084,0.748063315929535,1.28991046911938
207,0.0650825342635361,1.06508253426354,0.747875503282383,1.28990029023843
208,0.0654436426621691,1.06544364266217,0.74768752098923,1.28989008219805
209,0.0658046600259194,1.06580466002592,0.747499368729512,1.28987984499861
210,0.066165586203357,1.06616558620336,0.74731104618167,1.28986957864054
211,0.0665264210424936,1.06652642104249,0.747122553023189,1.28985928312427
212,0.0668871643909806,1.06688716439098,0.74693388893025,1.28984895845027
213,0.0672478160959682,1.06724781609597,0.74674505357796,1.28983860461898
214,0.0676083760040042,1.067608376004,0.746556046640437,1.2898282216309
215,0.0679688439610866,1.06796884396109,0.746366867790674,1.28981780948656
216,0.0683292198129362,1.06832921981294,0.746177516700518,1.28980736818646
217,0.068689503404617,1.06868950340462,0.745987993040576,1.28979689773116
218,0.0690496945806658,1.06904969458067,0.74579829648051,1.28978639812121
219,0.0694097931850548,1.06940979318505,0.745608426688822,1.28977586935722
220,0.0697697990613159,1.06976979906132,0.745418383332848,1.28976531143979
221,0.0701297120524106,1.07012971205241,0.745228166078904,1.28975472436956
222,0.0704895320008219,1.07048953200082,0.745037774591896,1.28974410814716
223,0.0708492587484225,1.07084925874842,0.744847208535866,1.28973346277328
224,0.0712088921365966,1.0712088921366,0.744656467573604,1.2897227882486
225,0.0715684320061867,1.07156843200619,0.744465551366635,1.28971208457383
226,0.0719278781973903,1.07192787819739,0.744274459575581,1.28970135174971
227,0.072287230549991,1.07228723054999,0.744083191859651,1.28969058977701
228,0.0726464889031619,1.07264648890316,0.743891747876979,1.28967979865648
229,0.0730056530953694,1.07300565309537,0.743700127284705,1.28966897838896
230,0.0733647229648077,1.07336472296481,0.743508329738436,1.28965812897525
231,0.0737236983488183,1.07372369834882,0.743316354892836,1.28964725041618
232,0.0740825790843634,1.07408257908436,0.743124202401394,1.28963634271265
233,0.0744413650077416,1.07444136500774,0.742931871916351,1.28962540586555
234,0.0748000559545831,1.07480005595458,0.742739363088669,1.28961443987578
235,0.0751586517601307,1.07515865176013,0.742546675568215,1.28960344474429
236,0.0755171522588756,1.07551715225888,0.742353809003771,1.28959242047206
237,0.0758755572847724,1.07587555728477,0.74216076304261,1.28958136706005
238,0.0762338666711956,1.0762338666712,0.74196753733094,1.2895702845093
239,0.0765920802508364,1.07659208025084,0.741774131513845,1.28955917282082
240,0.0769501978558335,1.07695019785583,0.741580545235077,1.28954803199571
241,0.0773082193176514,1.07730821931765,0.741386778137189,1.28953686203503
242,0.0776661444672352,1.07766614446724,0.741192829861464,1.2895256629399
243,0.0780239731348301,1.07802397313483,0.740998700047967,1.28951443471147
244,0.078381705150044,1.07838170515004,0.740804388335562,1.28950317735091
245,0.0787393403419261,1.07873934034193,0.740609894361748,1.28949189085939
246,0.0790968785387657,1.07909687853877,0.740415217762964,1.28948057523816
247,0.0794543195683351,1.07945431956834,0.740220358174177,1.28946923048844
248,0.0798116632575775,1.07981166325758,0.740025315229298,1.28945785661154
249,0.0801689094330314,1.08016890943303,0.739830088560705,1.28944645360872
250,0.0805260579203562,1.08052605792036,0.739634677799827,1.28943502148134
251,0.0808831085446064,1.08088310854461,0.739439082576563,1.28942356023075
252,0.0812400611302969,1.0812400611303,0.739243302519578,1.28941206985833
253,0.0815969155010074,1.08159691550101,0.739047337256343,1.28940055036551
254,0.0819536714798225,1.08195367147982,0.738851186412992,1.28938900175374
255,0.0823103288891274,1.08231032888913,0.738654849614253,1.28937742402447
256,0.082666887550567,1.08266688755057,0.73845832648372,1.28936581717921
257,0.083023347285066,1.08302334728507,0.738261616643615,1.28935418121953
258,0.0833797079129074,1.08337970791291,0.738064719714779,1.28934251614695
259,0.0837359692536183,1.08373596925362,0.737867635316776,1.2893308219631
260,0.0840921311260723,1.08409213112607,0.737670363067867,1.28931909866958
261,0.0844481933482934,1.08444819334829,0.737472902584966,1.28930734626807
262,0.084804155737681,1.08480415573768,0.737275253483748,1.28929556476025
263,0.0851600181108645,1.08516001811086,0.737077415378299,1.28928375414784
264,0.0855157802837434,1.08551578028374,0.736879387881752,1.28927191443262
265,0.0858714420715653,1.08587144207157,0.736681170605375,1.28926004561635
266,0.0862270032885472,1.08622700328855,0.736482763159616,1.28924814770086
267,0.0865824637484557,1.08658246374846,0.736284165153152,1.28923622068802
268,0.0869378232640987,1.0869378232641,0.736085376193529,1.28922426457969
269,0.0872930816476104,1.08729308164761,0.735886395886887,1.28921227937783
270,0.0876482387103178,1.08764823871032,0.735687223837886,1.28920026508438
271,0.0880032942627319,1.08800329426273,0.735487859649874,1.28918822170133
272,0.0883582481146489,1.08835824811465,0.735288302924825,1.28917614923071
273,0.0887131000749576,1.08871310007496,0.735088553263374,1.28916404767461
274,0.0890678499518029,1.0890678499518,0.734888610264584,1.28915191703508
275,0.0894224975525506,1.08942249755255,0.734688473526308,1.28913975731432
276,0.0897770426836794,1.08977704268368,0.734488142644936,1.28912756851447
277,0.0901314851508632,1.09013148515086,0.734287617215399,1.28911535063776
278,0.0904858247590131,1.09048582475901,0.734086896831151,1.28910310368642
279,0.0908400613121011,1.0908400613121,0.733885981084471,1.28909082766276
280,0.091194194613316,1.09119419461332,0.733684869565877,1.2890785225691
281,0.0915482244649013,1.0915482244649,0.733483561864786,1.28906618840782
282,0.0919021506683844,1.09190215066838,0.733282057568932,1.28905382518131
283,0.0922559730242963,1.0922559730243,0.733080356264736,1.28904143289204
284,0.0926096913324075,1.09260969133241,0.732878457537078,1.28902901154248
285,0.0929633053914762,1.09296330539148,0.732676360969415,1.28901656113515
286,0.0933168149994218,1.09331681499942,0.732474066143949,1.28900408167268
287,0.0936702199533359,1.09367021995334,0.732271572640985,1.28899157315762
288,0.0940235200492642,1.09402352004926,0.732068880039776,1.28897903559266
289,0.0943767150824914,1.09437671508249,0.73186598791782,1.28896646898049
290,0.0947298048472406,1.09472980484724,0.73166289585135,1.28895387332384
291,0.0950827891368929,1.09508278913689,0.731459603415008,1.28894124862553
292,0.0954356677438276,1.09543566774383,0.731256110181912,1.28892859488835
293,0.0957884404595063,1.09578844045951,0.731052415723779,1.28891591211523
294,0.0961411070744799,1.09614110707448,0.730848519610685,1.28890320030905
295,0.0964936673782235,1.09649366737822,0.730644421411366,1.28889045947279
296,0.0968461211593795,1.09684612115938,0.730440120692875,1.28887768960946
297,0.0971984682054501,1.09719846820545,0.730235617021059,1.28886489072215
298,0.0975507083030783,1.09755070830308,0.730030909959801,1.28885206281394
299,0.0979028412378477,1.09790284123785,0.729825999071798,1.28883920588801
300,0.0982548667943218,1.09825486679432,0.729620883918117,1.28882631994754
301,0.0986067847560641,1.09860678475606,0.729415564058295,1.28881340499582
302,0.0989585949056699,1.09895859490567,0.729210039050231,1.28880046103614
303,0.0993102970246015,1.0993102970246,0.729004308450375,1.28878748807185
304,0.0996618908932744,1.09966189089327,0.728798371813693,1.28877448610637
305,0.100013376291096,1.1000133762911,0.728592228693498,1.28876145514317
306,0.100364752996447,1.10036475299645,0.728385878641484,1.28874839518573
307,0.100716020786553,1.10071602078655,0.728179321207866,1.28873530623764
308,0.101067179437584,1.10106717943758,0.727972555941348,1.28872218830252
309,0.101418228724627,1.10141822872463,0.727765582388905,1.28870904138404
310,0.101769168421616,1.10176916842162,0.727558400096119,1.28869586548594
311,0.102119998301449,1.10211999830145,0.727351008606726,1.28868266061197
312,0.102470718135811,1.10247071813581,0.727143407463176,1.28866942676601
313,0.10282132769534,1.10282132769534,0.726935596206064,1.28865616395194
314,0.103171826749442,1.10317182674944,0.72672757437454,1.2886428721737
315,0.103522215066443,1.10352221506644,0.72651934150609,1.28862955143533
316,0.103872492413405,1.1038724924134,0.726310897136639,1.28861620174089
317,0.104222658556318,1.10422265855632,0.726102240800405,1.28860282309451
318,0.104572713259878,1.10457271325988,0.725893372030047,1.28858941550038
319,0.104922656287667,1.10492265628767,0.725684290356651,1.28857597896276
320,0.105272487402014,1.10527248740201,0.725474995309499,1.28856251348595
321,0.105622206363967,1.10562220636397,0.725265486416516,1.28854901907435
322,0.105971812933478,1.10597181293348,0.725055763203678,1.28853549573238
323,0.106321306869131,1.10632130686913,0.724845825195555,1.28852194346455
324,0.106670687928227,1.10667068792823,0.724635671915005,1.28850836227544
325,0.107019955866915,1.10701995586691,0.724425302883162,1.28849475216967
326,0.107369110439963,1.10736911043996,0.724214717619629,1.28848111315196
327,0.107718151400913,1.10771815140091,0.724003915642166,1.28846744522704
328,0.108067078501895,1.1080670785019,0.723792896467055,1.28845374839979
329,0.108415891493839,1.10841589149384,0.723581659608803,1.2884400226751
330,0.108764590126191,1.10876459012619,0.723370204580346,1.28842626805793
331,0.109113174147229,1.10911317414723,0.723158530892767,1.28841248455334
332,0.109461643303721,1.10946164330372,0.722946638055631,1.28839867216645
333,0.109809997341057,1.10980999734106,0.722734525576833,1.28838483090245
334,0.11015823600336,1.11015823600336,0.722522192962374,1.28837096076658
335,0.110506359033274,1.11050635903327,0.722309639716713,1.2883570617642
336,0.110854366172009,1.11085436617201,0.722096865342667,1.28834313390072
337,0.111202257159375,1.11120225715938,0.721883869341219,1.28832917718162
338,0.111550031733732,1.11155003173373,0.721670651211676,1.28831519161244
339,0.111897689631912,1.11189768963191,0.721457210451787,1.28830117719888
340,0.112245230589414,1.11224523058941,0.721243546557326,1.2882871339466
341,0.112592654340094,1.11259265434009,0.7210296590226,1.28827306186145
342,0.112939960616456,1.11293996061646,0.720815547340042,1.28825896094928
343,0.113287149149307,1.11328714914931,0.720601211000428,1.28824483121607
344,0.113634219668164,1.11363421966816,0.72038664949269,1.28823067266784
345,0.113981171900662,1.11398117190066,0.720171862304268,1.28821648531075
346,0.114328005573126,1.11432800557313,0.71995684892071,1.28820226915099
347,0.114674720410239,1.11467472041024,0.719741608825777,1.28818802419488
348,0.115021316135054,1.11502131613505,0.719526141501594,1.28817375044879
349,0.11536779246901,1.11536779246901,0.719310446428551,1.28815944791921
350,0.115714149131934,1.11571414913193,0.719094523085293,1.28814511661269
351,0.116060385841969,1.11606038584197,0.718878370948581,1.2881307565359
352,0.116406502315658,1.11640650231566,0.718661989493571,1.28811636769557
353,0.116752498267771,1.11675249826777,0.71844537819369,1.28810195009855
354,0.11709837341143,1.11709837341143,0.718228536520449,1.28808750375176
355,0.117444127458022,1.11744412745802,0.718011463943806,1.28807302866225
356,0.117789760117196,1.1177897601172,0.717794159931835,1.28805852483714
357,0.118135271096832,1.11813527109683,0.717576623950892,1.28804399228363
358,0.118480660103137,1.11848066010314,0.717358855465425,1.28802943100905
359,0.118825926840342,1.11882592684034,0.717140853938364,1.28801484102083
360,0.119171071010934,1.11917107101093,0.716922618830842,1.28800022232651
361,0.119516092315711,1.11951609231571,0.716704149601961,1.28798557493366
362,0.119860990453446,1.11986099045345,0.716485445709278,1.28797089885005
363,0.120205765121076,1.12020576512108,0.716266506608611,1.28795619408349
364,0.120550416013658,1.12055041601366,0.716047331753885,1.28794146064196
365,0.120894942824375,1.12089494282438,0.715827920597307,1.28792669853346
366,0.121239345244416,1.12123934524442,0.715608272589338,1.28791190776618
367,0.121583622963084,1.12158362296308,0.715388387178519,1.28789708834836
368,0.121927775667618,1.12192777566762,0.715168263811935,1.28788224028842
369,0.122271803043303,1.1222718030433,0.714947901934572,1.28786736359483
370,0.12261570477342,1.12261570477342,0.714727300989806,1.2878524582762
371,0.1229594805392,1.1229594805392,0.714506460419144,1.28783752434126
372,0.123303130019805,1.1233031300198,0.714285379662474,1.28782256179886
373,0.123646652892254,1.12364665289225,0.714064058157828,1.28780757065799
374,0.123990048831571,1.12399004883157,0.71384249534136,1.28779255092768
375,0.124333317510545,1.12433331751054,0.713620690647666,1.28777750261719
376,0.124676458599836,1.12467645859984,0.713398643509341,1.28776242573583
377,0.12501947176798,1.12501947176798,0.713176353357434,1.28774732029308
378,0.125362356681206,1.12536235668121,0.712953819621106,1.28773218629852
379,0.125705113003561,1.12570511300356,0.712731041727706,1.28771702376187
380,0.126047740396797,1.1260477403968,0.712508019102973,1.28770183269299
381,0.126390238520525,1.12639023852052,0.712284751170741,1.28768661310185
382,0.126732607031786,1.12673260703179,0.712061237353174,1.28767136499859
383,0.127074845585544,1.12707484558554,0.711837477070631,1.28765608839346
384,0.127416953834251,1.12741695383425,0.711613469741799,1.28764078329686
385,0.127758931428013,1.12775893142801,0.711389214783511,1.28762544971931
386,0.128100778014502,1.1281007780145,0.711164711610936,1.28761008767152
387,0.128442493238928,1.12844249323893,0.710939959637434,1.2875946971643
388,0.128784076744119,1.12878407674412,0.71071495827465,1.28757927820863
389,0.12912552817029,1.12912552817029,0.71048970693257,1.28756383081563
390,0.129466847155166,1.12946684715517,0.710264205019379,1.28754835499657
391,0.129808033333923,1.12980803333392,0.710038451941444,1.28753285076286
392,0.13014908633909,1.13014908633909,0.709812447103721,1.28751731812612
393,0.130490005800635,1.13049000580064,0.709586189909109,1.28750175709806
394,0.130830791345897,1.1308307913459,0.709359679758921,1.28748616769057
395,0.131171442599384,1.13117144259938,0.709132916052949,1.28747054991573
396,0.131511959183012,1.13151195918301,0.708905898189037,1.28745490378576
397,0.131852340715934,1.13185234071593,0.708678625563421,1.28743922931304
398,0.132192586814487,1.13219258681449,0.708451097570807,1.28742352651014
399,0.132532697092151,1.13253269709215,0.708223313604039,1.28740779538978
400,0.132872671159641,1.13287267115964,0.707995273054351,1.28739203596486
401,0.133212508624739,1.13321250862474,0.707766975311375,1.28737624824847
402,0.133552209092305,1.1335522090923,0.70753841976306,1.28736043225385
403,0.133891772164256,1.13389177216426,0.707309605795678,1.28734458799445
404,0.134231197439476,1.13423119743948,0.707080532794016,1.2873287154839
405,0.134570484513836,1.13457048451384,0.706851200141108,1.28731281473598
406,0.134909632980142,1.13490963298014,0.706621607218463,1.28729688576471
407,0.135248642428103,1.1352486424281,0.706391753405986,1.28728092858427
408,0.135587512444274,1.13558751244427,0.706161638081892,1.28726494320904
409,0.135926242612014,1.13592624261201,0.705931260623025,1.2872489296536
410,0.136264832511477,1.13626483251148,0.705700620404461,1.28723288793272
411,0.136603281719499,1.1366032817195,0.70546971680001,1.28721681806141
412,0.136941589809694,1.13694158980969,0.705238549181665,1.28720072005483
413,0.137279756352203,1.1372797563522,0.705007116920099,1.28718459392838
414,0.137617780913915,1.13761778091391,0.704775419384367,1.28716843969768
415,0.137955663058202,1.1379556630582,0.704543455942089,1.28715225737854
416,0.138293402344916,1.13829340234492,0.704311225959529,1.28713604698702
417,0.138630998330478,1.13863099833048,0.704078728801341,1.28711980853938
418,0.138968450567672,1.13896845056767,0.703845963830765,1.28710354205208
419,0.139305758605735,1.13930575860573,0.703612930409744,1.28708724754187
420,0.13964292199015,1.13964292199015,0.703379627898637,1.28707092502567
421,0.139979940262755,1.13997994026276,0.703146055656699,1.28705457452068
422,0.140316812961606,1.14031681296161,0.702912213041563,1.28703819604431
423,0.140653539620868,1.14065353962087,0.702678099409785,1.28702178961424
424,0.140990119771012,1.14099011977101,0.702443714116334,1.28700535524837
425,0.141326552938492,1.14132655293849,0.702209056515058,1.28698889296484
426,0.141662838645801,1.1416628386458,0.701974125958524,1.28697240278208
427,0.141998976411409,1.14199897641141,0.701738921798072,1.28695588471876
428,0.142334965749757,1.14233496574976,0.701503443383745,1.28693933879379
429,0.142670806171155,1.14267080617115,0.701267690064555,1.28692276502639
430,0.14300649718168,1.14300649718168,0.701031661188125,1.286906163436
431,0.143342038283262,1.14334203828326,0.700795356101101,1.28688953404237
432,0.143677428973339,1.14367742897334,0.700558774149032,1.2868728768655
433,0.14401266874529,1.14401266874529,0.700321914676287,1.28685619192569
434,0.144347757087817,1.14434775708782,0.700084777026329,1.28683947924353
435,0.14468269348536,1.14468269348536,0.699847360541429,1.28682273883989
436,0.145017477417614,1.14501747741761,0.699609664563045,1.28680597073592
437,0.145352108359799,1.1453521083598,0.699371688431552,1.28678917495311
438,0.145686585782506,1.14568658578251,0.699133431486494,1.28677235151321
439,0.146020909151459,1.14602090915146,0.698894893066581,1.28675550043832
440,0.146355077927716,1.14635507792772,0.698656072509454,1.2867386217508
441,0.146689091567429,1.14668909156743,0.698416969152305,1.28672171547339
442,0.147022949521751,1.14702294952175,0.698177582331305,1.28670478162912
443,0.147356651237012,1.14735665123701,0.697937911381824,1.28668782024135
444,0.147690196154213,1.14769019615421,0.697697955638944,1.28667083133379
445,0.148023583709474,1.14802358370947,0.697457714436668,1.28665381493046
446,0.148356813333469,1.14835681333347,0.697217187108762,1.28663677105578
447,0.148689884451712,1.14868988445171,0.696976372988117,1.28661969973445
448,0.149022796484327,1.14902279648433,0.696735271407373,1.28660260099158
449,0.149355548845979,1.14935554884598,0.696493881698728,1.28658547485263
450,0.149688140945771,1.14968814094577,0.696252203193809,1.28656832134342
451,0.15002057218723,1.15002057218723,0.696010235223974,1.28655114049013
452,0.150352841968194,1.15035284196819,0.69576797712028,1.28653393231935
453,0.150684949680689,1.15068494968069,0.695525428213613,1.28651669685805
454,0.151016894710936,1.15101689471094,0.695282587834591,1.28649943413359
455,0.151348676439155,1.15134867643915,0.695039455313768,1.28648214417371
456,0.151680294239559,1.15168029423956,0.694796029981585,1.28646482700659
457,0.152011747480172,1.15201174748017,0.694552311168507,1.2864474826608
458,0.152343035522884,1.15234303552288,0.694308298205089,1.28643011116533
459,0.152674157723241,1.15267415772324,0.694063990421964,1.28641271254961
460,0.153005113430305,1.15300511343031,0.693819387150036,1.2863952868435
461,0.153335901986715,1.15333590198671,0.693574487720394,1.28637783407729
462,0.153666522728515,1.15366652272852,0.693329291464494,1.28636035428173
463,0.15399697498494,1.15399697498494,0.693083797714263,1.28634284748804
464,0.154327258078472,1.15432725807847,0.69283800580207,1.28632531372787
465,0.154657371324693,1.15465737132469,0.692591915060782,1.28630775303335
466,0.154987314032097,1.1549873140321,0.692345524824089,1.28629016543714
467,0.155317085502055,1.15531708550206,0.692098834426321,1.28627255097232
468,0.155646685028741,1.15564668502874,0.691851843202579,1.2862549096725
469,0.155976111898891,1.15597611189889,0.691604550488927,1.2862372415718
470,0.156305365391799,1.1563053653918,0.691356955622548,1.28621954670485
471,0.156634444779163,1.15663444477916,0.691109057941355,1.28620182510678
472,0.156963349324967,1.15696334932497,0.69086085678493,1.28618407681331
473,0.157292078285264,1.15729207828526,0.690612351493812,1.28616630186062
474,0.157620630908246,1.15762063090825,0.690363541410069,1.28614850028553
475,0.157949006433922,1.15794900643392,0.690114425877238,1.28613067212536
476,0.158277204094082,1.15827720409408,0.689865004240484,1.28611281741801
477,0.158605223112246,1.15860522311225,0.689615275846686,1.28609493620201
478,0.158933062703229,1.15893306270323,0.689365240044431,1.28607702851641
479,0.159260722073385,1.15926072207338,0.689114896184535,1.28605909440092
480,0.159588200420147,1.15958820042015,0.688864243619588,1.28604113389581
481,0.159915496932127,1.15991549693213,0.688613281704667,1.28602314704204
482,0.160242610788767,1.16024261078877,0.68836200979697,1.28600513388116
483,0.160569541160286,1.16056954116029,0.688110427256196,1.28598709445538
484,0.160896287207545,1.16089628720755,0.687858533444706,1.28596902880756
485,0.161222848081842,1.16122284808184,0.687606327727507,1.28595093698125
486,0.161549222924653,1.16154922292465,0.687353809472699,1.28593281902069
487,0.161875410867784,1.16187541086778,0.687100978051222,1.28591467497078
488,0.162201411032793,1.16220141103279,0.686847832837167,1.28589650487716
489,0.162527222531126,1.16252722253113,0.686594373208186,1.28587830878619
490,0.162852844463773,1.16285284446377,0.686340598545383,1.28586008674498
491,0.163178275921149,1.16317827592115,0.686086508233345,1.28584183880135
492,0.163503515982955,1.16350351598295,0.685832101660647,1.2858235650039
493,0.163828563717834,1.16382856371783,0.685577378220043,1.28580526540205
494,0.164153418183384,1.16415341818338,0.685322337308208,1.28578694004595
495,0.164478078425778,1.16447807842578,0.685066978326547,1.28576858898662
496,0.164802543479673,1.16480254347967,0.684811300680741,1.28575021227586
497,0.165126812367959,1.16512681236796,0.684555303781449,1.28573180996633
498,0.165450884101587,1.16545088410159,0.684298987044263,1.28571338211153
499,0.165774757679289,1.16577475767929,0.684042349890052,1.28569492876588
500,0.166098432087355,1.16609843208736,0.683785391745161,1.28567644998465
501,0.166421906299546,1.16642190629955,0.68352811204132,1.285657945824
502,0.166745179276624,1.16674517927662,0.683270510216525,1.28563941634108
503,0.167068249966404,1.1670682499664,0.683012585714552,1.28562086159392
504,0.167391117303199,1.1673911173032,0.682754337985839,1.28560228164156
505,0.167713780207887,1.16771378020789,0.68249576648725,1.285583676544
506,0.168036237587361,1.16803623758736,0.682236870682572,1.28556504636224
507,0.168358488334482,1.16835848833448,0.681977650042775,1.28554639115831
508,0.168680531327708,1.16868053132771,0.681718104046299,1.2855277109953
509,0.169002365430922,1.16900236543092,0.681458232179114,1.28550900593732
510,0.169323989492931,1.16932398949293,0.681198033935465,1.2854902760496
511,0.169645402347499,1.1696454023475,0.680937508817615,1.28547152139848
512,0.169966602812762,1.16996660281276,0.680676656336635,1.2854527420514
513,0.170287589691148,1.17028758969115,0.680415476012507,1.285433938077
514,0.170608361768907,1.17060836176891,0.680153967374297,1.28541510954504
515,0.170928917815885,1.17092891781589,0.679892129960955,1.28539625652653
516,0.171249256585149,1.17124925658515,0.679629963321138,1.2853773790937
517,0.17156937681276,1.17156937681276,0.67936746701403,1.28535847732003
518,0.171889277217252,1.17188927721725,0.679104640609259,1.28533955128026
519,0.172208956499478,1.17220895649948,0.678841483687717,1.28532060105045
520,0.172528413342164,1.17252841334216,0.678577995841672,1.28530162670802
521,0.172847646409501,1.1728476464095,0.678314176675234,1.28528262833171
522,0.173166654346856,1.17316665434686,0.678050025804752,1.28526360600167
523,0.17348543578027,1.17348543578027,0.677785542859551,1.28524455979949
524,0.17380398931628,1.17380398931628,0.677520727481766,1.28522548980819
525,0.17412231354123,1.17412231354123,0.677255579327411,1.2852063961123
526,0.174440407021126,1.17444040702113,0.676990098066347,1.28518727879782
527,0.174758268300961,1.17475826830096,0.676724283383347,1.28516813795235
528,0.17507589590452,1.17507589590452,0.676458134977966,1.28514897366508
529,0.175393288333727,1.17539328833373,0.676191652565453,1.28512978602676
530,0.175710444068337,1.17571044406834,0.675924835877265,1.28511057512986
531,0.17602736156533,1.17602736156533,0.675657684661455,1.28509134106851
532,0.17634403925854,1.17634403925854,0.675390198683356,1.28507208393859
533,0.176660475558117,1.17666047555812,0.675122377726137,1.28505280383773
534,0.176976668849978,1.17697666884998,0.67485422159144,1.28503350086539
535,0.177292617495313,1.17729261749531,0.674585730099905,1.28501417512288
536,0.177608319830005,1.17760831983,0.674316903091945,1.28499482671339
537,0.177923774164239,1.17792377416424,0.674047740428304,1.28497545574205
538,0.17823897878165,1.17823897878165,0.673778241990885,1.28495606231602
539,0.178553931938958,1.17855393193896,0.673508407683197,1.28493664654442
540,0.1788686318653,1.1788686318653,0.673238237431425,1.2849172085385
541,0.179183076761618,1.17918307676162,0.672967731184887,1.2848977484116
542,0.179497264799946,1.17949726479995,0.672696888916978,1.2848782662793
543,0.179811194122866,1.17981119412287,0.672425710625939,1.28485876225931
544,0.180124862842798,1.1801248628428,0.672154196335606,1.2848392364717
545,0.180438269041266,1.18043826904127,0.671882346096387,1.28481968903886
546,0.180751410768184,1.18075141076818,0.671610159986037,1.28480012008555
547,0.18106428604122,1.18106428604122,0.671337638110782,1.28478052973901
548,0.181376892844898,1.1813768928449,0.671064780605996,1.28476091812898
549,0.181689229129906,1.18168922912991,0.670791587637247,1.28474128538778
550,0.182001292812281,1.18200129281228,0.67051805940142,1.28472163165034
551,0.182313081772597,1.1823130817726,0.670244196127747,1.28470195705434
552,0.182624593855094,1.18262459385509,0.669969998078584,1.28468226174016
553,0.18293582686675,1.18293582686675,0.669695465551112,1.28466254585111
554,0.183246778576533,1.18324677857653,0.669420598877749,1.28464280953333
555,0.183557446714273,1.18355744671427,0.669145398427989,1.28462305293596
556,0.18386782896983,1.18386782896983,0.668869864609312,1.28460327621125
557,0.184177922992121,1.18417792299212,0.668593997868497,1.28458347951454
558,0.184487726388052,1.18448772638805,0.668317798692883,1.28456366300441
559,0.184797236721438,1.18479723672144,0.668041267611759,1.28454382684272
560,0.185106451511959,1.18510645151196,0.667764405198042,1.28452397119476
561,0.185415368234082,1.18541536823408,0.667487212069161,1.28450409622925
562,0.185723984315828,1.18572398431583,0.667209688889079,1.28448420211853
563,0.186032297137709,1.18603229713771,0.6669318363696,1.28446428903855
564,0.186340304031301,1.1863403040313,0.666653655272061,1.28444435716908
565,0.18664800227813,1.18664800227813,0.666375146409034,1.28442440669372
566,0.186955389108381,1.18695538910838,0.666096310645816,1.28440443780005
567,0.18726246169947,1.18726246169947,0.66581714890254,1.2843844506797
568,0.18756921717459,1.18756921717459,0.665537662155893,1.28436444552853
569,0.187875652601504,1.1878756526015,0.665257851440844,1.28434442254665
570,0.188181764990774,1.18818176499077,0.664977717852998,1.28432438193863
571,0.188487551294416,1.18848755129442,0.664697262550442,1.2843043239136
572,0.188793008404253,1.18879300840425,0.664416486755678,1.28428424868529
573,0.189098133150223,1.18909813315022,0.664135391758346,1.28426415647232
574,0.189402922298754,1.18940292229875,0.663853978916973,1.28424404749817
575,0.189707372550992,1.18970737255099,0.663572249661822,1.28422392199144
576,0.190011480540976,1.19001148054098,0.663290205496717,1.28420378018594
577,0.190315242833611,1.19031524283361,0.663007848002593,1.2841836223209
578,0.190618655923054,1.19061865592305,0.66272517883896,1.28416344864099
579,0.190921716230324,1.19092171623032,0.662442199747653,1.28414325939666
580,0.191224420101511,1.19122442010151,0.662158912554946,1.28412305484419
581,0.191526763805449,1.19152676380545,0.661875319175094,1.28410283524586
582,0.191828743531496,1.1918287435315,0.661591421612959,1.28408260087023
583,0.192130355387251,1.19213035538725,0.661307221967442,1.28406235199218
584,0.192431595396134,1.19243159539613,0.661022722434673,1.28404208889326
585,0.192732459494958,1.19273245949496,0.660737925311515,1.28402181186176
586,0.193032943531214,1.19303294353121,0.660452832998987,1.28400152119298
587,0.193333043260427,1.19333304326043,0.660167448006408,1.28398121718946
588,0.193632754343593,1.19363275434359,0.659881772954527,1.28396090016113
589,0.193932072343958,1.19393207234396,0.659595810580007,1.28394057042562
590,0.194230992724203,1.1942309927242,0.659309563739747,1.2839202283085
591,0.194529510843389,1.19452951084339,0.659023035414593,1.28389987414342
592,0.194827621953632,1.19482762195363,0.658736228714509,1.28387950827253
593,0.195125321196844,1.19512532119684,0.658449146882677,1.28385913104663
594,0.195422603601115,1.19542260360112,0.658161793300699,1.28383874282547
595,0.19571946407724,1.19571946407724,0.657874171493758,1.28381834397813
596,0.196015897414999,1.196015897415,0.65758628513531,1.28379793488316
597,0.196311898279038,1.19631189827904,0.657298138053296,1.28377751592905
598,0.196607461205041,1.19660746120504,0.657009734235318,1.28375708751446
599,0.196902580595407,1.19690258059541,0.656721077834866,1.28373665004865
600,0.197197250714847,1.19719725071485,0.656432173177365,1.2837162039517
601,0.197491465685878,1.19749146568588,0.656143024766729,1.28369574965501
602,0.197785219483982,1.19778521948398,0.655853637291833,1.28367528760161
603,0.198078505932799,1.1980785059328,0.655564015633873,1.28365481824658
604,0.198371318698731,1.19837131869873,0.655274164873695,1.2836343420575
605,0.198663651285944,1.19866365128594,0.654984090298498,1.28361385951477
606,0.198955497030362,1.19895549703036,0.654693797411373,1.28359337111223
607,0.199246849094105,1.1992468490941,0.654403291938239,1.28357287735752
608,0.199537700459367,1.19953770045937,0.654112579836947,1.28355237877255
609,0.199828043921991,1.19982804392199,0.653821667306389,1.28353187589411
610,0.200117872084947,1.20011787208495,0.653530560795852,1.28351136927432
611,0.200407177351337,1.20040717735134,0.653239267015036,1.28349085948129
612,0.200695951917363,1.20069595191736,0.652947792943657,1.28347034709954
613,0.20098418776457,1.20098418776457,0.652656145843235,1.28344983273074
614,0.20127187665219,1.20127187665219,0.652364333267444,1.28342931699435
615,0.201559010108886,1.20155901010889,0.652072363074188,1.2834088005282
616,0.201845579424109,1.20184557942411,0.651780243437989,1.28338828398925
617,0.202131575639226,1.20213157563923,0.651487982862502,1.2833677680543
618,0.202416989538123,1.20241698953812,0.651195590194235,1.28334725342075
619,0.20270181163733,1.20270181163733,0.650903074636404,1.28332674080738
620,0.202986032176003,1.202986032176,0.650610445763669,1.28330623095518
621,0.203269641104874,1.20326964110487,0.650317713537682,1.2832857246283
622,0.203552628075251,1.20355262807525,0.650024888323087,1.28326522261483
623,0.203834982427176,1.20383498242718,0.649731980904287,1.28324472572789
624,0.204116693177124,1.20411669317712,0.649439002503352,1.28322423480648
625,0.204397749005099,1.2043977490051,0.649145964798585,1.28320375071672
626,0.204678138241031,1.20467813824103,0.648852879943784,1.28318327435276
627,0.204678138241031,1.20467813824103,0.648873759636684,1.28324381072578
628,0.204957871499844,1.20495787149984,0.648580658590814,1.2832233432828
629,0.2052369138419,1.2052369138419,0.648287536151732,1.28320288543177
630,0.205515252466167,1.20551525246617,0.647994406016621,1.28318243815698
631,0.20579287415837,1.20579287415837,0.647701282448289,1.28316200247677
632,0.206069765276227,1.20606976527623,0.647408180297641,1.28314157944394
633,0.206345911731275,1.20634591173128,0.647115115028977,1.28312117014723
634,0.206621298970089,1.20662129897009,0.646822102748121,1.28310077571296
635,0.206895911954274,1.20689591195427,0.646529160230068,1.28308039730641
636,0.207169735139473,1.20716973513947,0.6462363049502,1.28306003613379
637,0.207442752453523,1.20744275245352,0.645943555114976,1.28303969344392
638,0.207714947273113,1.20771494727311,0.645650929696025,1.2830193705301
639,0.207986302399615,1.20798630239962,0.645358448464833,1.28299906873216
640,0.208256800033384,1.20825680003338,0.645066132029364,1.28297878943852
641,0.208526421746796,1.2085264217468,0.644774001873497,1.28295853408839
642,0.208795148455802,1.2087951484558,0.64448208039745,1.28293830417415
643,0.209062960390135,1.20906296039013,0.644190390960819,1.28291810124373
644,0.20932983706182,1.20932983706182,0.643898957927871,1.28289792690319
645,0.209595757231802,1.2095957572318,0.643607806715629,1.28287778281953
646,0.209860698875241,1.20986069887524,0.643316963843571,1.28285767072345
647,0.210124639144439,1.21012463914444,0.643026456987164,1.28283759241247
648,0.210387554330057,1.21038755433006,0.64273631503343,1.28281754975401
649,0.210649419820111,1.21064941982011,0.642446568139773,1.2827975446889
650,0.210910210056753,1.21091021005675,0.642157247796478,1.28277757923481
651,0.211169898490598,1.2111698984906,0.641868386891708,1.28275765549005
652,0.211428457532679,1.21142845753268,0.641580019780988,1.28273777563759
653,0.211685858503572,1.21168585850357,0.641292182359687,1.28271794194912
654,0.211942071579928,1.21194207157993,0.641004912140238,1.28269815678957
655,0.212197065737784,1.21219706573778,0.640718248333166,1.28267842262177
656,0.212450808693032,1.21245080869303,0.640432231932131,1.28265874201127
657,0.2127032668382,1.2127032668382,0.640146905804928,1.28263911763171
658,0.212954405176229,1.21295440517623,0.639862314788111,1.28261955227019
659,0.213204187250092,1.21320418725009,0.639578505787722,1.28260004883314
660,0.213452575068885,1.21345257506888,0.639295527884714,1.28258061035238
661,0.213699529029745,1.21369952902974,0.639013432447596,1.28256123999176
662,0.21394500783545,1.21394500783545,0.638732273248521,1.28254194105377
663,0.214188968407552,1.21418896840755,0.638452106589001,1.28252271698693
664,0.214431365795003,1.214431365795,0.638172991429215,1.28250357139333
665,0.214672153077574,1.21467215307757,0.637894989526553,1.28248450803666
666,0.214911281264591,1.21491128126459,0.637618165579524,1.2824655308507
667,0.215148699187939,1.21514869918794,0.637342587380217,1.28244664394821
668,0.21538435339009,1.21538435339009,0.637068325974297,1.2824278516303
669,0.215618188005931,1.21561818800593,0.636795455828609,1.28240915839631
670,0.215850144639442,1.21585014463944,0.636524055007149,1.28239056895423
671,0.216080162233902,1.2160801622339,0.63625420535525,1.28237208823152
672,0.216308176936575,1.21630817693658,0.635985992692136,1.28235372138651
673,0.216534121957035,1.21653412195704,0.635719507011929,1.28233547382037
674,0.216757927419656,1.21675792741966,0.635454842693203,1.28231735118958
675,0.216979520210371,1.21697952021037,0.635192098716284,1.28229935941888
676,0.21719882381749,1.21719882381749,0.63493137888909,1.28228150471483
677,0.217415758167266,1.21741575816727,0.634672792079849,1.28226379357974
678,0.217630239454486,1.21763023945449,0.634416452457572,1.28224623282627
679,0.21784217996877,1.21784217996877,0.634162479737399,1.28222882959218
680,0.218051487917138,1.21805148791714,0.633910999431787,1.2822115913557
681,0.218258067244168,1.21825806724417,0.633662143105188,1.28219452595102
682,0.21846181745059,1.21846181745059,0.63341604862987,1.28217764158414
683,0.21866263341248,1.21866263341248,0.63317286044193,1.28216094684857
684,0.218860405202159,1.21886040520216,0.632932729793828,1.28214445074124
685,0.219055017913777,1.21905501791378,0.632695815000969,1.28212816267792
686,0.219246351495975,1.21924635149597,0.632462281677554,1.2821120925083
687,0.219434280594951,1.21943428059495,0.632232302958652,1.28209625053039
688,0.219618674411797,1.2196186744118,0.632006059700735,1.28208064750368
689,0.219799396578488,1.21979939657849,0.631783740657635,1.28206529466121
690,0.219976305057502,1.2199763050575,0.631565542621901,1.28205020371963
691,0.220149252071452,1.22014925207145,0.631351670524929,1.28203538688704
692,0.220318084068554,1.22031808406855,0.631142337486411,1.28202085686805
693,0.220482641731964,1.22048264173196,0.630937764802389,1.28200662686542
694,0.220642760040998,1.220642760041,0.630738181860841,1.28199271057753
695,0.220798268392898,1.2207982683929,0.630543825972583,1.28197912219114
696,0.220948990795464,1.22094899079546,0.63035494210293,1.28196587636837
697,0.221094746139724,1.22109474613972,0.630171782491559,1.28195298822725
698,0.221235348564246,1.22123534856425,0.629994606144654,1.28194047331494
699,0.221370607920796,1.2213706079208,0.629823678185392,1.28192834757247
700,0.221500330352527,1.22150033035253,0.629659269047136,1.28191662729047
701,0.221624318993495,1.22162431899349,0.629501653497804,1.28190532905471
702,0.2217423747988,1.2217423747988,0.629351109481848,1.28189446968088
703,0.221854297511283,1.22185429751128,0.629207916771639,1.28188406613795
704,0.221959886768778,1.22195988676878,0.629072355422743,1.28187413545954
705,0.222058943352875,1.22205894335288,0.628944704032156,1.28186469464353
706,0.222151270575109,1.22215127057511,0.62882523780388,1.28185576053952
707,0.222236675792536,1.22223667579254,0.628714226434908,1.2818473497253
708,0.222314972038248,1.22231497203825,0.628611931839803,1.28183947837298
709,0.222385979746868,1.22238597974687,0.628518605742209,1.28183216210646
710,0.222449528548782,1.22244952854878,0.628434487169886,1.2818254158522
711,0.222505459100238,1.22250545910024,0.628359799898781,1.28181925368613
712,0.222553624911015,1.22255362491102,0.628294749898702,1.28181368867946
713,0.222593894127163,1.22259389412716,0.628239522840431,1.28180873274703
714,0.222626151221966,1.22262615122197,0.628194281729167,1.28180439650221
715,0.222650298547969,1.22265029854797,0.628159164728664,1.28180068912181
716,0.22266625770297,1.22266625770297,0.628134283243987,1.2817976182256
717,0.222673970666318,1.22267397066632,0.627439327611115,1.28179518977355
718,0.222674742016815,1.22267474201681,0.626896709023845,1.2817943421828
