gen_row,bus,bus_name,status,PG,QG,MBASE,Smax,gen_type_code,gen_type,enforce,classification_rule
1,102,FUTAHI01    ,1,110,-3.06269393,140,140,1,hydraulic,1,known_hydro_bus_name
2,104,FUTAHI02    ,1,110,-3.06269393,140,140,1,hydraulic,1,known_hydro_bus_name
3,106,FUTAHI03    ,1,110,-3.06269393,140,140,1,hydraulic,1,known_hydro_bus_name
4,108,FUTAHI04    ,1,110,-3.06269393,140,140,1,hydraulic,1,known_hydro_bus_name
5,190,ALTG09CC    ,1,150,67.0777766,184.5,184.5,2,thermal,1,default_physical_thermal
6,191,ALTG10CC    ,1,150,67.0777766,184.5,184.5,2,thermal,1,default_physical_thermal
7,192,ALTV11CC    ,1,140,67.0866531,190.8,190.8,2,thermal,1,default_physical_thermal
8,201,AL-FIAT1    ,1,0,0,39.5,39.5,2,thermal,1,default_physical_thermal
9,202,AL-FIAT2    ,1,0,0,39.5,39.5,2,thermal,1,default_physical_thermal
10,203,AL-FIAT3    ,1,0,0,39.5,39.5,2,thermal,1,default_physical_thermal
11,204,AL-FIAT4    ,1,0,0,39.5,39.5,2,thermal,1,default_physical_thermal
12,205,ALUATG05    ,1,0,0,45.4,45.4,2,thermal,1,default_physical_thermal
13,206,ALUATG06    ,1,0,0,45.4,45.4,2,thermal,1,default_physical_thermal
14,207,ALUATG07    ,0,0,0,48.24,48.24,2,thermal,1,default_physical_thermal
15,208,ALUATG08    ,0,0,0,48.2,48.2,2,thermal,1,default_physical_thermal
16,209,ALUATV01    ,0,0,0,50.35,50.35,2,thermal,1,default_physical_thermal
17,219,AEG         ,0,0,0,31.5,31.5,2,thermal,1,default_physical_thermal
18,219,AEG         ,0,0,0,31.5,31.5,2,thermal,1,default_physical_thermal
19,242,TREW13.2    ,0,0,0,0.543,0.543,2,thermal,1,default_physical_thermal
20,242,TREW13.2    ,0,0,0,0.815,0.815,2,thermal,1,default_physical_thermal
21,242,TREW13.2    ,0,0,0,1.087,1.087,2,thermal,1,default_physical_thermal
22,242,TREW13.2    ,0,0,0,12.19,12.19,2,thermal,1,default_physical_thermal
23,251,AMEGHI01    ,1,10,2.84205128,29.2,29.2,1,hydraulic,1,known_hydro_bus_name
24,252,AMEGHI02    ,1,0,0,29.2,29.2,1,hydraulic,1,known_hydro_bus_name
25,406,CRIVTG26    ,0,0,0,32.25,32.25,2,thermal,1,default_physical_thermal
26,406,CRIVTG26    ,0,0,0,22,22,2,thermal,1,default_physical_thermal
27,409,CRIVTG21    ,0,0,0,22.5,22.5,2,thermal,1,default_physical_thermal
28,410,C.RIV.A1    ,0,0,0,0.814,0.814,2,thermal,1,default_physical_thermal
29,410,C.RIV.A1    ,0,0,0,1.22,1.22,2,thermal,1,default_physical_thermal
30,410,C.RIV.A1    ,0,0,0,1.627,1.627,2,thermal,1,default_physical_thermal
31,410,C.RIV.A1    ,0,0,0,28,28,2,thermal,1,default_physical_thermal
32,420,C.RIV.A1    ,0,0,0,1.201,1.201,2,thermal,1,default_physical_thermal
33,420,C.RIV.A1    ,0,0,0,1.801,1.801,2,thermal,1,default_physical_thermal
34,420,C.RIV.A1    ,0,0,0,2.402,2.402,2,thermal,1,default_physical_thermal
35,420,C.RIV.A1    ,0,0,0,34.73,34.73,2,thermal,1,default_physical_thermal
36,422,CRIVTG23    ,0,0,0,26.15,26.15,2,thermal,1,default_physical_thermal
37,437,CRIVTG78    ,0,0,0,30.4,30.4,2,thermal,1,default_physical_thermal
38,437,CRIVTG78    ,0,0,0,30.4,30.4,2,thermal,1,default_physical_thermal
39,438,CRIVTV25    ,0,0,0,28,28,2,thermal,1,default_physical_thermal
40,440,VHERM132    ,0,0,0,0.596,0.596,2,thermal,1,default_physical_thermal
41,440,VHERM132    ,0,0,0,0.894,0.894,2,thermal,1,default_physical_thermal
42,440,VHERM132    ,0,0,0,1.192,1.192,2,thermal,1,default_physical_thermal
43,440,VHERM132    ,0,0,0,20.7,20.7,2,thermal,1,default_physical_thermal
44,442,CNEGR132    ,0,0,0,0.164,0.164,2,thermal,1,default_physical_thermal
45,442,CNEGR132    ,0,0,0,0.246,0.246,2,thermal,1,default_physical_thermal
46,442,CNEGR132    ,0,0,0,0.327,0.327,2,thermal,1,default_physical_thermal
47,442,CNEGR132    ,0,0,0,6.32,6.32,2,thermal,1,default_physical_thermal
48,444,PAMCA132    ,0,0,0,0.555,0.555,2,thermal,1,default_physical_thermal
49,444,PAMCA132    ,0,0,0,0.832,0.832,2,thermal,1,default_physical_thermal
50,444,PAMCA132    ,0,0,0,1.109,1.109,2,thermal,1,default_physical_thermal
51,444,PAMCA132    ,0,0,0,13.1,13.1,2,thermal,1,default_physical_thermal
52,445,TORDI132    ,0,0,0,0.44,0.44,2,thermal,1,default_physical_thermal
53,445,TORDI132    ,0,0,0,0.66,0.66,2,thermal,1,default_physical_thermal
54,445,TORDI132    ,0,0,0,0.88,0.88,2,thermal,1,default_physical_thermal
55,445,TORDI132    ,0,0,0,9.02,9.02,2,thermal,1,default_physical_thermal
56,447,LPER2132    ,0,0,0,1.214,1.214,2,thermal,1,default_physical_thermal
57,447,LPER2132    ,0,0,0,1.821,1.821,2,thermal,1,default_physical_thermal
58,447,LPER2132    ,0,0,0,2.428,2.428,2,thermal,1,default_physical_thermal
59,447,LPER2132    ,0,0,0,24.882,24.882,2,thermal,1,default_physical_thermal
60,448,LASHE132    ,0,0,0,0.885,0.885,2,thermal,1,default_physical_thermal
61,448,LASHE132    ,0,0,0,1.327,1.327,2,thermal,1,default_physical_thermal
62,448,LASHE132    ,0,0,0,20,20,2,thermal,1,default_physical_thermal
63,448,LASHE132    ,0,0,0,31.5,31.5,2,thermal,1,default_physical_thermal
64,450,BSM132R     ,0,0,0,0.232,0.232,2,thermal,1,default_physical_thermal
65,450,BSM132R     ,0,0,0,0.348,0.348,2,thermal,1,default_physical_thermal
66,450,BSM132R     ,0,0,0,0.464,0.464,2,thermal,1,default_physical_thermal
67,450,BSM132R     ,0,0,0,5.75,5.75,2,thermal,1,default_physical_thermal
68,453,DIADEO01    ,1,3.5,1.34332215,6.3,6.3,3,wind,1,bus_name_contains_EO
69,459,PT1-132R    ,0,0,0,0.38,0.38,2,thermal,1,default_physical_thermal
70,459,PT1-132R    ,0,0,0,0.571,0.571,2,thermal,1,default_physical_thermal
71,459,PT1-132R    ,0,0,0,0.761,0.761,2,thermal,1,default_physical_thermal
72,459,PT1-132R    ,0,0,0,7.797,7.797,2,thermal,1,default_physical_thermal
73,463,PTRUN35R    ,0,0,0,1.688,1.688,2,thermal,1,default_physical_thermal
74,463,PTRUN35R    ,0,0,0,2.531,2.531,2,thermal,1,default_physical_thermal
75,463,PTRUN35R    ,0,0,0,3.375,3.375,2,thermal,1,default_physical_thermal
76,463,PTRUN35R    ,0,0,0,34.595,34.595,2,thermal,1,default_physical_thermal
77,464,PTR1TG24    ,0,0,0,21,21,2,thermal,1,default_physical_thermal
78,466,PTR1TG25    ,0,0,0,22.5,22.5,2,thermal,1,default_physical_thermal
79,468,PTR1TG23    ,0,0,0,22,22,2,thermal,1,default_physical_thermal
80,476,HUEMDI01    ,1,0,0,34.5,34.5,2,thermal,1,default_physical_thermal
81,478,MESEDI01    ,1,10,-0.811457409,15.75,15.75,2,thermal,1,default_physical_thermal
82,491,PATATG01    ,1,30,15.31716,45.4,45.4,2,thermal,1,default_physical_thermal
83,492,PATATG02    ,0,0,0,45.4,45.4,2,thermal,1,default_physical_thermal
84,493,PATATV01    ,1,20,29.9529641,84.2,84.2,2,thermal,1,default_physical_thermal
85,523,RTURTV01    ,1,0,0,145,145,2,thermal,1,default_physical_thermal
86,525,RTURTV02    ,1,0,0,145,145,2,thermal,1,default_physical_thermal
87,536,MBE2DI01    ,1,8.5,3.93233494,14.7,14.7,2,thermal,1,default_physical_thermal
88,536,MBE2DI01    ,1,8.5,3.93233494,14.7,14.7,2,thermal,1,default_physical_thermal
89,536,MBE2DI01    ,0,0,0,14.7,14.7,2,thermal,1,default_physical_thermal
90,601,CHN3EO01    ,1,19,-9.57365799,57.6,57.6,3,wind,1,bus_name_contains_EO
91,602,MAL1EO01    ,1,34,-4.25751159,50.4,50.4,3,wind,1,bus_name_contains_EO
92,603,KKAIEO01    ,0,0,0,27.3,27.3,3,wind,1,bus_name_contains_EO
93,604,LEONEO01    ,1,120,2.82968399,136.3,136.3,3,wind,1,bus_name_contains_EO
94,605,LOM6EO01    ,1,22,-0.511864643,50.4,50.4,3,wind,1,bus_name_contains_EO
95,607,MANBDI01    ,1,8.4,2.19622645,10.5,10.5,2,thermal,1,default_physical_thermal
96,608,CHN4EO01    ,1,63,-25.3159809,84,84,3,wind,1,bus_name_contains_EO
97,609,CHN2EO01    ,1,19,-6.20453676,28.8,28.8,3,wind,1,bus_name_contains_EO
98,618,MANBDI02    ,1,16.98,3.47302454,21.6,21.6,2,thermal,1,default_physical_thermal
99,619,MBE2DI02    ,1,8.5,3.93233494,14.7,14.7,2,thermal,1,default_physical_thermal
100,619,MBE2DI02    ,0,0,0,14.7,14.7,2,thermal,1,default_physical_thermal
101,620,RESCHI02    ,1,4,-1.25717677,6.1,6.1,2,thermal,1,default_physical_thermal
102,621,FLECEO01    ,0,0,0,78,78,3,wind,1,bus_name_contains_EO
103,622,FLECEO02    ,0,0,0,78,78,3,wind,1,bus_name_contains_EO
104,623,FLECEO03    ,0,0,0,78,78,3,wind,1,bus_name_contains_EO
105,624,FLECEO04    ,0,0,0,78,78,3,wind,1,bus_name_contains_EO
106,650,GARAEO01    ,1,18,0.0142918226,25.2,25.2,3,wind,1,bus_name_contains_EO
107,651,CHNOEO01    ,1,16,-4.11876793,28.8,28.8,3,wind,1,bus_name_contains_EO
108,652,LHEREO01    ,1,50,-9.39049003,97.2,97.2,3,wind,1,bus_name_contains_EO
109,654,BICEEO01    ,1,50,-1.09520877,100.8,100.8,3,wind,1,bus_name_contains_EO
110,656,ALU1EO01    ,1,38.6,3.34953528,77.4,77.4,3,wind,1,bus_name_contains_EO
111,657,ALUAEO02    ,1,42,3.09155824,100,100,3,wind,1,bus_name_contains_EO
112,658,BIC2EO01    ,1,11,-6.43800816,25.2,25.2,3,wind,1,bus_name_contains_EO
113,659,DIA2EO01    ,1,14,7.31270628,29.4,29.4,3,wind,1,bus_name_contains_EO
114,661,YPFATG01    ,1,30,9.22104997,45,45,2,thermal,1,default_physical_thermal
115,662,YPFATG02    ,1,30,9.22104997,45,45,2,thermal,1,default_physical_thermal
116,663,RESCHI01    ,1,5,-2.61262484,9,9,2,thermal,1,default_physical_thermal
117,664,KOSTEO01    ,1,16,9.6706636,25.2,25.2,3,wind,1,bus_name_contains_EO
118,665,ALUAEO01    ,1,43,1.79939954,86.7,86.7,3,wind,1,bus_name_contains_EO
119,670,RCHITG01    ,1,0,0,21.88,21.88,2,thermal,1,default_physical_thermal
120,671,RCHITG02    ,1,0,0,21.88,21.88,2,thermal,1,default_physical_thermal
121,673,RCHITG03    ,0,0,0,12.5,12.5,2,thermal,1,default_physical_thermal
122,674,RCHITG04    ,0,0,0,12.5,12.5,2,thermal,1,default_physical_thermal
123,675,RAW1EO      ,1,45,3.5,86.05,86.05,3,wind,1,bus_name_contains_EO
124,676,RAW3EO01    ,1,16,4.98,26.21,26.21,3,wind,1,bus_name_contains_EO
125,679,PMA1EO01    ,1,35.5,-1.41825405,72.3,72.3,3,wind,1,bus_name_contains_EO
126,680,PMA2EO01    ,1,75,-18.123592,152.8,152.8,3,wind,1,bus_name_contains_EO
127,684,LOM1EO01    ,1,20,-4.7167918,52.5,52.5,3,wind,1,bus_name_contains_EO
128,685,LOM3EO01    ,1,20,-3.33454237,52.5,52.5,3,wind,1,bus_name_contains_EO
129,686,LOM2EO01    ,1,22,-3.78258598,52.5,52.5,3,wind,1,bus_name_contains_EO
130,687,LBLAEO04    ,1,22,-6.23352738,51,51,3,wind,1,bus_name_contains_EO
131,688,LOM6EO01    ,1,22,-0.168238463,50.4,50.4,3,wind,1,bus_name_contains_EO
132,691,MANAEO01    ,1,31,7.05478779,50.4,50.4,3,wind,1,bus_name_contains_EO
133,692,MANAEO01    ,1,31,7.05956337,50.4,50.4,3,wind,1,bus_name_contains_EO
134,901008,SADI_EQ_1008,1,-792.804725,124.783513,100,100,2,equivalent,0,sadi_boundary_equivalent_not_enforced
135,901226,SADI_EQ_1226,1,-4.83922744,-13.8885011,100,100,2,equivalent,0,sadi_boundary_equivalent_not_enforced
136,902206,SADI_EQ_2206,1,128.480025,-15.2968743,100,100,2,equivalent,0,sadi_boundary_equivalent_not_enforced
137,902208,SADI_EQ_2208,1,121.029243,-21.0548965,100,100,2,equivalent,0,sadi_boundary_equivalent_not_enforced
138,902222,SADI_EQ_2222,1,22.1921597,12.6176158,100,100,2,equivalent,0,sadi_boundary_equivalent_not_enforced
139,902302,SADI_EQ_2302,1,-34.0813291,-2.83652839,100,100,2,equivalent,0,sadi_boundary_equivalent_not_enforced
