scenario,converter,pcc,filter_bus,internal_bus,Ps,Qs,Pc,Qc,Pdc,Ploss,Us,Uf,Uc,delta_s,delta_f,delta_c,Is,Ic,I_surrogate,U_surrogate,Ptr,Qtr,Pr,Qr,Pf,Qf,I_ratio,I_surrogate_ratio,capability_margin_MVA,mode,reported_Ptr,reported_Pr,balance_error_MVA,Pcc_branch_error,Qcc_branch_error
"New dispatch base, lambda=0",1,2,8,9,-60.05118990602032,-42.129585273596895,-60,-40,58.67268792392714,1.327312076072854,1.0053467668496308,1.0053048630979668,0.9882894289198209,-2.473207364255596,-2.476611685860296,-3.8351499568758505,0.7296549310272962,0.7296549310265841,0.7172751520875523,0.989715377059798,0,0.005323963183724484,0.051189906011411,2.1242613103019226,0,0,0.48643662068438936,0.47818343472503483,78.69098951816483,3,0,0,1.122799262332037e-10,3.360867140145274e-12,2.8393287720973603e-11
"New dispatch base, lambda=0",2,3,10,11,20.777360026850193,1.349015512900208,20.777360026851003,1.51938829636175,-21.93193540610565,1.1545753792543125,1,1.000001349231362,1.000563482592238,-3.8800250339841345,-3.8788345805512834,-3.4124344894988043,0.20821107860519758,0.2082110786053177,0.20832840192362323,1.000630436866519,0,0.00043351853253939765,0,0.16993926475563997,0,0,0.13880738573687848,0.13888560128241548,129.16715980763766,2,0,0,1.7339414124137894e-10,6.02895511292445e-12,2.889577466191895e-11
"New dispatch base, lambda=0",3,5,12,13,34.99011732355634,4.496424128226748,35,5,-36.20223910241013,1.2022391024101338,0.9942590445545172,0.994263567564284,0.996443194442388,-4.192283867627121,-4.1902558722773104,-3.384874728671201,0.3548153999809531,0.3548153999798475,0.3555948447536479,0.9963705194934129,0,0.0012589396806364373,0.009882676492934445,0.5023169325708081,0,0,0.23654359998656502,0.23706322983576522,113.7835176238502,3,0,0,4.811757662123584e-10,1.8403056856186595e-12,7.185629868899923e-11
Local five-bus case,1,2,6,7,-60.051758599577084,-42.15324387189588,-60,-40,58.67101209219681,1.3289879078031908,1,0.999957848559311,0.9828450563503434,-2.384761530820754,-2.3882023881800114,-3.7615736432392413,0.7336967820445588,0.7336967820445668,0.7211102550927978,0.9842881881051414,0,0.005383109679825409,0.05175859957152242,2.1478607622503842,0,0,0.4891311880297112,0.4807401700618652,77.88897449072022,3,0,0,2.0693064985470062e-11,4.483524662646232e-12,6.365752369674738e-11
Local five-bus case,2,3,8,9,20.771704287143084,7.271287284956812,20.771704287155657,7.461631064837156,-21.92978194739652,1.1580776602869343,1,1.0000072715030153,1.002890839977845,-3.8962648705980865,-3.8950747482630312,-3.429886452310962,0.2200761953898906,0.22007619538934664,0.22071240045379953,1.002965642605358,0,0.00048433531777289303,0,0.1898594445660355,0,0,0.14671746359289775,0.147141600302533,127.92875995462005,2,0,0,6.886322621750238e-11,7.229772336359019e-12,6.235900684714579e-11
Local five-bus case,3,5,10,11,34.99003906590345,4.4924366451913915,35,5,-36.20274103401723,1.202741034017232,0.9903293891974991,0.9903339261332464,0.9925213829298488,-4.14358630434871,-4.14154218741788,-3.3297698882305573,0.3562174041219904,0.35621740413408887,0.35700585527384104,0.9924500354901226,0,0.001268908389994094,0.009960930862130261,0.5062944476420349,0,0,0.2374782694227259,0.238003903515894,113.19406932029749,3,0,0,2.0149172921665056e-09,7.382539024547441e-12,1.7742962654665462e-10
Historical batch 6 endpoint,1,2,8,9,-60.06339748737454,-42.63744097511633,-60,-40,58.637595949726006,1.362404050273997,0.907112246349426,0.9070652452766305,0.8880558774762957,-11.759584867685254,-11.763767338990665,-13.43946711065368,0.8120100022771862,0.8120100022776611,0.7949515156418924,0.8898623965950105,0,0.00659360243798196,0.0633974874412707,2.630847372757879,0,0,0.5413400015184407,0.5299676770945949,63.95581144313411,3,0,0,6.64571684328574e-11,2.4002133613976184e-11,9.755041219250415e-11
Historical batch 6 endpoint,2,3,10,11,19.996070536861758,132.19926813482945,19.996070536919728,140.09269161702318,-21.829163385108785,1.8330928481893862,0.9434191565879847,0.9435592846443202,0.9985241335088819,-15.532598439378676,-15.531311395333697,-15.054627355457669,1.4172172391088185,1.4172172391093016,1.4999966937218787,1.0018121819026964,0,0.020085047028272223,0,7.873338435088079,0,0,0.9448114927395345,0.9999977958145858,0.0003119206116730666,1,0,0,5.7339293585320244e-11,2.681588284758618e-11,6.613731784455013e-11
Historical batch 6 endpoint,3,5,12,13,34.97824116622388,3.8912696314918396,35,5,-36.27019278337189,1.2701927833718887,0.668476203005621,0.6684820261576979,0.6715402229430789,-35.57313768350731,-35.56865286456729,-33.79099106363189,0.5264813312912988,0.5264813312896872,0.5288945051500972,0.671795313770707,0,0.0027718259219825835,0.021758833487430067,1.10595854286428,0,0,0.35098755419312483,0.3525963367667314,64.91609139151578,3,0,0,3.6499531885812557e-10,1.3926637620897964e-11,1.1164136282104664e-10
