current_path,files,bytes,classification,proposed_destination
auditoria_psse_matpower/results/_debug_gen_cap,1,10920,ARCHIVE_CANDIDATE_UNREVIEWED,archive/experiments/auditoria_psse_matpower/results/_debug_gen_cap
auditoria_psse_matpower/results/_diagnostics_smoke_25bus_export,11,17488,ARCHIVE_CANDIDATE_UNREVIEWED,archive/experiments/auditoria_psse_matpower/results/_diagnostics_smoke_25bus_export
auditoria_psse_matpower/results/_diagnostics_smoke_nowindfix,37,12418067,ARCHIVE_CANDIDATE_UNREVIEWED,archive/experiments/auditoria_psse_matpower/results/_diagnostics_smoke_nowindfix
auditoria_psse_matpower/results/_diagnostics_smoke_nowindfix_fast,12,8728118,ARCHIVE_CANDIDATE_UNREVIEWED,archive/experiments/auditoria_psse_matpower/results/_diagnostics_smoke_nowindfix_fast
auditoria_psse_matpower/results/_diagnostics_smoke_nowindfix_final,26,10806482,ARCHIVE_CANDIDATE_UNREVIEWED,archive/experiments/auditoria_psse_matpower/results/_diagnostics_smoke_nowindfix_final
auditoria_psse_matpower/results/_diagnostics_smoke_public_fast,26,8767425,ARCHIVE_CANDIDATE_UNREVIEWED,archive/experiments/auditoria_psse_matpower/results/_diagnostics_smoke_public_fast
auditoria_psse_matpower/results/_diagnostics_smoke_vsc_export,18,14651,ARCHIVE_CANDIDATE_UNREVIEWED,archive/experiments/auditoria_psse_matpower/results/_diagnostics_smoke_vsc_export
auditoria_psse_matpower/results/_diagnostics_smoke_vsc_input,1,12586,ARCHIVE_CANDIDATE_UNREVIEWED,archive/experiments/auditoria_psse_matpower/results/_diagnostics_smoke_vsc_input
auditoria_psse_matpower/results/_tmp_redispatch_probe,1,10920,ARCHIVE_CANDIDATE_UNREVIEWED,archive/experiments/auditoria_psse_matpower/results/_tmp_redispatch_probe
auditoria_psse_matpower/results/beerten5_ac_only_no_actaps_no_swshnt_no_caps_nose_pv,9,8241016,ARCHIVE_CANDIDATE_UNREVIEWED,archive/experiments/auditoria_psse_matpower/results/beerten5_ac_only_no_actaps_no_swshnt_no_caps_nose_pv
auditoria_psse_matpower/results/beerten5_ac_only_no_hvdc_no_actaps_no_swshnt_no_devices_no_caps_nose_pv,9,7291643,ARCHIVE_CANDIDATE_UNREVIEWED,archive/experiments/auditoria_psse_matpower/results/beerten5_ac_only_no_hvdc_no_actaps_no_swshnt_no_devices_no_caps_nose_pv
auditoria_psse_matpower/results/beerten5_ac_only_no_hvdc_removed_ultc_swshunt_no_caps_full_pv,9,7339605,ARCHIVE_CANDIDATE_UNREVIEWED,archive/experiments/auditoria_psse_matpower/results/beerten5_ac_only_no_hvdc_removed_ultc_swshunt_no_caps_full_pv
auditoria_psse_matpower/results/beerten5_ac_only_no_hvdc_removed_ultc_swshunt_no_caps_nose_pv,9,7255156,ARCHIVE_CANDIDATE_UNREVIEWED,archive/experiments/auditoria_psse_matpower/results/beerten5_ac_only_no_hvdc_removed_ultc_swshunt_no_caps_nose_pv
auditoria_psse_matpower/results/control_order_experiments,11,182151,ARCHIVE_CANDIDATE_UNREVIEWED,archive/experiments/auditoria_psse_matpower/results/control_order_experiments
auditoria_psse_matpower/results/cpf_14bus_20260528,6,503841,ARCHIVE_CANDIDATE_UNREVIEWED,archive/experiments/auditoria_psse_matpower/results/cpf_14bus_20260528
auditoria_psse_matpower/results/cpf_25bus_genq_only,18,1733765,ARCHIVE_CANDIDATE_UNREVIEWED,archive/experiments/auditoria_psse_matpower/results/cpf_25bus_genq_only
auditoria_psse_matpower/results/cpf_25bus_genq_ultc_swshunt,13,1395273,ARCHIVE_CANDIDATE_UNREVIEWED,archive/experiments/auditoria_psse_matpower/results/cpf_25bus_genq_ultc_swshunt
auditoria_psse_matpower/results/cpf_large_raw_20260528,19,683137077,ARCHIVE_CANDIDATE_UNREVIEWED,archive/experiments/auditoria_psse_matpower/results/cpf_large_raw_20260528
auditoria_psse_matpower/results/gen_capability_smoke,1,10920,ARCHIVE_CANDIDATE_UNREVIEWED,archive/experiments/auditoria_psse_matpower/results/gen_capability_smoke
auditoria_psse_matpower/results/large_raw_control_ablation,8,15767,ARCHIVE_CANDIDATE_UNREVIEWED,archive/experiments/auditoria_psse_matpower/results/large_raw_control_ablation
auditoria_psse_matpower/results/multi_xfmr_settling,4,5861,ARCHIVE_CANDIDATE_UNREVIEWED,archive/experiments/auditoria_psse_matpower/results/multi_xfmr_settling
auditoria_psse_matpower/results/pdf_references,1,116113,ARCHIVE_CANDIDATE_UNREVIEWED,archive/experiments/auditoria_psse_matpower/results/pdf_references
auditoria_psse_matpower/results/psse_40bus_ablation_runner,15,628324,ARCHIVE_CANDIDATE_UNREVIEWED,archive/experiments/auditoria_psse_matpower/results/psse_40bus_ablation_runner
auditoria_psse_matpower/results/psse_40bus_control_order_shadow,7,799985,ARCHIVE_CANDIDATE_UNREVIEWED,archive/experiments/auditoria_psse_matpower/results/psse_40bus_control_order_shadow
auditoria_psse_matpower/results/psse_40bus_genq_architecture_design,1,26855,ARCHIVE_CANDIDATE_UNREVIEWED,archive/experiments/auditoria_psse_matpower/results/psse_40bus_genq_architecture_design
auditoria_psse_matpower/results/psse_40bus_genq_damped_shadow,19,842962,ARCHIVE_CANDIDATE_UNREVIEWED,archive/experiments/auditoria_psse_matpower/results/psse_40bus_genq_damped_shadow
auditoria_psse_matpower/results/psse_40bus_genq_handoff_frontier,281,15611989,ARCHIVE_CANDIDATE_UNREVIEWED,archive/experiments/auditoria_psse_matpower/results/psse_40bus_genq_handoff_frontier
auditoria_psse_matpower/results/psse_40bus_genq_pattern_ladder,29,893850,ARCHIVE_CANDIDATE_UNREVIEWED,archive/experiments/auditoria_psse_matpower/results/psse_40bus_genq_pattern_ladder
auditoria_psse_matpower/results/psse_40bus_genq_prepare_shadow,8,183973,ARCHIVE_CANDIDATE_UNREVIEWED,archive/experiments/auditoria_psse_matpower/results/psse_40bus_genq_prepare_shadow
auditoria_psse_matpower/results/psse_40bus_genq_q_support_sweep,53,2565963,ARCHIVE_CANDIDATE_UNREVIEWED,archive/experiments/auditoria_psse_matpower/results/psse_40bus_genq_q_support_sweep
auditoria_psse_matpower/results/psse_40bus_genq_trace_shadow,115,5480407,ARCHIVE_CANDIDATE_UNREVIEWED,archive/experiments/auditoria_psse_matpower/results/psse_40bus_genq_trace_shadow
auditoria_psse_matpower/results/psse_40bus_psse_final_restart,29,990002,ARCHIVE_CANDIDATE_UNREVIEWED,archive/experiments/auditoria_psse_matpower/results/psse_40bus_psse_final_restart
auditoria_psse_matpower/results/psse_40bus_runpf_wrapper_split,37,1051433,ARCHIVE_CANDIDATE_UNREVIEWED,archive/experiments/auditoria_psse_matpower/results/psse_40bus_runpf_wrapper_split
auditoria_psse_matpower/results/psse_40bus_solved_residual_probe,156,4329618,ARCHIVE_CANDIDATE_UNREVIEWED,archive/experiments/auditoria_psse_matpower/results/psse_40bus_solved_residual_probe
auditoria_psse_matpower/results/psse_cli_comparison,369,32478235,ARCHIVE_CANDIDATE_UNREVIEWED,archive/experiments/auditoria_psse_matpower/results/psse_cli_comparison
auditoria_psse_matpower/results/psse_cli_refresh,686,9773647,ARCHIVE_CANDIDATE_UNREVIEWED,archive/experiments/auditoria_psse_matpower/results/psse_cli_refresh
auditoria_psse_matpower/results/psse_cli_xplore_smoke_20260624_211946,5,101792,ARCHIVE_CANDIDATE_UNREVIEWED,archive/experiments/auditoria_psse_matpower/results/psse_cli_xplore_smoke_20260624_211946
auditoria_psse_matpower/results/psse_docs_text,3,3861418,ARCHIVE_CANDIDATE_UNREVIEWED,archive/experiments/auditoria_psse_matpower/results/psse_docs_text
auditoria_psse_matpower/results/psse_genq_augmented_shadow,5,39595,ARCHIVE_CANDIDATE_UNREVIEWED,archive/experiments/auditoria_psse_matpower/results/psse_genq_augmented_shadow
auditoria_psse_matpower/results/raw_base_500kv_20260528,3,13601,ARCHIVE_CANDIDATE_UNREVIEWED,archive/experiments/auditoria_psse_matpower/results/raw_base_500kv_20260528
auditoria_psse_matpower/results/regular_cpf_transpa_reduced_all_pv,14,17170029,ARCHIVE_CANDIDATE_UNREVIEWED,archive/experiments/auditoria_psse_matpower/results/regular_cpf_transpa_reduced_all_pv
auditoria_psse_matpower/results/runcpf_psse_14bus_pv,3,271321,ARCHIVE_CANDIDATE_UNREVIEWED,archive/experiments/auditoria_psse_matpower/results/runcpf_psse_14bus_pv
auditoria_psse_matpower/results/runcpf_psse_pv_500kv,15,29771483,ARCHIVE_CANDIDATE_UNREVIEWED,archive/experiments/auditoria_psse_matpower/results/runcpf_psse_pv_500kv
auditoria_psse_matpower/results/runcpf_psse_transpa_all_controls_fixcheck,1,10920,ARCHIVE_CANDIDATE_UNREVIEWED,archive/experiments/auditoria_psse_matpower/results/runcpf_psse_transpa_all_controls_fixcheck
auditoria_psse_matpower/results/runcpf_psse_transpa_all_controls_fixcheck2,22,81493423,ARCHIVE_CANDIDATE_UNREVIEWED,archive/experiments/auditoria_psse_matpower/results/runcpf_psse_transpa_all_controls_fixcheck2
auditoria_psse_matpower/results/runcpf_psse_transpa_all_controls_pq_split_plots,29,70092218,ARCHIVE_CANDIDATE_UNREVIEWED,archive/experiments/auditoria_psse_matpower/results/runcpf_psse_transpa_all_controls_pq_split_plots
auditoria_psse_matpower/results/runcpf_psse_transpa_all_controls_pq_split_settled_plots,25,6952316,ARCHIVE_CANDIDATE_UNREVIEWED,archive/experiments/auditoria_psse_matpower/results/runcpf_psse_transpa_all_controls_pq_split_settled_plots
auditoria_psse_matpower/results/runcpf_psse_transpa_control_pv,26,100467828,ARCHIVE_CANDIDATE_UNREVIEWED,archive/experiments/auditoria_psse_matpower/results/runcpf_psse_transpa_control_pv
auditoria_psse_matpower/results/runcpf_psse_transpa_gen_voltage_controlled_pv,8,2868076,ARCHIVE_CANDIDATE_UNREVIEWED,archive/experiments/auditoria_psse_matpower/results/runcpf_psse_transpa_gen_voltage_controlled_pv
auditoria_psse_matpower/results/runcpf_psse_transpa_genq_ultc_swshunt,106,18534707,ARCHIVE_CANDIDATE_UNREVIEWED,archive/experiments/auditoria_psse_matpower/results/runcpf_psse_transpa_genq_ultc_swshunt
auditoria_psse_matpower/results/runcpf_psse_transpa_no_ultc_no_swshunt,22,65276400,ARCHIVE_CANDIDATE_UNREVIEWED,archive/experiments/auditoria_psse_matpower/results/runcpf_psse_transpa_no_ultc_no_swshunt
auditoria_psse_matpower/results/runcpf_psse_transpa_no_ultc_no_swshunt_diag,12,63673426,ARCHIVE_CANDIDATE_UNREVIEWED,archive/experiments/auditoria_psse_matpower/results/runcpf_psse_transpa_no_ultc_no_swshunt_diag
auditoria_psse_matpower/results/runcpf_psse_transpa_no_ultc_no_swshunt_fixcheck,10,63702125,ARCHIVE_CANDIDATE_UNREVIEWED,archive/experiments/auditoria_psse_matpower/results/runcpf_psse_transpa_no_ultc_no_swshunt_fixcheck
auditoria_psse_matpower/results/runcpf_psse_transpa_no_ultc_no_swshunt_fixcheck2,10,63702125,ARCHIVE_CANDIDATE_UNREVIEWED,archive/experiments/auditoria_psse_matpower/results/runcpf_psse_transpa_no_ultc_no_swshunt_fixcheck2
auditoria_psse_matpower/results/runcpf_psse_transpa_no_ultc_no_swshunt_fixcheck3,10,63708561,ARCHIVE_CANDIDATE_UNREVIEWED,archive/experiments/auditoria_psse_matpower/results/runcpf_psse_transpa_no_ultc_no_swshunt_fixcheck3
auditoria_psse_matpower/results/runcpf_psse_transpa_no_ultc_no_swshunt_fixcheck4,10,73469650,ARCHIVE_CANDIDATE_UNREVIEWED,archive/experiments/auditoria_psse_matpower/results/runcpf_psse_transpa_no_ultc_no_swshunt_fixcheck4
auditoria_psse_matpower/results/runcpf_psse_transpa_no_ultc_no_swshunt_fixcheck_final,22,76096550,ARCHIVE_CANDIDATE_UNREVIEWED,archive/experiments/auditoria_psse_matpower/results/runcpf_psse_transpa_no_ultc_no_swshunt_fixcheck_final
auditoria_psse_matpower/results/runcpf_psse_transpa_no_ultc_no_swshunt_genredispatch_rho040_capability_noplot_fix1,2,20266,ARCHIVE_CANDIDATE_UNREVIEWED,archive/experiments/auditoria_psse_matpower/results/runcpf_psse_transpa_no_ultc_no_swshunt_genredispatch_rho040_capability_noplot_fix1
auditoria_psse_matpower/results/runcpf_psse_transpa_no_ultc_no_swshunt_genredispatch_rho040_capability_plots,23,56767040,ARCHIVE_CANDIDATE_UNREVIEWED,archive/experiments/auditoria_psse_matpower/results/runcpf_psse_transpa_no_ultc_no_swshunt_genredispatch_rho040_capability_plots
auditoria_psse_matpower/results/runcpf_psse_transpa_no_ultc_no_swshunt_genredispatch_rho040_min1mw_capability_fix2_noplot,11,104564726,ARCHIVE_CANDIDATE_UNREVIEWED,archive/experiments/auditoria_psse_matpower/results/runcpf_psse_transpa_no_ultc_no_swshunt_genredispatch_rho040_min1mw_capability_fix2_noplot
auditoria_psse_matpower/results/runcpf_psse_transpa_no_ultc_no_swshunt_genredispatch_rho040_min1mw_capability_fix2_plots,50,110402451,ARCHIVE_CANDIDATE_UNREVIEWED,archive/experiments/auditoria_psse_matpower/results/runcpf_psse_transpa_no_ultc_no_swshunt_genredispatch_rho040_min1mw_capability_fix2_plots
auditoria_psse_matpower/results/runcpf_psse_transpa_no_ultc_no_swshunt_genredispatch_rho040_min1mw_capability_noplot,13,100974805,ARCHIVE_CANDIDATE_UNREVIEWED,archive/experiments/auditoria_psse_matpower/results/runcpf_psse_transpa_no_ultc_no_swshunt_genredispatch_rho040_min1mw_capability_noplot
auditoria_psse_matpower/results/runcpf_psse_transpa_no_ultc_no_swshunt_genredispatch_rho040_min1mw_capability_pqtrace,25,124082076,ARCHIVE_CANDIDATE_UNREVIEWED,archive/experiments/auditoria_psse_matpower/results/runcpf_psse_transpa_no_ultc_no_swshunt_genredispatch_rho040_min1mw_capability_pqtrace
auditoria_psse_matpower/results/runcpf_psse_transpa_no_ultc_no_swshunt_genredispatch_rho040_min1mw_capability_pqtrace_nowindfix,12,109440749,ARCHIVE_CANDIDATE_UNREVIEWED,archive/experiments/auditoria_psse_matpower/results/runcpf_psse_transpa_no_ultc_no_swshunt_genredispatch_rho040_min1mw_capability_pqtrace_nowindfix
auditoria_psse_matpower/results/runcpf_psse_transpa_no_ultc_no_swshunt_pq_split,10,63702125,ARCHIVE_CANDIDATE_UNREVIEWED,archive/experiments/auditoria_psse_matpower/results/runcpf_psse_transpa_no_ultc_no_swshunt_pq_split
auditoria_psse_matpower/results/runcpf_psse_transpa_no_ultc_no_swshunt_pq_split_plots,22,65974561,ARCHIVE_CANDIDATE_UNREVIEWED,archive/experiments/auditoria_psse_matpower/results/runcpf_psse_transpa_no_ultc_no_swshunt_pq_split_plots
auditoria_psse_matpower/results/runcpf_psse_transpa_no_ultc_no_swshunt_pq_split_settled_plots,27,4962241,ARCHIVE_CANDIDATE_UNREVIEWED,archive/experiments/auditoria_psse_matpower/results/runcpf_psse_transpa_no_ultc_no_swshunt_pq_split_settled_plots
auditoria_psse_matpower/results/runcpf_psse_transpa_reduced_plots,20,128631924,ARCHIVE_CANDIDATE_UNREVIEWED,archive/experiments/auditoria_psse_matpower/results/runcpf_psse_transpa_reduced_plots
auditoria_psse_matpower/results/runcpf_psse_transpa_repaired_swshunt_bands,24,69054101,ARCHIVE_CANDIDATE_UNREVIEWED,archive/experiments/auditoria_psse_matpower/results/runcpf_psse_transpa_repaired_swshunt_bands
auditoria_psse_matpower/results/runcpf_psse_transpa_repaired_swshunt_bands_settled_pv,21,8780568,ARCHIVE_CANDIDATE_UNREVIEWED,archive/experiments/auditoria_psse_matpower/results/runcpf_psse_transpa_repaired_swshunt_bands_settled_pv
auditoria_psse_matpower/results/runcpf_psse_transpa_saturated_voltage_controlled_pv,6,2089171,ARCHIVE_CANDIDATE_UNREVIEWED,archive/experiments/auditoria_psse_matpower/results/runcpf_psse_transpa_saturated_voltage_controlled_pv
auditoria_psse_matpower/results/runcpf_psse_transpa_saturated_voltage_controlled_pv_corrected,2,138985673,ARCHIVE_CANDIDATE_UNREVIEWED,archive/experiments/auditoria_psse_matpower/results/runcpf_psse_transpa_saturated_voltage_controlled_pv_corrected
auditoria_psse_matpower/results/runcpf_psse_transpa_selected_controls_no_genq_pqbrak,20,129959192,ARCHIVE_CANDIDATE_UNREVIEWED,archive/experiments/auditoria_psse_matpower/results/runcpf_psse_transpa_selected_controls_no_genq_pqbrak
auditoria_psse_matpower/results/runcpf_psse_transpa_selected_controls_no_genq_pqbrak_settled_pv,21,3494155,ARCHIVE_CANDIDATE_UNREVIEWED,archive/experiments/auditoria_psse_matpower/results/runcpf_psse_transpa_selected_controls_no_genq_pqbrak_settled_pv
auditoria_psse_matpower/results/runpf_psse_large_raw_500kv_20260528,4,177354342,ARCHIVE_CANDIDATE_UNREVIEWED,archive/experiments/auditoria_psse_matpower/results/runpf_psse_large_raw_500kv_20260528
auditoria_psse_matpower/results/sadi_pq_equivalent,7,195078183,ARCHIVE_CANDIDATE_UNREVIEWED,archive/experiments/auditoria_psse_matpower/results/sadi_pq_equivalent
auditoria_psse_matpower/results/sadi_pq_equivalent_actaps1,9,282859009,ARCHIVE_CANDIDATE_UNREVIEWED,archive/experiments/auditoria_psse_matpower/results/sadi_pq_equivalent_actaps1
auditoria_psse_matpower/results/sadi_pq_equivalent_actaps1_raw_snapshot,9,145226509,ARCHIVE_CANDIDATE_UNREVIEWED,archive/experiments/auditoria_psse_matpower/results/sadi_pq_equivalent_actaps1_raw_snapshot
auditoria_psse_matpower/results/sadi_pq_equivalent_actaps1_raw_snapshot_study_locked,9,144379493,ARCHIVE_CANDIDATE_UNREVIEWED,archive/experiments/auditoria_psse_matpower/results/sadi_pq_equivalent_actaps1_raw_snapshot_study_locked
auditoria_psse_matpower/results/sadi_pq_equivalent_raw_snapshot_psse_controls_actaps0,7,146165327,ARCHIVE_CANDIDATE_UNREVIEWED,archive/experiments/auditoria_psse_matpower/results/sadi_pq_equivalent_raw_snapshot_psse_controls_actaps0
auditoria_psse_matpower/results/transpa_cpf_psse_all_disabled_pv_only,33,90926981,ARCHIVE_CANDIDATE_UNREVIEWED,archive/experiments/auditoria_psse_matpower/results/transpa_cpf_psse_all_disabled_pv_only
auditoria_psse_matpower/results/transpa_cpf_psse_tap_shunt_capability_pqtrace_diagnostics_run,38,104032399,ARCHIVE_CANDIDATE_UNREVIEWED,archive/experiments/auditoria_psse_matpower/results/transpa_cpf_psse_tap_shunt_capability_pqtrace_diagnostics_run
auditoria_psse_matpower/results/transpa_reduccion_v1,23,40384274,HOLD_LIVE_MIXED,KEEP until inputs separated
auditoria_psse_matpower/results/transpa_reduccion_v1_auditoria_integral,5,4315,ARCHIVE_CANDIDATE_UNREVIEWED,archive/experiments/auditoria_psse_matpower/results/transpa_reduccion_v1_auditoria_integral
auditoria_psse_matpower/results/ultc_10bus_sign,3,85250,ARCHIVE_CANDIDATE_UNREVIEWED,archive/experiments/auditoria_psse_matpower/results/ultc_10bus_sign
auditoria_psse_matpower/results/v26p_ultc_study_mask_pf,2,139454584,ARCHIVE_CANDIDATE_UNREVIEWED,archive/experiments/auditoria_psse_matpower/results/v26p_ultc_study_mask_pf
